id,parent_id,x,y,z,type,level,dist2soma,path_dist2soma,angle,angle_remote,angle_io1,angle_io1_remote,angle_io2,angle_io2_remote,radius,lcradius,rcradius,length,pathlength,contraction,lclength,lcpathlength,rclength,rcpathlength,width,height,depth,lslength,lspathlength,rslength,rspathlength,lstips,rstips
1,-1,6992.52,3726.85,7926.33,3,1,0,17.858,49.4376,71.9262,153.562,107.721,152.604,158.386,1,1,1,16.7792,17.858,0.93959,596.047,718.818,5.30898,5.33508,13.0298,8.66992,6.0498,17064.9,19748.7,594.431,720.178,161,6
2,-1,6992.52,3726.85,7926.33,3,1,0,85.4785,0,0,0,0,0,0,1,0,0,79.433,85.4785,0.929275,0,0,0,0,6,70.4702,36.1602,0,0,0,0,0,0
3,-1,6992.52,3726.85,7926.33,3,1,0,9.61544,81.8218,65.23,129.92,147.712,142.146,142.167,1,1,1,9.61495,9.61544,0.999949,13.2515,14.4338,2.93393,2.99251,5.77002,7.4502,1.91016,542.818,612.127,210.668,274.003,8,4
4,-1,6992.52,3726.85,7926.33,3,1,0,104.348,0,0,0,0,0,0,1,0,0,88.1737,104.348,0.844996,0,0,0,0,64.77,61.8901,8.66016,0,0,0,0,0,0
5,-1,6992.52,3726.85,7926.33,3,1,0,16.9116,79.5604,76.2049,174.904,154.465,100.007,127.319,1,1,1,14.0556,16.9116,0.831123,4.96281,5.28362,7.36508,7.45436,6.75977,10.6201,6.58984,390.69,453.604,142.263,175.391,6,2
6,-1,6992.52,3726.85,7926.33,3,1,0,19.8774,33.7904,57.128,156.519,155.649,165.336,145.995,1,1,1,19.5928,19.8774,0.98568,5.63196,5.6547,46.4492,52.6441,19.46,2.54004,1.68994,128.877,161.415,46.4492,52.6441,2,1
7,-1,6992.52,3726.85,7926.33,3,1,0,21.65,117.518,117.518,133.783,123.287,107.724,119.195,1,1,1,20.4299,21.65,0.943642,2.86443,2.90141,2.01781,2.02998,2.79004,15,13.8701,263.544,304.872,137.522,161.768,3,2
8,-1,6992.52,3726.85,7926.33,3,1,0,9.86792,51.5914,61.7404,164.166,152.422,143.994,144.621,1,1,1,8.85817,9.86792,0.897673,4.85154,4.88266,66.1558,81.2331,4.02002,3.46997,7.08984,232.044,323.428,66.1558,81.2331,4,1
9,-1,6992.52,3726.85,7926.33,3,1,0,97.202,0,0,0,0,0,0,1,0,0,81.709,97.202,0.84061,0,0,0,0,74.1299,40.6699,11.25,0,0,0,0,0,0
10,-1,6992.52,3726.85,7926.33,3,1,0,20.9573,49.5281,14.1211,171.187,170.378,131.518,157.324,1,1,1,19.5235,20.9573,0.931585,76.9374,92.131,88.6381,96.8571,15.46,12.3301,1.06006,76.9374,92.131,88.6381,96.8571,1,1
11,1,7005.55,3735.52,7932.38,2,2,16.7792,736.676,103.283,85.3343,159.935,134.197,87.5427,56.8452,1,1,1,596.047,718.818,0.829204,4.07579,4.35076,31.3938,34.7918,234.51,327.85,459.42,16229.8,18776.3,274.492,292.679,152,9
12,1,7005.55,3735.52,7932.38,3,2,16.7792,23.1931,70.0633,37.9303,159.641,159.792,128.643,142.261,1,1,1,5.30898,5.33508,0.995107,11.5314,12.0111,89.4644,112.779,3.33008,4.08008,0.669922,511.189,614.075,89.4644,112.779,5,1
13,3,6986.75,3719.4,7924.42,3,2,9.61495,24.0492,111.567,111.567,127.744,116.605,83.3472,88.6343,1,1,0.5,13.2515,14.4338,0.91809,4.8017,4.88488,0.252592,0.252592,3.79004,12.95,1.43018,312.498,349.061,222.123,253.77,5,3
14,3,6986.75,3719.4,7924.42,3,2,9.61495,12.608,76.5549,43.3149,153.135,145.955,129.203,161.785,1,1,1,2.93393,2.99251,0.980422,17.1671,18.6351,94.0707,115.016,2.83008,0.77002,0.189941,130.83,174.63,94.0707,115.016,3,1
15,5,6998.95,3716.23,7932.92,3,2,14.0556,22.1952,79.4286,90.4799,156.366,156.366,109.961,92.8939,1,1,1,4.96281,5.28362,0.939281,5.21553,5.23014,72.9559,97.3411,0.639648,4.60986,1.81006,317.987,356.21,72.9559,97.3411,5,1
16,5,6998.95,3716.23,7932.92,3,2,14.0556,24.3659,89.1068,43.3319,83.7666,128.134,166.824,166.746,1,1,1,7.36508,7.45436,0.988023,62.2825,83.5464,72.6155,84.3906,7.25,1.29004,0.580078,62.2825,83.5464,72.6155,84.3906,1,1
17,6,7011.98,3725.2,7927.9,3,2,19.5928,25.5321,97.7978,73.5416,124.403,149.775,131.057,135.09,1,1,1,5.63196,5.6547,0.995979,50.2828,71.0687,72.9619,84.6917,5.27002,0.619873,1.8999,50.2828,71.0687,72.9619,84.6917,1,1
18,6,7011.98,3725.2,7927.9,3,2,19.5928,72.5215,0,0,0,0,0,0,1,0,0,46.4492,52.6441,0.882324,0,0,0,0,37.3501,8.73999,26.3301,0,0,0,0,0,0
19,7,6992.5,3741.85,7940.2,3,2,20.4299,23.68,45.5609,25.0883,171.602,137.863,132.567,157.615,1,1,1,2.01781,2.02998,0.994009,81.9359,93.1916,53.5683,66.5464,1.72998,0.949951,0.430176,81.9359,93.1916,53.5683,66.5464,1,1
20,7,6992.5,3741.85,7940.2,3,2,20.4299,24.5515,43.8299,52.3122,162.327,162.327,150.905,142.565,1,1,1,2.86443,2.90141,0.987254,2.67379,2.68759,126.213,153.471,2.3501,0.849854,1.3999,137.14,151.187,126.213,153.471,2,1
21,8,6988.5,3730.32,7933.42,3,2,8.85817,14.7506,89.435,101.58,110.957,116.241,126.606,111.76,1,1,1,4.85154,4.88266,0.993627,10.2164,10.4831,84.6794,123.858,3.9502,1.12988,2.58008,152.729,205.171,84.6794,123.858,3,1
22,8,6988.5,3730.32,7933.42,3,2,8.85817,91.101,0,0,0,0,0,0,1,0,0,66.1558,81.2331,0.814395,0,0,0,0,15.7603,19.9099,63.3301,0,0,0,0,0,0
23,10,7007.62,3714.52,7925.27,3,2,19.5235,113.088,0,0,0,0,0,0,1,0,0,76.9374,92.131,0.835087,0,0,0,0,57.3301,50.6201,16.8696,0,0,0,0,0,0
24,10,7007.62,3714.52,7925.27,3,2,19.5235,117.814,0,0,0,0,0,0,1,0,0,88.6381,96.8571,0.915143,0,0,0,0,67.6797,49.1401,29.3501,0,0,0,0,0,0
25,11,6809.48,4060.73,8391.8,2,3,601.366,771.467,53.7236,29.477,141.099,146.916,149.854,170.414,1,1,1,31.3938,34.7918,0.902333,54.8361,73.9295,133.408,141.948,18.2803,23.23,12.9502,123.173,146.049,308.17,327.717,5,4
26,11,6809.48,4060.73,8391.8,2,3,601.366,741.026,80.2551,56.1146,160.185,118.689,107.631,103.047,1,1,1,4.07579,4.35076,0.936799,2105.53,2987.03,106.551,119.363,2.08008,0.860107,3.40039,18172.5,21592.8,265.288,285.495,148,4
27,12,7008.88,3739.6,7933.05,3,3,21.8028,35.2042,97.5442,99.3403,142.337,150.591,117.788,109.803,1,1,1,11.5314,12.0111,0.960063,1.02124,1.02241,5.64456,6.09011,7.37012,7.21997,5.15039,358.221,435.825,148.103,173.351,3,2
28,12,7008.88,3739.6,7933.05,3,3,21.8028,135.973,0,0,0,0,0,0,1,0,0,89.4644,112.779,0.793268,0,0,0,0,87,32.73,16.3701,0,0,0,0,0,0
29,13,6984.33,3706.45,7925.85,3,3,21.988,28.9341,25.0655,18.6546,160.769,154.889,169.781,171.842,1,1,1,4.8017,4.88488,0.982971,9.38562,9.50844,87.1445,100.948,4.37988,1.52002,1.25,229.937,252.736,87.1445,100.948,4,1
30,13,6984.33,3706.45,7925.85,3,3,21.988,24.3018,81.9751,82.8739,172.823,172.823,94.7566,91.9158,0.5,0.5,1,0.252592,0.252592,1,0.251768,0.251768,110.647,124.486,0.0200195,0.0300293,0.25,111.476,129.283,110.647,124.486,2,1
31,14,6983.92,3718.65,7924.23,3,3,12.0671,31.243,51.2577,50.6357,153.702,155.166,137.911,132.198,1,1,1,17.1671,18.6351,0.921223,5.13615,5.35227,24.742,28.6742,14.5698,3.45996,8.7002,94.0572,132.673,24.742,28.6742,2,1
32,14,6983.92,3718.65,7924.23,3,3,12.0671,127.624,0,0,0,0,0,0,1,0,0,94.0707,115.016,0.817892,0,0,0,0,78.4399,50.2998,16.04,0,0,0,0,0,0
33,15,6999.27,3711.62,7934.73,3,3,18.6567,27.4253,36.1139,38.6672,156.299,153.563,166.347,166.347,1,1,1,5.21553,5.23014,0.997207,18.3959,18.6681,1.41092,1.41096,2.22998,4.62012,0.939941,259.577,283.392,73.0008,87.6669,3,2
34,15,6999.27,3711.62,7934.73,3,3,18.6567,119.536,0,0,0,0,0,0,1,0,0,72.9559,97.3411,0.749487,0,0,0,0,27.1099,34.1602,66.3901,0,0,0,0,0,0
35,16,7006.2,3715.07,7933.5,3,3,19.4248,107.912,0,0,0,0,0,0,1,0,0,62.2825,83.5464,0.745485,0,0,0,0,40.5703,21.9399,44.9199,0,0,0,0,0,0
36,16,7006.2,3715.07,7933.5,3,3,19.4248,108.757,0,0,0,0,0,0,1,0,0,72.6155,84.3906,0.86047,0,0,0,0,68.0996,28.3,5.47021,0,0,0,0,0,0
37,17,7017.25,3724.62,7926,3,3,24.8325,96.6008,0,0,0,0,0,0,1,0,0,50.2828,71.0687,0.707525,0,0,0,0,38.98,34.5801,12.52,0,0,0,0,0,0
38,17,7017.25,3724.62,7926,3,3,24.8325,110.224,0,0,0,0,0,0,1,0,0,72.9619,84.6917,0.8615,0,0,0,0,58.2998,43.71,10.6401,0,0,0,0,0,0
39,19,6990.77,3742.8,7940.62,3,3,21.4865,116.872,0,0,0,0,0,0,1,0,0,81.9359,93.1916,0.87922,0,0,0,0,24.6602,70.77,33.73,0,0,0,0,0,0
40,19,6990.77,3742.8,7940.62,3,3,21.4865,90.2264,0,0,0,0,0,0,1,0,0,53.5683,66.5464,0.804978,0,0,0,0,33.6499,32.74,27.9199,0,0,0,0,0,0
41,20,6994.85,3742.7,7941.6,3,3,22.1319,27.239,48.8925,37.1148,104.556,108.282,146.139,127.941,1,1,1,2.67379,2.68759,0.994865,58.186,63.5367,76.2803,84.9626,2.19971,0.0400391,1.52002,58.186,63.5367,76.2803,84.9626,1,1
42,20,6994.85,3742.7,7941.6,3,3,22.1319,178.022,0,0,0,0,0,0,1,0,0,126.213,153.471,0.822391,0,0,0,0,47.77,96.0601,66.77,0,0,0,0,0,0
43,21,6984.55,3731.45,7936,3,3,13.3488,25.2337,42.6309,6.84302,172.006,167.82,135.444,169.456,1,1,1,10.2164,10.4831,0.974563,3.11553,3.23932,72.902,88.8416,7.71973,6.67993,0.669922,72.7262,109.085,72.902,88.8416,2,1
44,21,6984.55,3731.45,7936,3,3,13.3488,138.608,0,0,0,0,0,0,1,0,0,84.6794,123.858,0.683682,0,0,0,0,41.8496,70.5801,44.1201,0,0,0,0,0,0
45,25,6792.8,4037.5,8378.85,2,4,584.094,913.416,44.351,50.8468,165.618,177.861,149.135,130.747,1,1,1,133.408,141.948,0.939837,5.08232,5.46473,22.7871,25.0784,64.7798,110.55,37.1494,157.057,166.155,22.7871,25.0784,3,1
46,25,6792.8,4037.5,8378.85,2,4,584.094,845.397,62.7512,62.8961,133.865,147.155,161.303,124.529,1,1,1,54.8361,73.9295,0.741735,5.52686,5.73507,16.6754,17.6047,16.5898,50.8999,23.8994,57.1887,60.2496,16.6754,17.6047,4,1
47,26,6807.4,4059.88,8395.2,2,4,604.167,3728.05,111.057,43.3415,141.408,96.0954,74.5914,138.549,1,1,1,2105.53,2987.03,0.70489,769.007,881.495,148.945,163.718,419.72,1855.83,1117.65,16372.3,18955.3,612.693,695.742,142,6
48,26,6807.4,4059.88,8395.2,2,4,604.167,860.39,75.8552,19.6534,151.463,152.809,131.125,158.977,1,1,1,106.551,119.363,0.892658,55.0364,56.5625,47.6074,51.4575,50.3198,91.4299,28.4502,166.166,171.237,47.6074,51.4575,3,1
49,27,7016.25,3746.82,7938.2,3,4,33.2086,36.2266,61.9893,36.6906,170.908,167.25,121.08,138.569,1,1,1,1.02124,1.02241,0.998852,10.3639,10.5204,92.5187,116.193,0.299805,0.530029,0.819824,275.045,329.13,92.5187,116.193,2,1
50,27,7016.25,3746.82,7938.2,3,4,33.2086,41.2943,69.2338,64.1706,102.278,121.131,149.954,163.242,1,1,1,5.64456,6.09011,0.926842,80.5374,88.5134,61.9209,78.7479,3.62988,2.05981,3.80029,80.5374,88.5134,61.9209,78.7479,1,1
51,29,6979.95,3704.93,7924.6,3,4,25.3276,38.4426,83.8052,21.1994,144.607,146.509,125.923,153.109,1,1,1,9.38562,9.50844,0.987083,1.97255,1.97255,78.1219,89.8655,6.75,6.40991,1.2002,144.402,155.335,78.1219,89.8655,3,1
52,29,6979.95,3704.93,7924.6,3,4,25.3276,129.883,0,0,0,0,0,0,1,0,0,87.1445,100.948,0.863257,0,0,0,0,73.9302,38.21,27.3799,0,0,0,0,0,0
53,30,6984.35,3706.48,7926.1,3,4,21.9486,24.5536,51.3686,45.1154,133.784,133.484,86.7383,93.6807,0.5,1,1,0.251768,0.251768,1,37.065,43.8821,74.1589,85.1488,0.0297852,0,0.25,37.065,43.8821,74.1589,85.1488,1,1
54,30,6984.35,3706.48,7926.1,3,4,21.9486,148.788,0,0,0,0,0,0,1,0,0,110.647,124.486,0.888825,0,0,0,0,45.8003,98.8599,19.29,0,0,0,0,0,0
55,31,6969.35,3715.8,7932.85,3,4,26.4851,36.5953,122.516,61.3839,113.371,137.606,121.617,147.648,1,1,1,5.13615,5.35227,0.959621,63.6159,94.029,25.3052,33.2914,4.2002,1.45996,2.62988,63.6159,94.029,25.3052,33.2914,1,1
56,31,6969.35,3715.8,7932.85,3,4,26.4851,59.9173,0,0,0,0,0,0,1,0,0,24.742,28.6742,0.862864,0,0,0,0,5.08984,6.5,24.1499,0,0,0,0,0,0
57,33,7001.5,3707,7935.67,3,4,23.7044,28.8363,68.0403,39.2506,137.691,162.975,134.124,133.387,1,1,1,1.41092,1.41096,0.999977,30.8357,39.0667,40.7542,47.1892,0.649902,1.12012,0.560059,30.8357,39.0667,40.7542,47.1892,1,1
58,33,7001.5,3707,7935.67,3,4,23.7044,46.0934,56.5201,37.6653,165.469,163.923,133.047,147.017,1,1,1,18.3959,18.6681,0.985421,10.4765,11.1209,71.3124,74.8777,1.97021,18.1499,2.54004,180.345,200.967,71.3124,74.8777,2,1
59,41,6997.05,3742.7,7943.12,3,4,23.5296,90.7757,0,0,0,0,0,0,1,0,0,58.186,63.5367,0.915786,0,0,0,0,9.29004,40,41.73,0,0,0,0,0,0
60,41,6997.05,3742.7,7943.12,3,4,23.5296,112.202,0,0,0,0,0,0,1,0,0,76.2803,84.9626,0.89781,0,0,0,0,36.27,59.6501,33.4097,0,0,0,0,0,0
61,43,6976.83,3724.77,7935.6,3,4,18.3421,28.473,43.3145,83.7044,122.811,158.375,110.948,100.859,1,1,1,3.11553,3.23932,0.961788,51.3715,85.8653,18.2392,19.9808,2.58008,1.69995,0.449707,51.3715,85.8653,18.2392,19.9808,1,1
62,43,6976.83,3724.77,7935.6,3,4,18.3421,114.075,0,0,0,0,0,0,1,0,0,72.902,88.8416,0.820584,0,0,0,0,55.0801,46.5901,20.2998,0,0,0,0,0,0
63,45,6728.02,3926.95,8341.7,2,5,531.538,918.881,62.4561,47.9728,161.314,168.929,135.293,141.654,1,1,1,5.08232,5.46473,0.930022,39.5946,40.1189,12.7144,14.3439,2.62012,4.1499,1.32031,178.854,186.465,12.7144,14.3439,2,1
64,45,6728.02,3926.95,8341.7,2,5,531.538,938.494,0,0,0,0,0,0,1,0,0,22.7871,25.0784,0.908635,0,0,0,0,6.8999,21.7,1.5498,0,0,0,0,0,0
65,46,6793.05,3986.6,8358.45,2,5,542.205,863.002,0,0,0,0,0,0,1,0,0,16.6754,17.6047,0.947209,0,0,0,0,13.5298,9.62012,2.15039,0,0,0,0,0,0
66,46,6793.05,3986.6,8358.45,2,5,542.205,851.132,93.5573,29.7066,159.689,146.193,102.545,118.155,1,1,1,5.52686,5.73507,0.963694,55.0249,62.9103,26.0044,27.7051,0.790039,5.40015,1.04004,80.6823,89.7196,26.0044,27.7051,3,1
67,47,7177.65,2234.35,9376.83,2,5,2089.44,3891.77,30.5314,83.1118,160.732,142.792,139.529,133.444,1,1,1,148.945,163.718,0.909763,41.9702,51.1489,14.0424,16.4717,58.6797,137.57,10.3096,491.676,566.701,14.0424,16.4717,5,1
68,47,7177.65,2234.35,9376.83,2,5,2089.44,4609.55,20.2514,53.7985,168.946,138.307,156.088,115.188,1,1,1,769.007,881.495,0.87239,241.225,308.236,70.5566,76.5122,489.01,420.62,444.11,11983.1,13946.8,3931.96,4511.73,103,39
69,48,6758.27,3968.45,8371.12,2,5,557.747,911.847,0,0,0,0,0,0,1,0,0,47.6074,51.4575,0.925178,0,0,0,0,35.8003,29.8499,12.8105,0,0,0,0,0,0
70,48,6758.27,3968.45,8371.12,2,5,557.747,916.952,49.5755,48.3078,169.705,168.716,129.811,125.029,1,1,1,55.0364,56.5625,0.973019,7.43852,8.28037,3.40307,4.14468,34.5,30.5999,30.04,115.165,118.81,3.40307,4.14468,2,1
71,49,7016.55,3747.35,7939.02,3,5,34.0399,152.419,0,0,0,0,0,0,1,0,0,92.5187,116.193,0.796254,0,0,0,0,73.7803,53.27,36,0,0,0,0,0,0
72,49,7016.55,3747.35,7939.02,3,5,34.0399,46.747,106.323,54.6048,130.852,156.69,120.983,141.848,1,1,1,10.3639,10.5204,0.985127,114.868,127.022,149.813,191.588,3.15039,7.12988,6.83008,114.868,127.022,149.813,191.588,1,1
73,50,7019.88,3748.88,7934.4,3,5,36.0416,129.808,0,0,0,0,0,0,1,0,0,80.5374,88.5134,0.909889,0,0,0,0,67.8203,36.8901,22.9302,0,0,0,0,0,0
74,50,7019.88,3748.88,7934.4,3,5,36.0416,120.042,0,0,0,0,0,0,1,0,0,61.9209,78.7479,0.786318,0,0,0,0,43.9199,15.8701,43.3501,0,0,0,0,0,0
75,51,6973.2,3698.52,7923.4,3,5,34.4156,128.308,0,0,0,0,0,0,1,0,0,78.1219,89.8655,0.86932,0,0,0,0,26.3003,70.22,30.0298,0,0,0,0,0,0
76,51,6973.2,3698.52,7923.4,3,5,34.4156,40.4151,38.7521,41.9059,142.026,151.363,177.366,160.671,1,1,1,1.97255,1.97255,0.999996,29.4738,31.8401,76.1161,82.2828,0.75,1.3999,1.16992,95.7876,102.92,76.1161,82.2828,2,1
77,53,6984.38,3706.48,7926.35,3,5,21.9364,68.4357,0,0,0,0,0,0,1,0,0,37.065,43.8821,0.84465,0,0,0,0,14.29,22.5,27.0698,0,0,0,0,0,0
78,53,6984.38,3706.48,7926.35,3,5,21.9364,109.702,0,0,0,0,0,0,1,0,0,74.1589,85.1488,0.870934,0,0,0,0,13.1504,73.05,8.91016,0,0,0,0,0,0
79,55,6965.15,3717.15,7935.48,3,5,30.4457,130.624,0,0,0,0,0,0,1,0,0,63.6159,94.029,0.676556,0,0,0,0,62.6699,22.1399,14.73,0,0,0,0,0,0
80,55,6965.15,3717.15,7935.48,3,5,30.4457,69.8867,0,0,0,0,0,0,1,0,0,25.3052,33.2914,0.760111,0,0,0,0,13.5601,7.09009,21.6201,0,0,0,0,0,0
81,57,7002.15,3705.88,7936.23,3,5,25.1096,67.903,0,0,0,0,0,0,1,0,0,30.8357,39.0667,0.789308,0,0,0,0,13.3599,20,19.9702,0,0,0,0,0,0
82,57,7002.15,3705.88,7936.23,3,5,25.1096,76.0255,0,0,0,0,0,0,1,0,0,40.7542,47.1892,0.863634,0,0,0,0,32.27,7.5498,24.52,0,0,0,0,0,0
83,58,7003.4,3688.85,7933.35,3,5,40.1454,120.971,0,0,0,0,0,0,1,0,0,71.3124,74.8777,0.952385,0,0,0,0,32.4199,62.8501,9.31006,0,0,0,0,0,0
84,58,7003.4,3688.85,7933.35,3,5,40.1454,57.2144,111.952,92.8442,144.272,152.889,92.4414,102.741,1,1,1,10.4765,11.1209,0.94205,116.533,131.547,53.3361,58.2995,1.70996,9.53003,4.18018,116.533,131.547,53.3361,58.2995,1,1
85,61,6974.25,3723.07,7936,3,5,21.014,114.338,0,0,0,0,0,0,1,0,0,51.3715,85.8653,0.59828,0,0,0,0,35.1299,41.24,29.2202,0,0,0,0,0,0
86,61,6974.25,3723.07,7936,3,5,21.014,48.4538,0,0,0,0,0,0,1,0,0,18.2392,19.9808,0.912838,0,0,0,0,12.5801,13.1299,3.31006,0,0,0,0,0,0
87,63,6725.4,3922.8,8340.38,2,6,530.27,959,36.436,16.4673,170.073,176.644,153.041,166.88,1,1,1,39.5946,40.1189,0.986932,103.595,109.347,35.6649,36.9992,21.73,28.53,16.7803,103.595,109.347,35.6649,36.9992,1,1
88,63,6725.4,3922.8,8340.38,2,6,530.27,933.225,0,0,0,0,0,0,1,0,0,12.7144,14.3439,0.886399,0,0,0,0,1.79004,12.6201,2.21973,0,0,0,0,0,0
89,66,6793.67,3981.2,8359.45,2,6,540.211,878.837,0,0,0,0,0,0,1,0,0,26.0044,27.7051,0.938614,0,0,0,0,18.3398,16.27,8.66992,0,0,0,0,0,0
90,66,6793.67,3981.2,8359.45,2,6,540.211,914.042,87.2641,84.0714,171.859,154.762,92.4947,88.7596,1,1,1,55.0249,62.9103,0.874657,10.4459,10.5317,4.82876,5.08334,22.0298,50.97,13.4697,31.2745,32.2577,4.82876,5.08334,2,1
91,67,7120.7,2096.82,9382,2,6,2189.16,3942.92,55.6694,49.9891,127.948,170.957,102.564,129.628,1,1,1,41.9702,51.1489,0.820549,45.8929,50.2458,14.3117,22.7246,8.12012,35.97,21.5801,481.287,543.074,14.3117,22.7246,4,1
92,67,7120.7,2096.82,9382,2,6,2189.16,3908.24,0,0,0,0,0,0,1,0,0,14.0424,16.4717,0.852518,0,0,0,0,7.55029,7.76001,9.01953,0,0,0,0,0,0
93,68,6690.1,1814.7,8955.45,2,6,2192.46,4917.79,51.1502,52.0688,137.026,122.521,171.745,159.969,1,1,1,241.225,308.236,0.782597,43.162,47.0012,146.033,166.942,67.0601,231.58,51.8701,7860.39,9067.45,4070.65,4785.07,76,27
94,68,6690.1,1814.7,8955.45,2,6,2192.46,4686.06,42.8012,40.1046,160.252,169.359,121.163,131.179,1,1,1,70.5566,76.5122,0.922161,52.3845,55.7741,51.2319,56.8578,31.1401,46.7,43.3506,2703.97,3111.38,1261.05,1436.47,27,12
95,70,6723.77,3937.85,8341.08,2,6,537.369,925.233,11.804,8.50801,167.307,176.61,165.754,169.53,1,1,1,7.43852,8.28037,0.898332,30.5749,31.5898,77.1516,78.9399,3.75,5.22998,3.73047,30.5749,31.5898,77.1516,78.9399,1,1
96,70,6723.77,3937.85,8341.08,2,6,537.369,921.097,0,0,0,0,0,0,1,0,0,3.40307,4.14468,0.821069,0,0,0,0,1.91992,2.9502,1,0,0,0,0,0,0
97,72,7019.7,3754.48,7945.85,3,6,43.3959,173.768,0,0,0,0,0,0,1,0,0,114.868,127.022,0.904318,0,0,0,0,13.3599,94.77,64.5,0,0,0,0,0,0
98,72,7019.7,3754.48,7945.85,3,6,43.3959,238.335,0,0,0,0,0,0,1,0,0,149.813,191.588,0.781953,0,0,0,0,114.13,100.37,38.5098,0,0,0,0,0,0
99,76,6972.45,3697.12,7922.23,3,6,36.1037,122.698,0,0,0,0,0,0,1,0,0,76.1161,82.2828,0.925055,0,0,0,0,14.6104,67.0701,34.6802,0,0,0,0,0,0
100,76,6972.45,3697.12,7922.23,3,6,36.1037,72.2552,60.7896,61.6446,141.696,150.023,134.476,146.577,1,1,1,29.4738,31.8401,0.925681,21.9985,24.5496,44.3152,46.5298,22.3003,17.1401,8.81006,21.9985,24.5496,44.3152,46.5298,1,1
101,84,7004.8,3679.32,7929.23,3,6,49.1763,188.761,0,0,0,0,0,0,1,0,0,116.533,131.547,0.885867,0,0,0,0,23.71,114.14,13.3003,0,0,0,0,0,0
102,84,7004.8,3679.32,7929.23,3,6,49.1763,115.514,0,0,0,0,0,0,1,0,0,53.3361,58.2995,0.914864,0,0,0,0,52.3701,10.3999,6.25,0,0,0,0,0,0
103,87,6703.67,3894.27,8323.6,2,7,518.929,1068.35,0,0,0,0,0,0,1,0,0,103.595,109.347,0.947397,0,0,0,0,58.29,70.72,48.2998,0,0,0,0,0,0
104,87,6703.67,3894.27,8323.6,2,7,518.929,995.999,0,0,0,0,0,0,1,0,0,35.6649,36.9992,0.963939,0,0,0,0,16.52,30.27,9.32031,0,0,0,0,0,0
105,90,6776.85,3930.23,8347.33,2,7,514.896,919.126,0,0,0,0,0,0,1,0,0,4.82876,5.08334,0.949919,0,0,0,0,2.25,0.699951,4.26953,0,0,0,0,0,0
106,90,6776.85,3930.23,8347.33,2,7,514.896,924.574,121.409,113.237,165.1,174.876,69.758,66.5184,1,1,1,10.4459,10.5317,0.991849,17.2956,18.0192,3.53296,3.70681,7.02002,7.22998,2.75,17.2956,18.0192,3.53296,3.70681,1,1
107,91,7122.1,2060.85,9403.58,2,7,2230.38,3993.17,79.2122,30.6303,120.441,149.241,129.534,176.846,1,1,1,45.8929,50.2458,0.913367,10.5526,12.6781,72.0338,88.9304,4.66016,42.5001,17.3203,373.913,416.576,72.0338,88.9304,3,1
108,91,7122.1,2060.85,9403.58,2,7,2230.38,3965.65,0,0,0,0,0,0,1,0,0,14.3117,22.7246,0.629787,0,0,0,0,14.4297,7.61011,4.65039,0,0,0,0,0,0
109,93,6627.77,1583.12,8929.47,2,7,2394.77,5084.73,81.1976,65.0597,127.249,120.812,145.556,174.124,1,1,1,146.033,166.942,0.874754,19.7929,20.4658,43.6204,50.5665,15.5,145,29.5996,1925.56,2247.67,2062.47,2441.48,14,13
110,93,6627.77,1583.12,8929.47,2,7,2394.77,4964.79,79.2209,41.2875,128.867,134.651,130.235,115.836,1,1,1,43.162,47.0012,0.918318,115.703,124.728,159.524,179.029,17.9399,22.98,31.9307,4184.48,4846.9,3907.97,4477.31,42,34
111,94,6720.4,1768,8912.1,2,7,2209.72,4741.84,62.2733,69.0318,165.681,149.195,131.976,139.489,1,1,1,52.3845,55.7741,0.939227,54.7117,59.6364,53.2309,59.5269,16.8003,30.7,38.9795,2653.07,3055.72,53.2309,59.5269,26,1
112,94,6720.4,1768,8912.1,2,7,2209.72,4742.92,58.4632,42.8931,161.433,169.145,126.991,128.657,1,1,1,51.2319,56.8578,0.901054,3.42972,3.72414,15.5297,17.5605,18.23,24.5,41.6797,950.824,1089.64,277.953,311.252,10,2
113,95,6720.02,3932.62,8337.35,2,7,534.354,956.822,0,0,0,0,0,0,1,0,0,30.5749,31.5898,0.967873,0,0,0,0,16.8999,21,14.4297,0,0,0,0,0,0
114,95,6720.02,3932.62,8337.35,2,7,534.354,1004.17,0,0,0,0,0,0,1,0,0,77.1516,78.9399,0.977346,0,0,0,0,48.4702,44.1201,40.6992,0,0,0,0,0,0
115,100,6950.15,3679.98,7913.42,3,7,64.488,96.8048,0,0,0,0,0,0,1,0,0,21.9985,24.5496,0.896084,0,0,0,0,18.5698,10.9099,6.79004,0,0,0,0,0,0
116,100,6950.15,3679.98,7913.42,3,7,64.488,118.785,0,0,0,0,0,0,1,0,0,44.3152,46.5298,0.952406,0,0,0,0,25.3198,13.25,33.8701,0,0,0,0,0,0
117,106,6769.83,3923,8344.58,2,8,512.834,942.593,0,0,0,0,0,0,1,0,0,17.2956,18.0192,0.959845,0,0,0,0,12.48,10.8201,5.12988,0,0,0,0,0,0
118,106,6769.83,3923,8344.58,2,8,512.834,928.281,0,0,0,0,0,0,1,0,0,3.53296,3.70681,0.953101,0,0,0,0,0.810059,1.37988,3.2002,0,0,0,0,0,0
119,107,7124.5,2018.35,9420.73,2,8,2273.68,4005.85,50.3212,40.7797,140.164,132.783,137.058,163.303,1,1,1,10.5526,12.6781,0.832347,17.2318,18.0771,141.746,161.717,4.2002,9.63,1.01953,238.846,260.258,141.746,161.717,2,1
120,107,7124.5,2018.35,9420.73,2,8,2273.68,4082.1,0,0,0,0,0,0,1,0,0,72.0338,88.9304,0.810002,0,0,0,0,10.3101,66,29.9395,0,0,0,0,0,0
121,109,6628.3,1438.12,8946.8,2,8,2532.25,5105.19,54.6465,20.0343,166.047,154.178,114.929,134.995,1,1,1,19.7929,20.4658,0.967121,1.28518,1.28523,14.1882,17.2412,16.9199,10.27,1.58008,1489.1,1755.65,432.135,490.082,12,2
122,109,6628.3,1438.12,8946.8,2,8,2532.25,5135.29,107.237,95.0504,105.57,146.747,144.014,118.186,1,1,1,43.6204,50.5665,0.862634,36.1403,45.3965,31.1229,34.9669,6.5498,43.05,9.46094,1624.02,1948.52,462.095,522.766,10,3
123,110,6610,1560.15,8961.4,2,8,2431.52,5143.82,92.1283,101.732,131.616,163.174,127.719,82.2715,1,1,1,159.524,179.029,0.89105,24.9246,27.0988,24.5593,28.7014,88.21,125.91,48.7803,2821.9,3245.19,976.039,1108.88,20,14
124,110,6610,1560.15,8961.4,2,8,2431.52,5089.51,43.6643,50.0545,106.18,135.779,128.723,151.454,1,1,1,115.703,124.728,0.927642,4.65342,5.51839,24.284,27.2458,14.1299,112.87,24.9395,3535.84,4104.28,561.87,650.652,35,7
125,111,6737.2,1737.3,8873.12,2,8,2218.09,4801.47,28.6274,45.9957,132.726,157.503,125.961,136.969,1,1,1,54.7117,59.6364,0.917421,58.1983,62.7891,4.42397,5.20677,11.77,42.7301,33.1201,2381.86,2748.71,279.116,315.372,21,5
126,111,6737.2,1737.3,8873.12,2,8,2218.09,4801.36,0,0,0,0,0,0,1,0,0,53.2309,59.5269,0.894233,0,0,0,0,31.6299,5.43005,42.7402,0,0,0,0,0,0
127,112,6702.27,1743.5,8870.92,2,8,2215.89,4760.48,53.0643,42.4808,162.95,163.641,132.975,150.885,1,1,1,15.5297,17.5605,0.884358,67.3004,80.3441,195.123,213.347,5.49023,14.78,1.87012,67.3004,80.3441,195.123,213.347,1,1
128,112,6702.27,1743.5,8870.92,2,8,2215.89,4746.64,16.5347,21.648,142.245,151.789,157.708,152.574,1,1,1,3.42972,3.72414,0.920944,29.5766,32.365,189.875,207.821,0.910156,2.15002,2.51953,787.096,910.463,189.875,207.821,9,1
129,119,7120.3,2008.72,9421.72,2,9,2281.33,4023.92,90.3778,102.318,139.828,99.6319,124.106,155.969,1,1,1,17.2318,18.0771,0.953241,22.1932,24.728,199.421,217.453,9.17969,9.91992,10.6895,22.1932,24.728,199.421,217.453,1,1
130,119,7120.3,2008.72,9421.72,2,9,2281.33,4167.56,0,0,0,0,0,0,1,0,0,141.746,161.717,0.876506,0,0,0,0,34.0898,137.12,32.8496,0,0,0,0,0,0
131,121,6611.38,1427.85,8946.82,2,9,2544.03,5106.48,46.2647,21.6871,154.827,144.228,151.3,151.3,1,1,1,1.28518,1.28523,0.999957,63.1429,73.7679,1.16504,1.16523,1.10986,0.400024,0.509766,1195.18,1376.45,356.944,452.85,8,4
132,121,6611.38,1427.85,8946.82,2,9,2544.03,5122.43,62.7027,15.9118,133.614,149.059,139.68,152.185,1,1,1,14.1882,17.2412,0.822925,158.414,179.884,259.533,292.956,10.7397,3.06995,9.72949,158.414,179.884,259.533,292.956,1,1
133,122,6632.92,1395.07,8952.1,2,9,2572.69,5180.69,97.2946,142.001,141.323,106.904,112.919,109.428,1,1,1,36.1403,45.3965,0.796103,82.4503,89.3668,232.347,252.02,7.83008,28.62,21.5303,1437.98,1740.47,232.347,252.02,9,1
134,122,6632.92,1395.07,8952.1,2,9,2572.69,5170.26,34.464,49.4257,167.313,169.051,157.335,120.297,1,1,1,31.1229,34.9669,0.890066,4.53464,5.91278,397.12,452.442,14.1797,16.3199,23.0195,38.3862,41.2699,397.12,452.442,2,1
135,123,6522.95,1434.28,8916.38,2,9,2540.98,5170.91,81.5823,66.5787,141.766,156.103,135.083,129.394,1,1,1,24.9246,27.0988,0.919766,60.8804,68.018,34.0989,36.4485,7.8501,20.9301,11.1299,1862.41,2124.13,1029.54,1198.43,14,6
136,123,6522.95,1434.28,8916.38,2,9,2540.98,5172.52,86.675,53.599,166.406,178.446,94.8834,127.576,1,1,1,24.5593,28.7014,0.855685,35.1524,40.1319,54.4483,58.2768,7.08008,8.31006,22.2002,843.815,959.31,197.266,219.28,11,3
137,124,6601.48,1447.28,8985.38,2,9,2543.8,5095.03,43.9412,78.1455,134.669,141.797,129.352,123.563,1,1,1,4.65342,5.51839,0.843257,20.3244,20.8665,20.3946,24.2705,3.45996,3.09998,0.270508,2460.39,2883.06,1111.52,1260.84,25,10
138,124,6601.48,1447.28,8985.38,2,9,2543.8,5116.76,107.759,109.884,147.373,168.259,45.2775,69.6595,1,1,1,24.284,27.2458,0.891296,9.11474,11.6736,22.7169,29.4057,2.43994,23.28,6.87988,523.984,605.675,22.7169,29.4057,6,1
139,125,6728.8,1694.57,8840,2,9,2243.77,4864.26,68.8739,57.1244,174.908,161.39,106.608,138.217,1,1,1,58.1983,62.7891,0.926885,330.528,398.947,206.706,219.033,23.0298,50.36,18.0996,2447.48,2865.83,206.706,219.033,20,1
140,125,6728.8,1694.57,8840,2,9,2243.77,4806.68,55.7396,51.8036,135.987,158.307,95.6487,113.591,1,1,1,4.42397,5.20677,0.849656,86.8369,93.6946,23.4147,25.2395,2.84961,1.09998,3.2002,246.192,263.518,138.752,165.582,3,2
141,127,6697.67,1728.72,8869.67,2,9,2229.2,4840.82,0,0,0,0,0,0,1,0,0,67.3004,80.3441,0.837652,0,0,0,0,38.75,55.74,11.9004,0,0,0,0,0,0
142,127,6697.67,1728.72,8869.67,2,9,2229.2,4973.83,0,0,0,0,0,0,1,0,0,195.123,213.347,0.914581,0,0,0,0,41.3003,185.74,51.25,0,0,0,0,0,0
143,128,6701.38,1741.35,8868.4,2,9,2216.86,4954.46,0,0,0,0,0,0,1,0,0,189.875,207.821,0.913646,0,0,0,0,99.6299,147.78,72.0205,0,0,0,0,0,0
144,128,6701.38,1741.35,8868.4,2,9,2216.86,4779.01,86.7475,94.2144,102.355,124.146,116.312,141.128,1,1,1,29.5766,32.365,0.913845,49.5011,60.542,4.25022,4.37919,6.72998,27.2,10.5508,421.34,489.74,389.93,453.279,5,4
145,129,7111.12,1998.8,9411.03,2,10,2281.35,4048.65,0,0,0,0,0,0,1,0,0,22.1932,24.728,0.897492,0,0,0,0,12.9502,15.49,9.23047,0,0,0,0,0,0
146,129,7111.12,1998.8,9411.03,2,10,2281.35,4241.37,0,0,0,0,0,0,1,0,0,199.421,217.453,0.917079,0,0,0,0,85.8901,169.23,65.6299,0,0,0,0,0,0
147,131,6610.27,1427.45,8947.33,2,10,2544.76,5180.25,90.025,20.1146,151.498,144.741,118.464,133.864,1,1,1,63.1429,73.7679,0.855967,95.7806,100.257,269.948,338.561,57,27.05,14.8398,957.871,1064.38,269.948,338.561,7,1
148,131,6610.27,1427.45,8947.33,2,10,2544.76,5107.64,109.944,59.1387,147.879,152.835,96.5582,139.669,1,1,1,1.16504,1.16523,0.999843,12.0286,12.2596,245.8,321.449,0.890137,0.75,0.0498047,122.007,142.495,245.8,321.449,3,1
149,132,6601.52,1424.78,8956.55,2,10,2552.21,5302.32,0,0,0,0,0,0,1,0,0,158.414,179.884,0.880642,0,0,0,0,61.5698,102.93,104.061,0,0,0,0,0,0
150,132,6601.52,1424.78,8956.55,2,10,2552.21,5415.39,0,0,0,0,0,0,1,0,0,259.533,292.956,0.885911,0,0,0,0,156.45,166.67,125.5,0,0,0,0,0,0
151,133,6627.15,1366.45,8973.4,2,10,2607.94,5432.71,0,0,0,0,0,0,1,0,0,232.347,252.02,0.921937,0,0,0,0,96.2202,47.12,208.869,0,0,0,0,0,0
152,133,6627.15,1366.45,8973.4,2,10,2607.94,5270.06,68.2667,73.1512,159.289,164.494,120.338,107.413,1,1,1,82.4503,89.3668,0.922606,8.35424,8.56319,12.2006,12.6259,28.5298,60.6,48.3506,1033.82,1279.56,342.271,392.727,6,3
153,134,6646.05,1378.75,8929.08,2,10,2576.65,5622.7,0,0,0,0,0,0,1,0,0,397.12,452.442,0.877727,0,0,0,0,225.3,213,248.28,0,0,0,0,0,0
154,134,6646.05,1378.75,8929.08,2,10,2576.65,5176.17,115.585,113.974,162.397,163.656,62.5682,55.6457,1,1,1,4.53464,5.91278,0.766923,12.4545,13.6658,21.3971,21.6913,2.16992,2.39001,3.7002,12.4545,13.6658,21.3971,21.6913,1,1
155,135,6515.25,1413.35,8905.25,2,10,2557.02,5238.93,56.3068,33.1924,134.865,138.008,158.364,139.586,1,1,1,60.8804,68.018,0.895062,34.6353,46.1073,53.3354,57.1097,37.27,34.6699,34.21,974.933,1142.35,914.566,1016.98,8,6
156,135,6515.25,1413.35,8905.25,2,10,2557.02,5207.36,63.683,74.3375,121.94,106.491,167.721,178.656,1,1,1,34.0989,36.4485,0.935535,3.14987,4.68914,289.583,319.025,16.9702,20.6699,21.25,709.009,847.646,289.583,319.025,5,1
157,136,6529.45,1426.03,8938.58,2,10,2555.95,5212.65,63.5421,45.1852,162.986,128.639,128.431,160.488,1,1,1,35.1524,40.1319,0.87592,29.054,31.691,28.4045,38.2661,9.08008,11.5,32.1504,307.346,346.845,558.774,642.291,6,5
158,136,6529.45,1426.03,8938.58,2,10,2555.95,5230.79,64.6869,71.9781,125.241,119.947,161.664,148.727,1,1,1,54.4483,58.2768,0.934305,1.09176,3.02236,58.4335,67.4031,48.8198,6.26001,23.8203,85.4755,96.6229,58.4335,67.4031,2,1
159,137,6598.02,1444.18,8985.65,2,10,2547.23,5115.9,67.0488,50.1673,149.238,172.936,93.3449,136.745,1,1,1,20.3244,20.8665,0.974022,30.2024,32.7463,119.584,146.511,7,16.9301,8.80078,2229.37,2629.68,360.482,411.77,21,4
160,137,6598.02,1444.18,8985.65,2,10,2547.23,5119.3,92.4906,70.727,142.166,124.872,99.5574,152.077,1,1,1,20.3946,24.2705,0.840307,4.38177,4.44725,100.773,115.68,5.08984,12.15,16.2197,868.227,983.412,328.053,373.283,8,2
161,138,6600.83,1424,8978.5,2,10,2561.95,5128.43,67.746,50.8735,145.938,167.026,131.099,142.003,1,1,1,9.11474,11.6736,0.780798,21.4523,22.6562,106.331,118.38,3.60986,8.28003,3.59961,191.057,239.875,451.595,495.161,4,2
162,138,6600.83,1424,8978.5,2,10,2561.95,5146.17,0,0,0,0,0,0,1,0,0,22.7169,29.4057,0.772533,0,0,0,0,16.1299,2.63,18.5303,0,0,0,0,0,0
163,139,6705.77,1644.28,8821.9,2,10,2285.03,5263.21,68.7924,81.3353,147.029,154.548,137.278,73.7219,1,1,1,330.528,398.947,0.828502,26.1987,28.4873,72.4212,78.3399,204.27,258.25,80.3008,1378.41,1626.08,837.163,947.626,13,7
164,139,6705.77,1644.28,8821.9,2,10,2285.03,5083.29,0,0,0,0,0,0,1,0,0,206.706,219.033,0.943722,0,0,0,0,30.8101,102.88,177.521,0,0,0,0,0,0
165,140,6725.95,1693.47,8836.8,2,10,2243.8,4831.92,88.2182,130.653,125.739,129.326,137.551,99.4434,1,1,1,23.4147,25.2395,0.9277,20.2377,21.0301,95.0997,119.312,10.3496,8,19.4199,20.2377,21.0301,95.0997,119.312,1,1
166,140,6725.95,1693.47,8836.8,2,10,2243.8,4900.37,56.8738,47.4038,141.39,143.615,155.382,168.296,1,1,1,86.8369,93.6946,0.926808,20.6566,22.9925,123.36,130.456,35.29,46.75,64.2002,56.6512,62.3596,123.36,130.456,2,1
167,144,6696.52,1714.15,8857.85,2,10,2237.48,4783.39,23.4404,47.4028,152.884,125.125,129.569,136.397,1,1,1,4.25022,4.37919,0.97055,104.386,116.435,233.697,260.018,1.37988,4,0.400391,256.369,305.317,233.697,260.018,3,1
168,144,6696.52,1714.15,8857.85,2,10,2237.48,4839.55,48.397,11.063,172.749,158.908,135.037,151.464,1,1,1,49.5011,60.542,0.817632,23.867,25.4109,146.068,161.483,30.3301,12.4199,39.2295,249.639,293.126,146.068,161.483,4,1
169,147,6553.88,1402.35,8934.02,2,11,2571.21,5280.5,31.4567,73.4723,121.762,112.153,144.445,156.185,1,1,1,95.7806,100.257,0.955348,16.0577,17.7938,24.8984,26.3687,44.98,73.88,41.1602,426.805,486.986,476.241,521.298,5,2
170,147,6553.88,1402.35,8934.02,2,11,2571.21,5518.81,0,0,0,0,0,0,1,0,0,269.948,338.561,0.797339,0,0,0,0,87.54,251.9,76.2402,0,0,0,0,0,0
171,148,6609.38,1426.7,8947.38,2,11,2545.59,5429.09,0,0,0,0,0,0,1,0,0,245.8,321.449,0.764662,0,0,0,0,88.1001,230.05,72.4697,0,0,0,0,0,0
172,148,6609.38,1426.7,8947.38,2,11,2545.59,5119.9,95.2671,54.6278,136.621,126.46,120.26,120.539,1,1,1,12.0286,12.2596,0.981164,294.931,322.099,12.9839,18.8148,11.0801,3.25,3.37012,391.925,433.52,12.9839,18.8148,2,1
173,152,6599.08,1305.85,8925.05,2,11,2648.3,5278.62,106.887,42.1632,154.665,145.739,97.1813,157.769,1,0.5,1,8.35424,8.56319,0.975599,0.631414,0.631414,191.311,222.959,4.45996,6.22998,3.33008,834.782,1048.67,191.311,222.959,5,1
174,152,6599.08,1305.85,8925.05,2,11,2648.3,5282.68,70.832,64.991,163.353,162.682,119.731,119.9,1,1,1,12.2006,12.6259,0.96631,38.3171,43.9983,243.29,267.249,7.58008,5.03003,8.12988,125.098,156.85,243.29,267.249,2,1
175,154,6647.17,1376.38,8925.38,2,11,2577.22,5189.84,0,0,0,0,0,0,1,0,0,12.4545,13.6658,0.91136,0,0,0,0,5.66992,7.83997,8,0,0,0,0,0,0
176,154,6647.17,1376.38,8925.38,2,11,2577.22,5197.86,0,0,0,0,0,0,1,0,0,21.3971,21.6913,0.986435,0,0,0,0,13.5,12.59,10.8203,0,0,0,0,0,0
177,155,6478.65,1378.68,8871.12,2,11,2582.75,5296.04,84.5669,91.5832,126.551,157.882,73.7998,75.7315,1,1,1,53.3354,57.1097,0.933911,9.59952,11.1335,161.655,194.472,4.29004,47.9801,23.29,836.055,933.455,196.431,232.026,4,2
178,155,6478.65,1378.68,8871.12,2,11,2582.75,5285.04,79.5494,45.7629,153.666,172.996,94.9984,141.226,1,1,1,34.6353,46.1073,0.75119,30.6053,41.503,6.64517,7.56561,14.0698,32.4,7.54004,537.993,628.714,439.555,516.593,5,3
179,156,6532.1,1392.68,8884,2,11,2564.66,5212.05,81.9986,54.9357,129.405,129.405,135.313,120.763,1,1,1,3.14987,4.68914,0.671737,4.84024,4.8487,52.748,58.9726,3.31006,1.18005,1.33008,657.952,788.833,52.748,58.9726,4,1
180,156,6532.1,1392.68,8884,2,11,2564.66,5526.39,0,0,0,0,0,0,1,0,0,289.583,319.025,0.907711,0,0,0,0,137.75,180.28,180.5,0,0,0,0,0,0
181,157,6537.92,1414.53,8970.7,2,11,2577.63,5244.34,136.942,119.524,161.23,159.79,51.0273,74.9159,1,1,1,29.054,31.691,0.916789,44.1351,50.0914,35.3171,42.8263,19.1699,21.25,7.39941,287.11,322.419,35.3171,42.8263,5,1
182,157,6537.92,1414.53,8970.7,2,11,2577.63,5250.91,64.766,63.9437,169.41,141.611,123.917,95.3504,1,1,1,28.4045,38.2661,0.742289,14.6277,15.6521,46.5413,49.2715,8.10986,17.23,22.75,428.969,472.862,162.57,196.086,3,2
183,158,6578.27,1429.75,8962.4,2,11,2553.76,5298.2,0,0,0,0,0,0,1,0,0,58.4335,67.4031,0.866925,0,0,0,0,32.4302,19.05,44.7197,0,0,0,0,0,0
184,158,6578.27,1429.75,8962.4,2,11,2553.76,5233.82,103.953,108.756,99.4225,90.8697,129.924,131.909,1,1,1,1.09176,3.02236,0.361228,23.2924,24.2583,61.0914,69.3422,1.57031,0.939941,0.5,23.2924,24.2583,61.0914,69.3422,1,1
185,159,6591.02,1427.25,8976.85,2,11,2559.87,5148.65,114.016,41.3525,171.783,164.139,57.8301,123.69,1,1,1,30.2024,32.7463,0.922314,15.4296,17.1175,53.9786,59.9771,12.3301,23.15,16.1992,1533.07,1821.61,735.504,852.423,18,3
186,159,6591.02,1427.25,8976.85,2,11,2559.87,5262.41,52.1326,81.1339,110.673,128.132,63.9806,114.531,1,1,1,119.584,146.511,0.816213,34.9735,37.2155,6.78073,7.17396,51.4697,107.07,38.0107,217.479,237.617,65.1734,72.0314,2,2
187,160,6595,1432.03,9001.75,2,11,2565.3,5123.75,147.337,136.025,142.246,133.313,60.0879,80.9221,1,1,1,4.38177,4.44725,0.985277,21.1255,24.8989,155.862,169.417,3.75,2.08008,0.900391,729.109,834.447,155.862,169.417,7,1
188,160,6595,1432.03,9001.75,2,11,2565.3,5234.98,103.134,99.2994,94.9261,110.509,159.688,135.705,1,1,1,100.773,115.68,0.871136,39.3105,43.9169,187.97,213.686,21.27,82.5601,54.9004,39.3105,43.9169,187.97,213.686,1,1
189,161,6602.08,1415.72,8974.9,2,11,2567.74,5151.09,57.5289,100.398,164.166,155.146,107.707,104.195,1,1,1,21.4523,22.6562,0.946865,157.761,191.108,19.3655,19.603,7.27002,19.3199,6.73047,241.601,298.676,105.13,129.254,2,2
190,161,6602.08,1415.72,8974.9,2,11,2567.74,5246.81,28.9314,54.7632,133.485,143.992,157.896,159.112,1,1,1,106.331,118.38,0.89822,104.03,108.987,241.235,267.795,47.4399,67.97,70.3203,104.03,108.987,241.235,267.795,1,1
191,163,6501.67,1386.03,8791.92,2,11,2543.54,5291.69,50.5815,78.0675,163.877,123.927,118.049,157.887,1,1,1,26.1987,28.4873,0.919662,12.3767,16.3077,48.7896,51.9825,12.2798,22.1801,8.0498,1115.22,1329.72,298.16,336.166,10,3
192,163,6501.67,1386.03,8791.92,2,11,2543.54,5341.55,60.075,56.31,138.876,164.904,87.7405,129.082,1,1,1,72.4212,78.3399,0.924449,62.5908,68.0021,10.4391,12.1559,21.8599,7.76001,69.2002,576.185,646.693,261.587,302.751,5,2
193,165,6736.3,1685.47,8817.38,2,11,2242.06,4852.95,0,0,0,0,0,0,1,0,0,20.2377,21.0301,0.962318,0,0,0,0,4.97021,18.97,5.22949,0,0,0,0,0,0
194,165,6736.3,1685.47,8817.38,2,11,2242.06,4951.23,0,0,0,0,0,0,1,0,0,95.0997,119.312,0.797066,0,0,0,0,10.9102,81.88,52.0303,0,0,0,0,0,0
195,166,6690.83,1646.72,8772.6,2,11,2265.86,5030.83,0,0,0,0,0,0,1,0,0,123.36,130.456,0.945608,0,0,0,0,33.2202,80.6699,88.5996,0,0,0,0,0,0
196,166,6690.83,1646.72,8772.6,2,11,2265.86,4923.37,77.0087,64.0185,140.908,155.087,141.969,139.61,1,1,1,20.6566,22.9925,0.898404,25.4951,26.4691,10.4996,12.898,13.8101,1.32007,15.75,25.4951,26.4691,10.4996,12.898,1,1
197,167,6697.9,1710.15,8858.25,2,11,2241.06,4899.82,49.5364,29.0669,145.764,154.246,157.72,170.301,1,1,1,104.386,116.435,0.896518,56.8944,62.8051,43.4268,46.7916,41.1201,82.6,49.7197,165.451,204.896,43.4268,46.7916,2,1
198,167,6697.9,1710.15,8858.25,2,11,2241.06,5043.41,0,0,0,0,0,0,1,0,0,233.697,260.018,0.898773,0,0,0,0,95.7798,161.25,140.28,0,0,0,0,0,0
199,168,6668,1704.25,8818.62,2,11,2234.37,4864.96,34.9768,28.2458,171.94,172.78,145.082,144.996,1,1,1,23.867,25.4109,0.939244,55.8936,59.5264,63.0352,67.1124,9.47998,12.35,18.0898,202.49,238.829,142.211,155.525,2,2
200,168,6668,1704.25,8818.62,2,11,2234.37,5001.03,0,0,0,0,0,0,1,0,0,146.068,161.483,0.904541,0,0,0,0,66.0801,94.04,90.8594,0,0,0,0,0,0
201,169,6508.9,1328.47,8892.88,2,12,2630.65,5298.3,68.8444,83.0247,128.995,128.861,153.019,129.744,1,1,1,16.0577,17.7938,0.902437,36.102,40.8493,25.0305,26.3379,13.48,3.96997,7.77051,421.819,483.704,25.0305,26.3379,4,1
202,169,6508.9,1328.47,8892.88,2,12,2630.65,5306.87,86.2377,31.53,140.442,154.785,129.198,123.993,1,1,1,24.8984,26.3687,0.944241,250.638,269.737,200.704,225.192,14.6699,11.35,16.6104,250.638,269.737,200.704,225.192,1,1
203,172,6598.3,1423.45,8950.75,2,12,2551.57,5442,52.6343,47.2118,125.64,119.743,155.833,165.575,1,1,1,294.931,322.099,0.915652,6.75175,8.76186,90.2428,102.659,163.66,215.15,118.63,6.75175,8.76186,90.2428,102.659,1,1
204,172,6598.3,1423.45,8950.75,2,12,2551.57,5138.72,0,0,0,0,0,0,1,0,0,12.9839,18.8148,0.690089,0,0,0,0,10.0996,2.80005,9.83984,0,0,0,0,0,0
205,173,6594.62,1299.62,8921.72,2,12,2653.41,5279.25,54.3462,71.3873,104.183,120.617,156.95,146.829,0.5,1,1,0.631414,0.631414,1,11.4676,12.016,89.2308,109.508,0.0400391,0.420044,0.469727,445.909,480.845,488.94,688.717,3,2
206,173,6594.62,1299.62,8921.72,2,12,2653.41,5501.58,0,0,0,0,0,0,1,0,0,191.311,222.959,0.858054,0,0,0,0,63.02,178.87,49.6396,0,0,0,0,0,0
207,174,6591.5,1310.88,8916.92,2,12,2641.78,5549.93,0,0,0,0,0,0,1,0,0,243.29,267.249,0.910348,0,0,0,0,161.12,139.38,119.17,0,0,0,0,0,0
208,174,6591.5,1310.88,8916.92,2,12,2641.78,5326.68,97.1624,45.8313,103.266,108.726,146.6,154.545,1,1,1,38.3171,43.9983,0.870878,26.746,32.6373,60.0345,80.2144,15.9702,15.47,32.0195,26.746,32.6373,60.0345,80.2144,1,1
209,177,6478.27,1330.7,8847.83,2,12,2618.23,5307.18,56.6999,52.371,167.082,161.753,133.779,133.101,1,1,1,9.59952,11.1335,0.862216,4.82239,4.93077,321.735,351.287,3.99023,8.07996,3.66016,509.543,575.966,321.735,351.287,3,1
210,177,6478.27,1330.7,8847.83,2,12,2618.23,5490.51,118.562,125.942,84.0563,133.734,149.337,89.1663,1,1,1,161.655,194.472,0.831249,12.5465,12.8485,22.2293,24.7048,79.3999,42.88,140.15,12.5465,12.8485,22.2293,24.7048,1,1
211,178,6466.1,1346.4,8871.45,2,12,2614.75,5292.61,101.412,49.8463,152.832,151.421,80.429,130.035,1,1,1,6.64517,7.56561,0.878339,15.0925,15.3541,97.3425,138.49,4.8999,3.68005,2.57031,350.66,385.891,97.3425,138.49,2,1
212,178,6466.1,1346.4,8871.45,2,12,2614.75,5326.54,42.2663,60.802,158.395,160.324,124.915,113.834,1,1,1,30.6053,41.503,0.737425,22.9967,26.2241,47.1218,52.2503,9.34961,29.4,7.62012,308.734,343.998,268.772,321.688,3,2
213,179,6534.9,1392.12,8885.33,2,12,2565.16,5216.9,87.3273,43.9046,119.724,162.594,143.321,152.971,1,1,1,4.84024,4.8487,0.998256,34.6245,38.809,48.5958,51.8021,2.93018,3.81995,0.5,351.862,439.854,384.469,434.741,2,2
214,179,6534.9,1392.12,8885.33,2,12,2565.16,5271.02,0,0,0,0,0,0,1,0,0,52.748,58.9726,0.89445,0,0,0,0,44,5.90002,29.4199,0,0,0,0,0,0
215,181,6556.3,1393.28,8978.1,2,12,2596.55,5287.17,0,0,0,0,0,0,1,0,0,35.3171,42.8263,0.824659,0,0,0,0,8.63037,25.1899,24.2803,0,0,0,0,0,0
216,181,6556.3,1393.28,8978.1,2,12,2596.55,5294.43,101.256,100.824,154.178,158.615,101.666,100.237,1,1,1,44.1351,50.0914,0.88109,54.843,59.0168,105.371,123.265,15.6299,40.66,9.44043,192.447,208.079,105.371,123.265,4,1
217,182,6540.62,1397.3,8993.12,2,12,2601.74,5266.57,43.8301,27.6643,161.824,157.941,144.998,172.437,1,1,1,14.6277,15.6521,0.93455,19.2356,25.4826,116.868,127.037,2.07031,13.9801,4,316.709,355.656,116.868,127.037,2,1
218,182,6540.62,1397.3,8993.12,2,12,2601.74,5300.19,80.5874,94.4873,120.546,133.134,148.762,119.071,1,1,1,46.5413,49.2715,0.944588,7.64118,7.81899,108.387,138.996,43.27,17.03,6.2002,7.64118,7.81899,108.387,138.996,1,1
219,184,6578.7,1428.88,8962.9,2,12,2554.68,5258.07,0,0,0,0,0,0,1,0,0,23.2924,24.2583,0.960182,0,0,0,0,5.9502,13.87,17.9199,0,0,0,0,0,0
220,184,6578.7,1428.88,8962.9,2,12,2554.68,5303.16,0,0,0,0,0,0,1,0,0,61.0914,69.3422,0.881013,0,0,0,0,57.2197,13.26,16.7998,0,0,0,0,0,0
221,185,6580.35,1404.1,8960.65,2,12,2575.82,5165.76,50.5474,61.5194,164.858,154.674,143.376,135.227,1,1,1,15.4296,17.1175,0.901391,8.0792,8.83348,41.3691,49.0038,2.60986,10.98,10.6504,1032.07,1197.91,535.014,664.417,14,4
222,185,6580.35,1404.1,8960.65,2,12,2575.82,5208.62,87.4634,101.88,103.473,96.1378,168.661,103.332,1,1,1,53.9786,59.9771,0.899988,66.3773,69.4248,345.991,435.045,15.25,12.51,50.8008,401.912,426.826,345.991,435.045,2,1
223,186,6551.8,1320.18,9012.88,2,12,2677.1,5299.63,59.6384,28.2683,160.417,171.498,139.631,145.507,1,1,1,34.9735,37.2155,0.939756,72.0639,81.0651,110.441,119.336,18.4199,23.5,18.21,72.0639,81.0651,110.441,119.336,1,1
224,186,6551.8,1320.18,9012.88,2,12,2677.1,5269.58,141.739,107.743,71.6959,73.9545,142.56,169.492,1,1,1,6.78073,7.17396,0.945188,26.8909,29.73,31.5017,35.1274,5.75,0.319946,3.58984,26.8909,29.73,31.5017,35.1274,1,1
225,187,6591.25,1429.95,9002.65,2,12,2568.12,5148.65,105.745,64.2193,131.103,97.0968,111.035,97.4831,1,1,1,21.1255,24.8989,0.848451,120.754,144.118,137.848,164.222,9.75,5.1499,18.1592,690.889,789.444,137.848,164.222,6,1
226,187,6591.25,1429.95,9002.65,2,12,2568.12,5293.17,0,0,0,0,0,0,1,0,0,155.862,169.417,0.919991,0,0,0,0,39.6699,73.6901,132.051,0,0,0,0,0,0
227,188,6614.95,1349.47,9055.98,2,12,2659.06,5278.9,0,0,0,0,0,0,1,0,0,39.3105,43.9169,0.895111,0,0,0,0,14.9004,4.70007,36.2197,0,0,0,0,0,0
228,188,6614.95,1349.47,9055.98,2,12,2659.06,5448.67,0,0,0,0,0,0,1,0,0,187.97,213.686,0.879655,0,0,0,0,26.0601,185.57,33.7998,0,0,0,0,0,0
229,189,6609.2,1396.4,8968.88,2,12,2581.64,5342.2,128.65,25.0263,136.575,127.494,92.6855,148.557,1,1,1,157.761,191.108,0.825509,3.31355,3.51442,80.5263,104.054,31.6699,153.05,38.2295,3.31355,3.51442,80.5263,104.054,1,1
230,189,6609.2,1396.4,8968.88,2,12,2581.64,5170.69,60.3918,67.3266,119.72,138.655,153.569,105.023,1,1,1,19.3655,19.603,0.987887,45.0994,48.6605,40.6654,60.99,19.2798,1.81995,0.200195,45.0994,48.6605,40.6654,60.99,1,1
231,190,6560.35,1347.75,8904.58,2,12,2608.42,5355.8,0,0,0,0,0,0,1,0,0,104.03,108.987,0.954518,0,0,0,0,75.9302,14.6801,69.9805,0,0,0,0,0,0
232,190,6560.35,1347.75,8904.58,2,12,2608.42,5514.61,0,0,0,0,0,0,1,0,0,241.235,267.795,0.900818,0,0,0,0,63.6802,210.15,107.24,0,0,0,0,0,0
233,191,6490.25,1363.85,8799.92,2,12,2568.89,5343.68,82.3764,82.9118,154.845,158.076,122.484,117.734,1,1,1,48.7896,51.9825,0.938577,46.7477,51.3542,26.0178,28.1589,35.7998,32.35,7.23047,270.1,307.379,26.0178,28.1589,2,1
234,191,6490.25,1363.85,8799.92,2,12,2568.89,5308,111.703,67.0473,145.673,147.388,41.0975,86.4955,1,1,1,12.3767,16.3077,0.758947,27.9402,34.3277,6.69857,7.5201,8.25977,9.63,4.73047,619.8,769.538,517.683,585.723,7,3
235,192,6523,1387.12,8861.12,2,12,2562.93,5409.55,64.2629,72.737,162.266,161.323,130.68,122.668,1,1,1,62.5908,68.0021,0.920425,36.9282,38.835,40.4549,46.7817,11.98,13.3,60.2998,289.281,323.61,301.697,340.698,3,2
236,192,6523,1387.12,8861.12,2,12,2562.93,5353.7,74.3778,39.2466,114.995,120.769,165.369,147.733,1,1,1,10.4391,12.1559,0.85877,150.249,179.897,100.899,110.698,3.64014,5.81006,7.89941,150.249,179.897,100.899,110.698,1,1
237,196,6677.45,1647.47,8756.88,2,12,2261.17,4949.83,0,0,0,0,0,0,1,0,0,25.4951,26.4691,0.963203,0,0,0,0,17.5703,9.43994,15.8799,0,0,0,0,0,0
238,196,6677.45,1647.47,8756.88,2,12,2261.17,4936.26,0,0,0,0,0,0,1,0,0,10.4996,12.898,0.814049,0,0,0,0,2.14014,5.58008,8.70996,0,0,0,0,0,0
239,197,6657.88,1627.55,8808.53,2,12,2301.59,4962.63,68.2617,95.1981,167.527,139.616,123.567,122.277,1,1,1,56.8944,62.8051,0.905888,49.8203,73.1733,58.7358,68.9176,27.4897,25.9,43.0596,49.8203,73.1733,58.7358,68.9176,1,1
240,197,6657.88,1627.55,8808.53,2,12,2301.59,4946.61,0,0,0,0,0,0,1,0,0,43.4268,46.7916,0.928091,0,0,0,0,9.70996,35.77,22.6299,0,0,0,0,0,0
241,199,6658.52,1691.9,8800.53,2,12,2239.82,4924.49,48.5221,65.7781,154.466,166.736,151.465,110.099,1,1,1,55.8936,59.5264,0.938971,93.0103,100.052,53.5857,79.2505,21.1899,34.6801,38.5303,93.0103,100.052,53.5857,79.2505,1,1
242,199,6658.52,1691.9,8800.53,2,12,2239.82,4932.07,73.1254,36.5997,122.689,144,163.75,159.43,1,1,1,63.0352,67.1124,0.939249,49.538,54.7981,29.6377,33.6148,7.8999,56.8,26.9502,49.538,54.7981,29.6377,33.6148,1,1
243,201,6495.42,1324.5,8900.65,2,13,2639.64,5339.15,100.021,117.334,118.471,125.217,117.79,99.6568,1,1,1,36.102,40.8493,0.883783,7.65124,7.89238,161.768,179.713,12.1299,32.1801,12.9395,231.6,271.034,161.768,179.713,3,1
244,201,6495.42,1324.5,8900.65,2,13,2639.64,5324.63,0,0,0,0,0,0,1,0,0,25.0305,26.3379,0.950362,0,0,0,0,8.7998,8.47998,21.9697,0,0,0,0,0,0
245,202,6494.23,1317.12,8876.27,2,13,2637.7,5576.61,0,0,0,0,0,0,1,0,0,250.638,269.737,0.929196,0,0,0,0,53.9702,156.57,189.42,0,0,0,0,0,0
246,202,6494.23,1317.12,8876.27,2,13,2637.7,5532.06,0,0,0,0,0,0,1,0,0,200.704,225.192,0.891259,0,0,0,0,68.3198,111.87,154.22,0,0,0,0,0,0
247,203,6435.08,1208.3,8832.2,2,13,2733.94,5450.76,0,0,0,0,0,0,1,0,0,6.75175,8.76186,0.770583,0,0,0,0,2.7002,5.15002,3.84961,0,0,0,0,0,0
248,203,6435.08,1208.3,8832.2,2,13,2733.94,5544.66,0,0,0,0,0,0,1,0,0,90.2428,102.659,0.879054,0,0,0,0,56.46,68.8301,24.4805,0,0,0,0,0,0
249,205,6594.58,1299.2,8921.25,2,13,2653.62,5388.76,109.25,6.29111,116.058,131.732,132.961,138.011,1,1,1,89.2308,109.508,0.814833,190.22,205.174,209.489,374.035,28.2998,21.6599,84.5,190.22,205.174,209.489,374.035,1,1
250,205,6594.58,1299.2,8921.25,2,13,2653.62,5291.27,94.2975,105.651,136.509,122.319,127.189,129.734,1,1,1,11.4676,12.016,0.954359,3.54599,3.582,92.1739,97.9627,9.31982,3.17004,5.98047,345.813,374.449,92.1739,97.9627,2,1
251,208,6577.23,1326.35,8884.9,2,13,2617.96,5359.32,0,0,0,0,0,0,1,0,0,26.746,32.6373,0.81949,0,0,0,0,7.55029,26.27,3.41992,0,0,0,0,0,0
252,208,6577.23,1326.35,8884.9,2,13,2617.96,5406.9,0,0,0,0,0,0,1,0,0,60.0345,80.2144,0.748425,0,0,0,0,16.1602,45.22,38.9697,0,0,0,0,0,0
253,209,6474.6,1322.62,8844.17,2,13,2625.07,5658.46,0,0,0,0,0,0,1,0,0,321.735,351.287,0.915876,0,0,0,0,70.8003,161.29,273.37,0,0,0,0,0,0
254,209,6474.6,1322.62,8844.17,2,13,2625.07,5312.11,59.0178,22.9815,143.794,160.98,117.544,161.221,1,1,1,4.82239,4.93077,0.97802,61.3716,64.734,201.517,231.449,0.830078,4.67004,0.870117,364.575,404.32,201.517,231.449,2,1
255,210,6401.1,1307.57,8987.98,2,13,2707.36,5503.36,0,0,0,0,0,0,1,0,0,12.5465,12.8485,0.976496,0,0,0,0,11.8701,2.82996,3.01953,0,0,0,0,0,0
256,210,6401.1,1307.57,8987.98,2,13,2707.36,5515.22,0,0,0,0,0,0,1,0,0,22.2293,24.7048,0.899796,0,0,0,0,18.7002,10.12,7.93945,0,0,0,0,0,0
257,211,6461.2,1342.72,8868.88,2,13,2618.16,5431.09,0,0,0,0,0,0,1,0,0,97.3425,138.49,0.702885,0,0,0,0,39.3398,87.62,26.5703,0,0,0,0,0,0
258,211,6461.2,1342.72,8868.88,2,13,2618.16,5307.96,86.7929,24.3159,157.148,172.443,116.029,149.211,1,1,1,15.0925,15.3541,0.982965,197.249,220.556,138.318,149.981,4.90039,11.52,8.42969,197.249,220.556,138.318,149.981,1,1
259,212,6457.95,1317,8873.88,2,13,2644.05,5352.77,34.4452,74.213,171.543,119.148,148.35,128.48,1,1,1,22.9967,26.2241,0.87693,47.3372,54.1324,85.7596,97.0532,13.3203,18.65,4.58008,247.315,274.853,85.7596,97.0532,2,1
260,212,6457.95,1317,8873.88,2,13,2644.05,5378.79,71.9021,53.8656,135.655,122.931,147.248,136.353,1,1,1,47.1218,52.2503,0.901848,116.319,146.335,105.331,123.103,11.1704,13.9301,44.29,116.319,146.335,105.331,123.103,1,1
261,213,6537.83,1388.3,8884.83,2,13,2567.93,5255.71,76.8385,70.2428,164.78,141.431,117.311,133.136,1,1,1,34.6245,38.809,0.892179,226.547,287.849,90.6907,113.197,16.6499,29.8301,5.63965,226.547,287.849,90.6907,113.197,1,1
262,213,6537.83,1388.3,8884.83,2,13,2567.93,5268.7,44.7958,134.514,175.091,129.673,139.83,92.7937,1,1,1,48.5958,51.8021,0.938105,294.338,332.131,41.535,50.808,28.1201,29.87,26.0498,294.338,332.131,41.535,50.808,1,1
263,216,6571.75,1352.62,8985.58,2,13,2633.63,5353.45,67.0685,67.2047,120.566,135.039,162.149,151.817,1,1,1,54.843,59.0168,0.929278,9.07179,9.79695,48.1254,50.2113,4.64014,54.65,3.65039,112.446,122.356,82.3552,86.7145,2,2
264,216,6571.75,1352.62,8985.58,2,13,2633.63,5417.7,0,0,0,0,0,0,1,0,0,105.371,123.265,0.854831,0,0,0,0,69.9897,25.1499,77.0195,0,0,0,0,0,0
265,217,6538.98,1383.32,8997.1,2,13,2616.18,5393.6,0,0,0,0,0,0,1,0,0,116.868,127.037,0.919956,0,0,0,0,22.71,114.02,19.1504,0,0,0,0,0,0
266,217,6538.98,1383.32,8997.1,2,13,2616.18,5292.05,78.8819,121.566,153.966,151.168,101.987,46.2559,1,1,1,19.2356,25.4826,0.754854,154.453,174.199,143.021,155.975,6.43018,14.9199,11.1504,154.453,174.199,143.021,155.975,1,1
267,218,6497.35,1380.32,8990.78,2,13,2623.82,5308.01,0,0,0,0,0,0,1,0,0,7.64118,7.81899,0.977259,0,0,0,0,2.8999,6.56995,2.61035,0,0,0,0,0,0
268,218,6497.35,1380.32,8990.78,2,13,2623.82,5439.18,0,0,0,0,0,0,1,0,0,108.387,138.996,0.779791,0,0,0,0,63.8901,18.25,88.6895,0,0,0,0,0,0
269,221,6578.33,1393.12,8950,2,13,2581.81,5214.77,37.9883,51.8595,140.909,139.921,143.271,142.195,1,1,1,41.3691,49.0038,0.844202,12.8872,13.1794,125.74,145.813,19.3301,38,6.20996,380.793,482.78,125.74,145.813,3,1
270,221,6578.33,1393.12,8950,2,13,2581.81,5174.6,92.0809,86.9922,150.473,161.294,113.057,102.199,1,1,1,8.0792,8.83348,0.914612,5.6818,5.7169,159.539,188.861,2.93994,2.96997,7,870.138,1005.93,159.539,188.861,13,1
271,222,6595.33,1393.68,8909.85,2,13,2562.96,5278.05,57.6773,26.7919,150.78,130.233,151.54,156.238,1,1,1,66.3773,69.4248,0.956102,79.587,85.4459,255.947,271.955,57.6499,27.4301,18.9902,79.587,85.4459,255.947,271.955,1,1
272,222,6595.33,1393.68,8909.85,2,13,2562.96,5643.67,0,0,0,0,0,0,1,0,0,345.991,435.045,0.795301,0,0,0,0,41.73,313.44,152.93,0,0,0,0,0,0
273,223,6533.38,1296.68,8994.67,2,13,2694.05,5380.69,0,0,0,0,0,0,1,0,0,72.0639,81.0651,0.888963,0,0,0,0,34,55.63,31.29,0,0,0,0,0,0
274,223,6533.38,1296.68,8994.67,2,13,2694.05,5418.96,0,0,0,0,0,0,1,0,0,110.441,119.336,0.925463,0,0,0,0,12.9697,102.36,41.4502,0,0,0,0,0,0
275,224,6546.05,1320.35,9016.47,2,13,2679.36,5299.31,0,0,0,0,0,0,1,0,0,26.8909,29.73,0.904506,0,0,0,0,20,3.59998,17.96,0,0,0,0,0,0
276,224,6546.05,1320.35,9016.47,2,13,2679.36,5304.71,0,0,0,0,0,0,1,0,0,31.5017,35.1274,0.896784,0,0,0,0,26.8496,5.22009,16.2002,0,0,0,0,0,0
277,225,6581.5,1424.8,9020.67,2,13,2581.85,5292.77,115.433,117.147,173.92,146.67,67.2202,77.4544,1,1,1,120.754,144.118,0.837885,30.2452,33.5911,2.82805,3.62644,76.8501,83.64,52,388.174,437.154,215.034,245.389,4,2
278,225,6581.5,1424.8,9020.67,2,13,2581.85,5312.87,0,0,0,0,0,0,1,0,0,137.848,164.222,0.8394,0,0,0,0,41.2002,131.42,28.7598,0,0,0,0,0,0
279,229,6595.12,1243.35,8933.3,2,13,2709.19,5345.71,0,0,0,0,0,0,1,0,0,3.31355,3.51442,0.942844,0,0,0,0,2.16992,2.16992,1.25,0,0,0,0,0,0
280,229,6595.12,1243.35,8933.3,2,13,2709.19,5446.25,0,0,0,0,0,0,1,0,0,80.5263,104.054,0.773888,0,0,0,0,49.6001,66.4199,11.7197,0,0,0,0,0,0
281,230,6628.48,1398.22,8968.92,2,13,2577.21,5219.35,0,0,0,0,0,0,1,0,0,45.0994,48.6605,0.926816,0,0,0,0,36.4702,26.1699,4.43066,0,0,0,0,0,0
282,230,6628.48,1398.22,8968.92,2,13,2577.21,5231.68,0,0,0,0,0,0,1,0,0,40.6654,60.99,0.666754,0,0,0,0,16.29,14.64,40.4297,0,0,0,0,0,0
283,233,6454.45,1331.5,8807.15,2,13,2608.27,5395.03,90.9418,26.9534,175.93,171.538,89.7505,145.844,1,1,1,46.7477,51.3542,0.9103,99.1369,113.721,124.216,142.303,20.3003,41.8,5.56934,99.1369,113.721,124.216,142.303,1,1
284,233,6454.45,1331.5,8807.15,2,13,2608.27,5371.84,0,0,0,0,0,0,1,0,0,26.0178,28.1589,0.923964,0,0,0,0,24.4004,7.78003,4.91992,0,0,0,0,0,0
285,234,6496.42,1354.22,8804.65,2,13,2578.17,5315.52,42.5581,45.4457,148.65,162.636,124.272,131.236,1,1,1,6.69857,7.5201,0.890756,85.3414,91.1472,249.349,272.802,5.52002,3.80005,1.2002,346.977,396.548,249.349,272.802,2,1
286,234,6496.42,1354.22,8804.65,2,13,2578.17,5342.33,64.7375,78.1855,171.034,133.61,108.74,147.792,1,1,1,27.9402,34.3277,0.813927,42.7205,48.3632,12.812,13.9963,7.33984,27.5,4.80078,400.35,465.985,247.042,331.584,5,2
287,235,6533.23,1373.82,8921.42,2,13,2595.75,5456.33,94.3384,79.8356,122.997,150.24,140.414,122.153,1,1,1,40.4549,46.7817,0.864758,139.251,159.555,121.992,134.361,5.2002,37.85,14.2803,139.251,159.555,121.992,134.361,1,1
288,235,6533.23,1373.82,8921.42,2,13,2595.75,5448.38,83.6334,81.8042,143.453,144.372,129.712,132.285,1,1,1,36.9282,38.835,0.9509,6.77808,6.80968,87.8641,98.7756,13.6699,3.27002,34.2803,171.267,192.809,87.8641,98.7756,2,1
289,236,6519.42,1392.93,8869.02,2,13,2561.19,5533.6,0,0,0,0,0,0,1,0,0,150.249,179.897,0.835192,0,0,0,0,29.7002,44.9901,142.561,0,0,0,0,0,0
290,236,6519.42,1392.93,8869.02,2,13,2561.19,5464.4,0,0,0,0,0,0,1,0,0,100.899,110.698,0.911477,0,0,0,0,17.6602,40.1899,90.9502,0,0,0,0,0,0
291,239,6631.1,1601.65,8765.53,2,13,2313.3,5035.8,0,0,0,0,0,0,1,0,0,49.8203,73.1733,0.680854,0,0,0,0,21.1401,31.4,43.1504,0,0,0,0,0,0
292,239,6631.1,1601.65,8765.53,2,13,2313.3,5031.54,0,0,0,0,0,0,1,0,0,58.7358,68.9176,0.852261,0,0,0,0,52.7202,25.12,11,0,0,0,0,0,0
293,241,6637.62,1657.22,8762,2,13,2260.01,5024.54,0,0,0,0,0,0,1,0,0,93.0103,100.052,0.929618,0,0,0,0,19.0103,55.97,72.7197,0,0,0,0,0,0
294,241,6637.62,1657.22,8762,2,13,2260.01,5003.74,0,0,0,0,0,0,1,0,0,53.5857,79.2505,0.676156,0,0,0,0,9.6499,34.61,46.6699,0,0,0,0,0,0
295,242,6653.95,1635.1,8773.58,2,13,2282.08,4986.87,0,0,0,0,0,0,1,0,0,49.538,54.7981,0.904009,0,0,0,0,19.73,29.85,34.4297,0,0,0,0,0,0
296,242,6653.95,1635.1,8773.58,2,13,2282.08,4965.69,0,0,0,0,0,0,1,0,0,29.6377,33.6148,0.881687,0,0,0,0,8.75,28.2999,8.03027,0,0,0,0,0,0
297,243,6485.35,1292.32,8913.55,2,14,2675.59,5347.04,78.361,36.3169,77.4861,120.598,123.838,141.757,1,1,1,7.65124,7.89238,0.969447,61.398,75.6578,54.8008,67.4313,7,3.0199,0.699219,230.546,271.368,54.8008,67.4313,2,1
298,243,6485.35,1292.32,8913.55,2,14,2675.59,5518.86,0,0,0,0,0,0,1,0,0,161.768,179.713,0.900146,0,0,0,0,63.9102,16.7,148.53,0,0,0,0,0,0
299,249,6570.45,1283.72,8836.75,2,14,2641.19,5593.93,0,0,0,0,0,0,1,0,0,190.22,205.174,0.927116,0,0,0,0,147.28,94.9301,74.2998,0,0,0,0,0,0
300,249,6570.45,1283.72,8836.75,2,14,2641.19,5762.79,0,0,0,0,0,0,1,0,0,209.489,374.035,0.560079,0,0,0,0,155.16,169.19,110.86,0,0,0,0,0,0
301,250,6603.9,1296.22,8915.27,2,14,2652.73,5294.85,38.7862,29.8268,139.325,166.641,132.169,143.072,1,1,1,3.54599,3.582,0.989946,210.087,222.506,132.181,148.361,0.320312,3.02002,1.84961,210.087,222.506,132.181,148.361,1,1
302,250,6603.9,1296.22,8915.27,2,14,2652.73,5389.23,0,0,0,0,0,0,1,0,0,92.1739,97.9627,0.940908,0,0,0,0,86.9302,29.66,9.07031,0,0,0,0,0,0
303,254,6473.77,1317.95,8843.3,2,14,2629.21,5376.84,63.9318,42.6236,148.758,158.863,113.686,156.796,1,1,1,61.3716,64.734,0.948059,147.55,169.57,155.653,170.017,5.37012,56.25,24.0996,147.55,169.57,155.653,170.017,1,1
304,254,6473.77,1317.95,8843.3,2,14,2629.21,5543.56,0,0,0,0,0,0,1,0,0,201.517,231.449,0.870674,0,0,0,0,37.6899,200.5,20.3096,0,0,0,0,0,0
305,258,6456.3,1331.2,8860.45,2,14,2626.64,5528.52,0,0,0,0,0,0,1,0,0,197.249,220.556,0.894327,0,0,0,0,82.6001,155.88,90.5605,0,0,0,0,0,0
306,258,6456.3,1331.2,8860.45,2,14,2626.64,5457.94,0,0,0,0,0,0,1,0,0,138.318,149.981,0.92224,0,0,0,0,102,87.3199,37.6602,0,0,0,0,0,0
307,259,6445.02,1298.35,8877.6,2,14,2665.01,5406.9,64.8322,57.6691,156.45,156.826,138.707,144.456,1,1,1,47.3372,54.1324,0.874471,80.0652,90.2735,119.913,130.447,15.1602,41.8199,19.6592,80.0652,90.2735,119.913,130.447,1,1
308,259,6445.02,1298.35,8877.6,2,14,2665.01,5449.82,0,0,0,0,0,0,1,0,0,85.7596,97.0532,0.883635,0,0,0,0,65.1099,30.0499,47.0498,0,0,0,0,0,0
309,260,6449.9,1303.07,8918.17,2,14,2674.49,5525.13,0,0,0,0,0,0,1,0,0,116.319,146.335,0.794877,0,0,0,0,66.1597,93.9299,30.8896,0,0,0,0,0,0
310,260,6449.9,1303.07,8918.17,2,14,2674.49,5501.9,0,0,0,0,0,0,1,0,0,105.331,123.103,0.85564,0,0,0,0,30.1201,80.5199,61.3604,0,0,0,0,0,0
311,261,6554.48,1358.47,8890.47,2,14,2594.35,5543.56,0,0,0,0,0,0,1,0,0,226.547,287.849,0.787036,0,0,0,0,55.6201,211.97,96.7998,0,0,0,0,0,0
312,261,6554.48,1358.47,8890.47,2,14,2594.35,5368.91,0,0,0,0,0,0,1,0,0,90.6907,113.197,0.801178,0,0,0,0,14.75,58.4,69.3799,0,0,0,0,0,0
313,262,6565.95,1358.43,8858.78,2,14,2580.86,5600.83,0,0,0,0,0,0,1,0,0,294.338,332.131,0.886212,0,0,0,0,86.5098,236.43,159.61,0,0,0,0,0,0
314,262,6565.95,1358.43,8858.78,2,14,2580.86,5319.51,0,0,0,0,0,0,1,0,0,41.535,50.808,0.81749,0,0,0,0,31.3799,27.91,8.45996,0,0,0,0,0,0
315,263,6575.25,1297.97,8982.6,2,14,2681.28,5363.24,39.3027,43.9082,155.07,158.746,138.624,142.478,1,1,1,9.07179,9.79695,0.925982,40.4988,43.3264,62.8754,69.2321,5.91992,6.75,1.39062,40.4988,43.3264,62.8754,69.2321,1,1
316,263,6575.25,1297.97,8982.6,2,14,2681.28,5403.66,61.0174,53.3134,159.877,163.168,132.555,132.487,1,1,1,48.1254,50.2113,0.958458,23.3071,23.7427,10.9227,12.7605,21.6899,40.37,15.7695,23.3071,23.7427,10.9227,12.7605,1,1
317,266,6533.8,1368.4,9008.08,2,14,2634.94,5466.25,0,0,0,0,0,0,1,0,0,154.453,174.199,0.886646,0,0,0,0,29.4199,151.37,20.6201,0,0,0,0,0,0
318,266,6533.8,1368.4,9008.08,2,14,2634.94,5448.02,0,0,0,0,0,0,1,0,0,143.021,155.975,0.916945,0,0,0,0,126.03,51.48,44.9004,0,0,0,0,0,0
319,269,6561.98,1355.12,8949.73,2,14,2618.74,5360.58,0,0,0,0,0,0,1,0,0,125.74,145.813,0.862338,0,0,0,0,58.52,84.37,75.9805,0,0,0,0,0,0
320,269,6561.98,1355.12,8949.73,2,14,2618.74,5227.95,88.2361,65.177,129.267,107.715,135.189,132.163,1,1,1,12.8872,13.1794,0.97783,90.2772,94.638,175.385,225.319,11.3999,5.83997,1.5,282.798,338.92,175.385,225.319,2,1
321,270,6575.6,1390.15,8943,2,14,2582.17,5363.46,0,0,0,0,0,0,1,0,0,159.539,188.861,0.844744,0,0,0,0,109.93,106.35,53.7197,0,0,0,0,0,0
322,270,6575.6,1390.15,8943,2,14,2582.17,5180.31,50.8898,63.1472,175.687,175.687,132.679,117.668,1,1,1,5.6818,5.7169,0.993861,1.44274,1.44275,82.5668,89.5834,0.189941,2.59998,5.0498,783.332,912.076,82.5668,89.5834,12,1
323,271,6537.9,1366.25,8891,2,14,2590.31,5363.49,0,0,0,0,0,0,1,0,0,79.587,85.4459,0.931432,0,0,0,0,16.3301,61.8199,48.2402,0,0,0,0,0,0
324,271,6537.9,1366.25,8891,2,14,2590.31,5550,0,0,0,0,0,0,1,0,0,255.947,271.955,0.941138,0,0,0,0,152.92,151.65,138.45,0,0,0,0,0,0
325,277,6505.27,1343.75,8973.75,2,14,2648.33,5326.36,68.2675,39.6793,132.185,167.459,116.756,135.403,1,1,1,30.2452,33.5911,0.900393,78.284,84.4897,88.4717,98.7528,9.5,14.3,24.9004,293.629,329.54,231.056,257.265,2,2
326,277,6505.27,1343.75,8973.75,2,14,2648.33,5296.39,96.8081,45.3491,99.3303,134.929,155.25,152.93,1,1,1,2.82805,3.62644,0.779843,88.6357,105.064,123.571,136.698,1.43018,1.83008,1.90039,88.6357,105.064,123.571,136.698,1,1
327,283,6434.15,1289.7,8812.25,2,14,2652.61,5508.75,0,0,0,0,0,0,1,0,0,99.1369,113.721,0.871755,0,0,0,0,30.3799,94.13,14.6797,0,0,0,0,0,0
328,283,6434.15,1289.7,8812.25,2,14,2652.61,5537.34,0,0,0,0,0,0,1,0,0,124.216,142.303,0.872892,0,0,0,0,23.0801,116.8,40.6006,0,0,0,0,0,0
329,285,6490.9,1350.62,8803.45,2,14,2582.14,5588.33,0,0,0,0,0,0,1,0,0,249.349,272.802,0.914027,0,0,0,0,32.1597,238.52,69.7998,0,0,0,0,0,0
330,285,6490.9,1350.62,8803.45,2,14,2582.14,5406.67,74.9103,20.026,168.135,156.851,113.761,140.594,1,1,1,85.3414,91.1472,0.936303,79.4523,98.8276,182.183,206.573,63.1699,44,39.4502,79.4523,98.8276,182.183,206.573,1,1
331,286,6501.3,1326.72,8803.88,2,14,2602.31,5390.69,136.913,81.7447,121.698,142.733,27.1098,122.236,1,1,1,42.7205,48.3632,0.883325,2.84721,2.84727,55.715,70.1681,24.25,34.22,13.25,241.976,283.034,174.216,207.603,3,2
332,286,6501.3,1326.72,8803.88,2,14,2602.31,5356.33,1.67142,48.5126,154.947,151.942,153.437,125.726,1,1,1,12.812,13.9963,0.915383,62.4983,84.581,171.732,233.007,8.56982,9.46997,2.2998,62.4983,84.581,171.732,233.007,1,1
333,287,6533.45,1335.97,8935.7,2,14,2635.5,5615.89,0,0,0,0,0,0,1,0,0,139.251,159.555,0.872744,0,0,0,0,68.4502,113.87,42.6104,0,0,0,0,0,0
334,287,6533.45,1335.97,8935.7,2,14,2635.5,5590.69,0,0,0,0,0,0,1,0,0,121.992,134.361,0.907937,0,0,0,0,69.2197,33.4399,94.7998,0,0,0,0,0,0
335,288,6546.9,1375.12,8955.7,2,14,2605.54,5455.19,65.4913,32.3648,133.933,157.24,138.445,151.911,1,1,1,6.77808,6.80968,0.995361,118.371,130.673,46.1179,55.3269,1.44971,0.969971,6.5498,118.371,130.673,46.1179,55.3269,1,1
336,288,6546.9,1375.12,8955.7,2,14,2605.54,5547.16,0,0,0,0,0,0,1,0,0,87.8641,98.7756,0.889532,0,0,0,0,82.3301,9.17004,30.9502,0,0,0,0,0,0
337,297,6478.35,1289.3,8912.9,2,15,2679.43,5414.47,0,0,0,0,0,0,1,0,0,54.8008,67.4313,0.81269,0,0,0,0,38.3501,33.24,27.3301,0,0,0,0,0,0
338,297,6478.35,1289.3,8912.9,2,15,2679.43,5422.7,118.72,60.6438,128.114,159.686,113.165,116.383,1,1,1,61.398,75.6578,0.811522,28.1955,30.0767,140.952,165.633,17.3003,56.7001,20.9902,28.1955,30.0767,140.952,165.633,1,1
339,301,6604.08,1293.2,8913.42,2,15,2654.79,5517.36,0,0,0,0,0,0,1,0,0,210.087,222.506,0.944185,0,0,0,0,43.8301,192.02,75.2803,0,0,0,0,0,0
340,301,6604.08,1293.2,8913.42,2,15,2654.79,5443.21,0,0,0,0,0,0,1,0,0,132.181,148.361,0.890941,0,0,0,0,16.98,131.48,13.1602,0,0,0,0,0,0
341,303,6478.42,1261.7,8819.2,2,15,2671.79,5546.41,0,0,0,0,0,0,1,0,0,147.55,169.57,0.870145,0,0,0,0,34.6802,143.08,23.1602,0,0,0,0,0,0
342,303,6478.42,1261.7,8819.2,2,15,2671.79,5546.86,0,0,0,0,0,0,1,0,0,155.653,170.017,0.915519,0,0,0,0,21.6201,107.06,112.28,0,0,0,0,0,0
343,307,6459.5,1256.53,8860.8,2,15,2694.41,5497.17,0,0,0,0,0,0,1,0,0,80.0652,90.2735,0.886919,0,0,0,0,29.6802,74.5601,5.69043,0,0,0,0,0,0
344,307,6459.5,1256.53,8860.8,2,15,2694.41,5537.35,0,0,0,0,0,0,1,0,0,119.913,130.447,0.919246,0,0,0,0,14.6401,75.64,92.8301,0,0,0,0,0,0
345,315,6569.33,1291.22,8981.3,2,15,2687.81,5406.57,0,0,0,0,0,0,1,0,0,40.4988,43.3264,0.934735,0,0,0,0,35,20.3199,4.42969,0,0,0,0,0,0
346,315,6569.33,1291.22,8981.3,2,15,2687.81,5432.48,0,0,0,0,0,0,1,0,0,62.8754,69.2321,0.908182,0,0,0,0,20.3799,54.4,24.5498,0,0,0,0,0,0
347,316,6596.17,1257.6,8966.83,2,15,2708.68,5427.4,0,0,0,0,0,0,1,0,0,23.3071,23.7427,0.981654,0,0,0,0,4.47998,20.4199,10.5,0,0,0,0,0,0
348,316,6596.17,1257.6,8966.83,2,15,2708.68,5416.42,0,0,0,0,0,0,1,0,0,10.9227,12.7605,0.855977,0,0,0,0,2.31006,9.68005,4.87012,0,0,0,0,0,0
349,320,6550.58,1349.28,8951.15,2,15,2626.48,5453.27,0,0,0,0,0,0,1,0,0,175.385,225.319,0.778387,0,0,0,0,52.1704,168.88,41.0293,0,0,0,0,0,0
350,320,6550.58,1349.28,8951.15,2,15,2626.48,5322.58,99.4668,46.0558,175.02,145.864,85.116,167.936,1,1,1,90.2772,94.638,0.953921,137.494,149.623,55.0264,94.659,20.1299,41.5,77.7705,137.494,149.623,55.0264,94.659,1,1
351,322,6575.45,1387.55,8937.95,2,15,2582.57,5181.76,12.09,57.137,172.747,167.44,161.433,134.097,1,1,1,1.44274,1.44275,0.999995,88.0639,94.0711,41.1516,46.4556,0.0703125,0.75,1.23047,523,600.776,388.105,450.384,8,4
352,322,6575.45,1387.55,8937.95,2,15,2582.57,5269.9,0,0,0,0,0,0,1,0,0,82.5668,89.5834,0.921675,0,0,0,0,66.8003,12.9199,47.8301,0,0,0,0,0,0
353,325,6495.77,1329.45,8948.85,2,15,2653.27,5410.85,71.5646,24.2578,165.674,161.447,113.97,141.947,1,1,1,78.284,84.4897,0.926551,93.9505,112.725,121.394,132.326,13.4199,30.85,71.2295,93.9505,112.725,121.394,132.326,1,1
354,325,6495.77,1329.45,8948.85,2,15,2653.27,5425.11,85.881,34.6121,102.092,169.248,168.007,137.161,1,1,1,88.4717,98.7528,0.89589,44.062,50.9759,98.5219,107.537,22.9297,24.5801,82.3193,44.062,50.9759,98.5219,107.537,1,1
355,326,6506.7,1342.22,8975.65,2,15,2650.2,5401.46,0,0,0,0,0,0,1,0,0,88.6357,105.064,0.843634,0,0,0,0,13.9897,80.2899,37.2197,0,0,0,0,0,0
356,326,6506.7,1342.22,8975.65,2,15,2650.2,5433.09,0,0,0,0,0,0,1,0,0,123.571,136.698,0.903967,0,0,0,0,77.0498,90.97,32.5195,0,0,0,0,0,0
357,330,6429.33,1306.62,8764,2,15,2622.29,5505.5,0,0,0,0,0,0,1,0,0,79.4523,98.8276,0.803949,0,0,0,0,36.3901,40.6899,58.9502,0,0,0,0,0,0
358,330,6429.33,1306.62,8764,2,15,2622.29,5613.24,0,0,0,0,0,0,1,0,0,182.183,206.573,0.881931,0,0,0,0,26.5303,121.92,133.5,0,0,0,0,0,0
359,331,6479.2,1292.5,8816.75,2,15,2642.42,5393.54,82.4661,95.3648,98.2947,114.831,143.208,148.879,1,1,1,2.84721,2.84727,0.99998,20.6475,21.7132,126.088,159.993,2.58008,1.19995,0.0996094,133.688,141.907,126.088,159.993,2,1
360,331,6479.2,1292.5,8816.75,2,15,2642.42,5460.86,99.7231,83.3443,175.923,148.616,76.4295,70.1355,1,1,1,55.715,70.1681,0.794022,105.088,122.626,13.4136,14.8095,20.6602,54.71,14.54,105.088,122.626,13.4136,14.8095,1,1
361,332,6509.67,1317.25,8801.78,2,15,2608.78,5440.91,0,0,0,0,0,0,1,0,0,62.4983,84.581,0.738916,0,0,0,0,24.8901,56.05,17.7705,0,0,0,0,0,0
362,332,6509.67,1317.25,8801.78,2,15,2608.78,5589.33,0,0,0,0,0,0,1,0,0,171.732,233.007,0.737025,0,0,0,0,126.88,46.97,105.89,0,0,0,0,0,0
363,335,6545.45,1374.15,8962.25,2,15,2609.25,5585.87,0,0,0,0,0,0,1,0,0,118.371,130.673,0.905856,0,0,0,0,9.14014,29.8099,116.37,0,0,0,0,0,0
364,335,6545.45,1374.15,8962.25,2,15,2609.25,5510.52,0,0,0,0,0,0,1,0,0,46.1179,55.3269,0.833553,0,0,0,0,12,15.5499,42.2998,0,0,0,0,0,0
365,338,6466.75,1232.6,8933.4,2,16,2740.79,5452.77,0,0,0,0,0,0,1,0,0,28.1955,30.0767,0.937455,0,0,0,0,3.5498,28.0499,2.56934,0,0,0,0,0,0
366,338,6466.75,1232.6,8933.4,2,16,2740.79,5588.33,0,0,0,0,0,0,1,0,0,140.952,165.633,0.850991,0,0,0,0,96.9502,65.2201,85.0195,0,0,0,0,0,0
367,350,6531.1,1307.78,8873.38,2,16,2638.51,5472.21,0,0,0,0,0,0,1,0,0,137.494,149.623,0.918936,0,0,0,0,49.3403,82.1901,99.9795,0,0,0,0,0,0
368,350,6531.1,1307.78,8873.38,2,16,2638.51,5417.24,0,0,0,0,0,0,1,0,0,55.0264,94.659,0.581311,0,0,0,0,36.4697,21.98,45.0498,0,0,0,0,0,0
369,351,6575.38,1386.8,8936.72,2,16,2582.78,5228.21,18.6515,83.2191,157.214,128.217,171.836,87.3177,1,1,1,41.1516,46.4556,0.885826,19.4548,20.7042,32.0721,42.6768,28.6201,20.3501,22.75,334.336,381.956,32.0721,42.6768,3,1
370,351,6575.38,1386.8,8936.72,2,16,2582.78,5275.83,72.8023,39.2825,157.412,140.462,124.651,105.829,1,1,1,88.0639,94.0711,0.936142,37.917,43.6733,74.0247,100.221,23,49.3301,69.4395,333.705,383.877,213.172,266.722,6,2
371,353,6485.62,1298.6,8877.62,2,16,2656.75,5523.57,0,0,0,0,0,0,1,0,0,93.9505,112.725,0.833452,0,0,0,0,25.27,28.15,88.2705,0,0,0,0,0,0
372,353,6485.62,1298.6,8877.62,2,16,2656.75,5543.17,0,0,0,0,0,0,1,0,0,121.394,132.326,0.917386,0,0,0,0,59.75,57.6,88.6201,0,0,0,0,0,0
373,354,6474.35,1353.78,8866.53,2,16,2604.6,5476.09,0,0,0,0,0,0,1,0,0,44.062,50.9759,0.864369,0,0,0,0,19.0498,11.0399,39.04,0,0,0,0,0,0
374,354,6474.35,1353.78,8866.53,2,16,2604.6,5532.65,0,0,0,0,0,0,1,0,0,98.5219,107.537,0.91617,0,0,0,0,68.5801,24.9401,66.7305,0,0,0,0,0,0
375,359,6476.62,1291.3,8816.65,2,16,2644,5553.53,0,0,0,0,0,0,1,0,0,126.088,159.993,0.788086,0,0,0,0,108.85,38.64,57.8994,0,0,0,0,0,0
376,359,6476.62,1291.3,8816.65,2,16,2644,5415.25,61.8777,61.0397,160.448,165.883,134.416,133.022,1,1,1,20.6475,21.7132,0.95092,80.3319,84.054,32.7088,36.1401,4.02002,12.87,15.8701,80.3319,84.054,32.7088,36.1401,1,1
377,360,6495.02,1240.53,8804.38,2,16,2683.33,5583.49,0,0,0,0,0,0,1,0,0,105.088,122.626,0.856977,0,0,0,0,13.8501,102.87,21.7598,0,0,0,0,0,0
378,360,6495.02,1240.53,8804.38,2,16,2683.33,5475.67,0,0,0,0,0,0,1,0,0,13.4136,14.8095,0.905743,0,0,0,0,1.79004,1.58997,13.2402,0,0,0,0,0,0
379,369,6602.98,1366.45,8913.97,2,17,2588.18,5270.89,0,0,0,0,0,0,1,0,0,32.0721,42.6768,0.751512,0,0,0,0,8.22021,18.9199,27.5596,0,0,0,0,0,0
380,369,6602.98,1366.45,8913.97,2,17,2588.18,5248.92,36.9414,30.2065,142.561,116.873,172.972,144.475,1,1,1,19.4548,20.7042,0.939656,64.1193,76.4518,190.496,211.459,2.9502,16.95,9.29004,188.505,226.245,190.496,211.459,2,1
381,370,6553.02,1337.47,8867.28,2,17,2605.32,5319.5,87.4079,80.9499,110.142,124.135,150.87,153.818,1,1,1,37.917,43.6733,0.868197,10.9011,13.6633,59.5589,67.3932,10.6099,35.72,10.0205,101.354,120.087,264.895,301.173,4,2
382,370,6553.02,1337.47,8867.28,2,17,2605.32,5376.05,116.081,116.219,114.96,103.899,128.656,107.561,1,1,1,74.0247,100.221,0.738614,133.111,159.899,6.03679,6.60234,38.3701,57.97,30.7402,133.111,159.899,6.03679,6.60234,1,1
383,376,6473.65,1278.43,8800.78,2,17,2651.16,5499.31,0,0,0,0,0,0,1,0,0,80.3319,84.054,0.955718,0,0,0,0,6.72998,60.0801,53.2305,0,0,0,0,0,0
384,376,6473.65,1278.43,8800.78,2,17,2651.16,5451.39,0,0,0,0,0,0,1,0,0,32.7088,36.1401,0.905057,0,0,0,0,19.4497,2.53003,26.5,0,0,0,0,0,0
385,380,6600.77,1349.5,8904.68,2,18,2600.47,5325.37,5.87429,49.2178,159.275,152.909,165.149,154.894,1,1,1,64.1193,76.4518,0.838689,115.104,133.442,9.28167,16.3512,11.21,51.78,36.5303,115.104,133.442,9.28167,16.3512,1,1
386,380,6600.77,1349.5,8904.68,2,18,2600.47,5460.38,0,0,0,0,0,0,1,0,0,190.496,211.459,0.900863,0,0,0,0,63.2998,179.12,21.3398,0,0,0,0,0,0
387,381,6543.77,1301.75,8858.55,2,18,2636.57,5333.16,90.716,26.0833,138.626,155.97,129.953,139.794,1,1,1,10.9011,13.6633,0.797834,46.0343,54.6718,16.4865,17.3124,2.22021,4.06006,10.0996,120,143.783,16.4865,17.3124,3,1
388,381,6543.77,1301.75,8858.55,2,18,2636.57,5386.89,116.094,90.9999,127.415,124.082,102.672,133.33,1,1,1,59.5589,67.3932,0.883753,151.677,163.666,53.6588,70.114,19.6201,54.9301,15.3398,151.677,163.666,53.6588,70.114,1,1
389,382,6516.08,1279.5,8894.75,2,18,2674.76,5535.95,0,0,0,0,0,0,1,0,0,133.111,159.899,0.832467,0,0,0,0,95.3999,77.1801,53.2803,0,0,0,0,0,0
390,382,6516.08,1279.5,8894.75,2,18,2674.76,5382.65,0,0,0,0,0,0,1,0,0,6.03679,6.60234,0.914342,0,0,0,0,3.22998,2.59998,4.5,0,0,0,0,0,0
391,385,6590.17,1297.72,8940.98,2,19,2663.09,5458.81,0,0,0,0,0,0,1,0,0,115.104,133.442,0.862579,0,0,0,0,48.9199,102.69,21.4902,0,0,0,0,0,0
392,385,6590.17,1297.72,8940.98,2,19,2663.09,5341.72,0,0,0,0,0,0,1,0,0,9.28167,16.3512,0.567644,0,0,0,0,5.87988,6.78003,6.47949,0,0,0,0,0,0
393,387,6541.55,1298.3,8848.45,2,19,2636.58,5350.48,0,0,0,0,0,0,1,0,0,16.4865,17.3124,0.952295,0,0,0,0,11.8999,7.83008,8.2998,0,0,0,0,0,0
394,387,6541.55,1298.3,8848.45,2,19,2636.58,5387.84,143.874,80.0754,152.105,127.478,60.2804,59.3068,1,1,1,46.0343,54.6718,0.842012,74.5687,107.762,40.0829,49.6487,28.71,11.2,36.9004,108.452,147.224,40.0829,49.6487,2,1
395,388,6524.67,1246.82,8871.4,2,19,2694.92,5550.56,0,0,0,0,0,0,1,0,0,151.677,163.666,0.926747,0,0,0,0,17.7002,113.44,100.61,0,0,0,0,0,0
396,388,6524.67,1246.82,8871.4,2,19,2694.92,5457.01,0,0,0,0,0,0,1,0,0,53.6588,70.114,0.765308,0,0,0,0,17.5898,34.47,39.6299,0,0,0,0,0,0
397,394,6515.17,1290.45,8811.55,2,20,2635.82,5495.6,36.5999,59.7512,123.361,108.279,156.577,156.983,1,1,1,74.5687,107.762,0.691978,6.33313,9.9824,27.5501,29.4801,59.6201,51,30.9502,6.33313,9.9824,27.5501,29.4801,1,1
398,394,6515.17,1290.45,8811.55,2,20,2635.82,5437.48,0,0,0,0,0,0,1,0,0,40.0829,49.6487,0.80733,0,0,0,0,12.5698,37.12,9.75977,0,0,0,0,0,0
399,397,6455.55,1329.32,8789.3,2,21,2604.07,5505.58,0,0,0,0,0,0,1,0,0,6.33313,9.9824,0.63443,0,0,0,0,3.57959,3.08997,5.89941,0,0,0,0,0,0
400,397,6455.55,1329.32,8789.3,2,21,2604.07,5525.08,0,0,0,0,0,0,1,0,0,27.5501,29.4801,0.934534,0,0,0,0,25.3999,5.19006,9.87988,0,0,0,0,0,0
