Cell name,x_pos,y_pos,z_pos
18455_00041,260.479,140.678,91.778
18464_00010,187.96,142.452,299.988
18867_4922_x30354_y7405,249.176,87.18,95.199
18465_00309,278.224,246.339,112.838
18454_00143,309.042,167.527,153.425
18453_3945_x11262_y6434,203.387,64.108,128.87
18868_2621_x11765_y8944,112.065,111.949,307.971
17302_00031,196.78,171.007,340.092
18458_00488,181.617,196.981,124.916
18454_00166,270.098,189.916,148.806
17787_00019,190.392,152.099,99.668
18457_00027,280.02,136.782,312.625
17302_00033,170.101,173.7,314.283
18867_6014_x17935_y4434,289.765,36.914,250.777
18869_4571_x10055_y8359,239.334,161.285,279.513
18453_6181_x10238_y3690,311.756,39.571,108.089
18464_00191,363.835,140.355,331.051
18462_00061,329.145,161.077,145.342
18455_00045,312.845,132.589,133.529
18867_4052_x9852_y8712,200.145,107.493,360.657
18465_00054,280.517,99.698,293.789
18455_00123,261.317,150.841,291.263
18454_00154,272.434,182.197,168.304
18864_2086_x2903_y21496,98.184,92.543,291.848
17787_00050,189.741,203.714,101.811
18454_00061,280.025,135.256,311.664
18457_00203,274.5,167.128,126.253
18457_00034,146.821,140.315,136.128
18864_00021,209.508,64.426,125.767
18457_00194,279.225,160.178,133.277
17781_5894_x11460_y10079,298.117,124.966,67.712
18867_5319_x14289_y4114,253.038,31.796,300.347
18455_00220,212.834,203.937,107.584
17302_00046,229.211,127.505,334.584
18867_5082_x26232_y14941,259.555,195.04,157.263
18867_3807_x9130_y11820,187.091,155.582,373.843
17109_6301_x4756_y24516,344.562,61.115,343.346
18465_00229,297.168,177.94,315.431
18457_00089,270.411,159.679,311.944
18453_3225_x17398_y19713,161.54,263.908,217.732
18455_00143,281.707,151.466,310.255
18455_00133,257.248,194.532,234.92
18454_00159,284.281,186.194,151.529
17302_00057,188.513,123.562,299.071
18455_00033,179.034,131.677,120.889
18454_00136,282.865,170.777,169.482
17543_5334_x5066_y20381,302.435,65.417,374.098
18457_00064,272.915,143.861,145.824
18047_4458_x18853_y10785,213.139,85.279,211.025
18867_4533_x14227_y15937,234.028,211.308,305.111
18464_00042,280.625,155.802,311.096
18452_4126_x15225_y20986,177.699,288.721,275.66
191812_3163_x6264_y21524,142.59,102.734,332.043
18458_00542,273.121,157.74,147.225
18864_00023,233.809,56.35,113.73
17781_3668_x9453_y17266,191.599,107.376,141.512
17302_00116,300.892,146.226,145.041
18458_00150,277.46,134.587,286.757
236174_3729_x15151_y26698,205.316,190.798,368.922
18463_00032,334.281,163.37,322.863
18465_00312,365.777,154.418,128.039
17302_00059,171.824,136.48,281.697
18454_00054,263.663,191.455,245.674
18454_00161,284.165,191.652,175.689
18864_5099_x6368_y29941,267.935,98.659,399.177
17545_00045,203.37,179.822,355.943
18047_7769_x31046_y13195,377.964,163.096,63.562
18454_00155,277.396,180.597,167.47
18454_00176,261.226,197.025,240.403
17543_4868_x6727_y21047,264.42,109.7,385.825
18455_00023,269.385,137.758,283.253
18458_00584,282.4,182.759,139.937
18453_6477_x30376_y5078,352.826,49.706,356.475
18454_01132,279.063,181.857,308.493
18867_7172_x22280_y4802,347.378,41.222,199.854
17545_00146,197.116,158.075,127.317
pre_18864_00059,188.985,65.34,162.665
17545_00047,183.695,159.737,347.101
18464_00193,336.228,125.349,313.747
18453_6675_x8876_y4461,333.467,56.429,87.836
18454_01032,282.985,156.998,325.949
17302_00014,192.398,166.969,355.769
18454_01104,293.487,151.675,141.2
18464_00127,275.02,171.414,293.212
18457_00129,272.131,153.828,305.461
18868_3931_x26823_y7496,201.233,83.841,123.313
18464_00143,271.513,165.168,156.469
18458_00565,281.86,169.883,133.599
18864_6956_x8154_y30811,360.383,98.664,405.638
18457_00077,224.618,195.764,347.479
18454_00096,238.171,170.009,213.091
18465_00001,260.993,137.426,357.097
18455_00153,269.226,181.603,304.44
18463_00019,197.952,165.967,345.98
18868_2584_x14386_y13639,115.223,181.357,272.408
18453_3810_x16082_y20891,183.831,287.817,188.519
18458_00242,292.133,129.896,122.328
18462_00027,278.926,172.904,321.253
18867_5287_x32054_y8614,268.064,107.631,72.23
18454_01103,281.384,154.275,142.84
182725_2390_x8944_y12077,106.64,118.729,155.428
18868_5686_x9887_y5415,284.231,46.597,324.351
18463_00067,288.561,166.196,153.477
18463_00001,315.041,130.89,135.657
18864_2520_x2913_y22642,122.62899999999999,84.75,308.299
18454_01105,286.655,155.086,138.098
18463_00020,200.585,172.957,340.41
18464_00031,311.359,123.889,312.064
17302_00096,200.047,184.97,95.004
17545_00126,205.465,187.044,105.504
18454_00080,180.47,124.52,173.127
18864_4420_x4377_y8261,215.362,67.536,131.328
18464_00183,277.592,161.951,145.82
18869_4302_x23433_y9053,232.583,173.803,57.597
18465_00082,287.975,171.766,315.14
18463_00055,282.848,142.871,163.023
18457_00031,175.471,127.944,173.518
18465_00209,126.128,263.991,271.996
18454_00140,281.917,170.251,155.913
18868_5723_x7031_y7203,282.864,76.454,364.581
18864_00002,251.652,84.313,70.164
18455_00142,273.091,154.697,305.305
18453_4693_x33039_y11636,252.05900000000003,126.464,409.302
18461_3220_x7596_y9465,138.519,211.827,341.636
17545_00057,273.409,188.916,295.817
18465_00044,233.01,160.031,324.305
236174_5738_x11712_y6818,280.101,169.368,64.621
18465_00303,308.532,177.101,150.257
191812_5221_x9028_y25900,246.508,160.845,404.226
18454_00170,347.1,159.525,126.193
18454_01081,288.927,146.69,145.634
17543_3828_x6023_y17044,220.301,115.69,302.021
18454_00090,155.331,172.118,129.461
18458_00241,284.874,127.684,118.628
18453_7309_x5442_y9199,362.922,135.513,43.824
pre_18465_00373,348.73,117.172,322.805
18453_3935_x22928_y21885,196.054,293.414,294.005
18458_00280,289.745,146.752,138.425
18457_00074,313.696,146.424,133.072
17302_00048,292.226,120.578,320.817
18455_00019,267.699,145.662,321.101
17545_00168,289.404,149.02,143.594
18864_00029,186.954,175.074,70.902
18464_00052,295.636,156.35,314.733
18458_00375,249.967,185.736,248.808
18458_00125,287.806,145.312,315.485
18453_6229_x34471_y10482,336.93,118.382,425.438
18465_00235,274.36,189.229,311.127
18455_00132,249.837,194.566,239.713
17545_00092,315.359,150.182,332.866
18465_00246,279.087,241.675,328.044
17302_00078,302.482,150.058,138.643
18462_00035,207.85,128.614,161.393
17302_00006,208.901,187.932,362.784
18455_00224,196.903,173.23,92.382
18454_01112,282.046,153.038,130.496
191801_4228_x15043_y11097,197.078,297.97,152.705
18453_5535_x29214_y5045,304.014,42.818,342.399
18453_6500_x34303_y12884,350.055,155.101,423.976
18869_4662_x10221_y8547,242.79500000000002,163.926,278.811
17302_00110,187.676,150.804,134.727
18867_4826_x11914_y16564,246.79000000000002,218.641,335.082
18869_5418_x23277_y4971,282.368,75.687,71.288
18465_00030,226.047,135.187,336.962
17302_00098,206.216,170.862,96.79
18455_00147,265.705,166.274,301.065
18454_00131,281.512,184.985,181.587
18868_3853_x29683_y10294,193.659,126.86,82.318
182724_4785_x5002_y11122,226.408,59.145,149.116
18869_3751_x5868_y6832,195.537,144.646,373.782
pre_18864_00016,231.5,47.821,324.421
18463_00004,238.476,110.807,315.874
18464_00196,285.161,117.038,168.701
18868_4132_x11881_y6094,206.386,67.905,299.046
18869_4848_x18620_y8132,255.361,144.816,156.85
18453_3471_x28224_y8289,197.747,78.02,345.724
18867_4926_x25796_y14504,251.906,186.919,162.748
18868_3009_x28076_y11485,141.304,143.99,97.306
182724_2525_x8483_y21088,104.988,153.802,318.108
18867_7123_x11808_y5131,343.051,59.961,332.83
18864_6734_x4899_y27447,334.09,43.017,355.868
17782_3352_x11384_y16404,139.033,164.821,342.253
17302_00011,210.08,181.059,363.371
18867_4776_x28359_y6621,238.77800000000002,74.926,121.634
18457_00116,184.19,261.161,314.886
18454_00142,303.505,163.678,146.663
18465_00109,285.275,139.443,132.937
191807_5062_x6404_y23808,252.573,124.571,381.743
pre_18458_00369,281.494,93.337,167.105
18458_00353,203.473,197.233,330.3
18464_00197,281.994,118.437,163.785
17545_00113,166.894,135.425,160.695
17781_6287_x8230_y11645,317.044,87.007,81.714
17781_6643_x22317_y12822,341.364,245.655,100.538
18869_5150_x8933_y7652,264.576,143.271,308.763
18453_6053_x8032_y5933,299.915,76.409,81.338
18867_6413_x20950_y6015,310.968,66.108,216.152
18867_5654_x12080_y5724,264.652,66.175,330.549
18458_00548,275.924,170.683,155.117
17543_3308_x10077_y3766,172.294,200.275,63.497
18869_4520_x23555_y8194,244.164,153.789,58.105
pre_17543_01274,64.345,263.763,323.615
18454_00049,141.907,181.108,279.635
18458_00437,261.671,175.633,305.21
17302_00085,228.028,190.802,100.472
18465_00056,275.951,140.566,306.732
18457_00055,274.974,136.431,145.079
191812_2978_x7903_y22705,131.037,140.631,355.071
182724_2333_x7081_y21185,89.954,124.368,318.964
18464_00141,187.926,186.255,113.269
18868_3453_x28753_y10380,170.065,127.606,92.783
18454_00068,272.846,170.257,314.98
17109_6401_x7641_y3978,363.85,133.727,61.321
17545_00136,202.001,185.98,104.124
18457_00111,243.86,186.207,276.175
18465_00238,299.015,189.005,314.191
18868_3871_x26350_y7564,198.602,85.719,129.469
18457_00146,261.883,158.715,143.172
18453_3186_x12745_y7108,168.266,67.832,150.5
18454_00141,294.337,171.817,155.957
18454_01018,269.9,175.458,284.632
18458_00239,289.841,127.496,136.89
18867_3994_x27846_y7437,203.726,86.994,127.966
18457_00007,161.078,147.441,291.218
18458_00443,263.682,171.281,299.109
18869_7472_x16444_y11009,388.738,215.471,188.41
191801_3966_x14363_y10542,184.726,280.517,145.203
236174_2669_x10674_y13239,138.914,147.077,163.256
18868_6196_x17668_y4955,318.677,38.41,236.844
18465_00035,148.833,152.225,284.599
18453_2884_x12998_y7285,151.673,69.095,153.55
182724_2997_x5821_y12613,138.095,90.07,167.021
18455_00127,239.457,179.706,223.628
pre_18864_00084,229.672,60.696,147.866
18867_6007_x18415_y4843,289.97,44.375,245.02
18869_4282_x22276_y6457,232.359,117.984,85.426
17302_00052,334.249,147.628,309.66
pre_18864_00079,277.698,49.151,337.681
18869_4371_x21382_y5522,236.916,97.534,105.321
15257_4149_x16164_y21238,226.981,69.509,200.146
17302_00037,285.219,143.17,325.593
18869_4550_x17965_y4177,234.927,68.044,170.239
18869_4722_x18329_y4110,242.976,67.445,164.577
pre_18864_00060,286.271,39.836,337.938
18458_00374,255.514,197.402,274.46
191812_5586_x4875_y23378,265.272,67.535,361.383
18455_00122,263.849,150.448,301.03
18455_00148,266.757,165.342,297.344
182725_2241_x9113_y11193,99.121,117.784,137.103
18458_00461,263.088,175.604,287.284
18458_00541,281.189,156.535,153.605
18868_2559_x15436_y13207,115.125,174.677,258.63
18453_5343_x23330_y3366,291.785,17.095,267.808
18457_00170,133.564,214.113,183.936
17543_3471_x12087_y3637,170.283,239.615,57.978
17545_00165,342.339,173.996,135.425
18454_01006,268.484,170.351,320.878
18454_01098,279.375,153.715,146.609
18454_00059,304.115,124.518,317.085
pre_18465_00371,344.707,122.958,321.822
18454_00129,294.82,135.617,132.695
18453_4540_x32498_y9442,247.582,94.909,401.056
18869_3480_x6168_y6983,182.271,148.075,367.371
18458_00502,139.374,276.624,195.561
18868_2601_x23273_y17306,113.662,233.931,156.016
18463_00068,290.551,174.847,166.405
18455_00181,152.015,181.274,122.645
18455_00255,283.777,146.773,155.68
18454_00058,258.973,192.201,229.467
18455_5472_x13482_y11733,265.998,147.779,304.73
18453_2428_x13810_y8197,129.624,82.87,166.222
18455_00199,270.501,158.818,171.951
236174_7077_x14579_y30892,339.455,150.081,423.568
18465_00348,297.609,174.377,124.546
17781_6627_x22762_y14486,339.173,250.877,116.392
17781_6881_x22248_y12698,353.426,243.35,99.315
17781_4710_x13766_y10574,238.79000000000002,152.228,69.356
18461_7132_x6338_y3287,334.87,54.834,368.084
18868_2924_x10668_y9719,129.809,122.682,321.836
18457_00090,268.705,158.977,298.737
18453_5667_x25695_y3103,308.592,13.281,293.255
182725_2581_x9375_y21137,104.48,171.662,311.178
pre_18864_00163,300.005,75.008,62.844
18462_00009,213.444,113.804,301.369
18464_00045,285.068,152.325,300.654
18453_7112_x9089_y4667,358.971,63.721,91.503
18455_00262,276.17,158.608,131.505
18867_4336_x10280_y7972,214.057,95.419,352.989
17545_00089,291.568,144.06,326.3
18458_00264,314.022,131.232,118.859
17545_00155,221.311,146.821,113.637
17781_6262_x6896_y13574,314.128,69.038,103.927
17545_00044,215.363,193.453,344.601
pre_18864_00286,190.882,56.66,154.605
pre_18864_00067,206.47,74.76,336.316
18453_5308_x10321_y5166,268.226,57.84,114.429
18869_4629_x8451_y4031,236.661,77.821,326.077
18464_00129,281.488,171.448,301.424
18465_00047,259.955,155.717,288.297
18457_00023,284.971,144.416,315.766
18458_00551,288.452,165.202,148.749
18864_00119,371.198,54.152,97.851
18868_5369_x19532_y5532,274.57,44.367,215.001
18454_00046,264.115,156.026,299.334
236174_3729_x13645_y9551,192.175,201.55,105.37
18454_00171,337.289,167.154,130.887
18869_4026_x21667_y6102,217.636,111.332,95.623
18868_4883_x27078_y6285,252.178,62.22,123.907
18462_00053,285.456,173.605,133.465
18455_00110,177.469,165.842,351.387
236174_3529_x12805_y10541,185.065,186.666,122.027
18454_00162,274.327,177.45,148.181
18454_00027,209.507,140.17,306.251
18454_01075,279.656,174.013,275.77
pre_18864_00147,311.21,62.891,73.957
17302_00009,202.817,182.158,358.228
18457_00088,264.682,151.262,300.634
18454_01113,293.873,152.356,130.875
18463_00038,288.523,173.306,296.339
18455_00021,277.451,146.378,317.185
17545_00179,320.251,148.717,140.67
18455_00158,292.604,170.903,277.205
18453_1674_x14446_y9719,83.636,106.734,175.362
18455_5316_x26308_y13288,266.855,165.5,159.579
18455_5404_x24949_y14106,269.985,180.348,175.348
236174_3929_x13599_y9165,199.638,201.117,100.418
18457_00049,273.897,138.872,151.081
18454_00009,181.246,115.76,294.975
18454_01085,286.913,147.756,142.823
17302_00015,209.337,166.098,361.304
18455_00154,273.76,180.347,291.969
18864_00026,134.309,172.079,107.486
18465_00032,158.233,138.531,282.901
18453_6675_x10576_y3102,339.443,32.904,110.195
pre_18458_00374,308.116,103.402,122.995
18868_4863_x31402_y10126,247.462,124.935,62.251
17545_00166,340.82,171.255,134.225
18465_00233,288.233,180.687,315.516
191812_3915_x8011_y24180,181.562,141.357,376.853
18457_00120,271.264,162.066,324.859
17302_00093,210.846,188.911,96.901
18457_00114,230.662,202.5,337.91
18458_00185,257.099,151.787,151.151
18864_5242_x9483_y31549,277.046,135.277,414.646
18868_5983_x17523_y5085,306.744,39.223,238.152
pre_18864_00082,165.5,98.971,350.464
18457_00062,290.841,141.459,135.43
18453_2713_x27713_y9899,152.94,102.069,349.312
18867_3926_x8710_y12751,192.73,168.649,379.846
18869_4693_x19236_y9148,251.71499999999997,172.903,144.904
17545_00084,296.808,188.375,295.95
18453_6708_x6437_y7833,331.916,111.788,62.021
18465_00115,292.214,140.898,131.364
18868_4464_x5477_y11004,209.56,138.071,386.358
18864_3015_x3194_y23588,153.297,80.516,320.18
18869_4550_x7203_y4574,235.01,91.698,349.093
18457_00015,142.115,156.293,283.684
17781_6355_x6443_y33777,316.552,63.639,291.232
18457_00112,266.89,186.105,263.317
18454_01120,267.672,165.128,141.259
17302_00027,198.622,176.726,351.928
18462_00032,313.533,188.521,277.386
18454_01048,288.234,150.911,314.005
pre_18866_00186,359.268,128.684,109.945
18464_00029,351.304,151.661,330.393
17545_00094,310.042,129.681,330.59
18455_5517_x15391_y12702,268.58,159.763,280.5
18458_00249,299.208,123.809,120.384
182724_5355_x5321_y20589,239.398,65.179,315.411
15257_2226_x16029_y23953,118.141,115.161,150.122
18465_00248,352.639,218.052,322.089
182724_2670_x5615_y13225,117.731,89.754,176.435
18454_00169,267.272,197.379,150.042
18457_00043,203.577,135.852,145.352
18464_00198,292.435,120.487,153.86
182725_4080_x6576_y11407,194.445,55.764,176.941
pre_18864_00018,238.97000000000003,39.185,139.921
182725_2917_x9391_y22263,121.206,174.233,333.32
18454_01054,283.147,148.693,304.971
17302_00010,202.732,175.535,354.868
17302_00075,202.85,189.417,114.989
236174_3970_x13439_y8678,204.553,199.593,93.382
17300_5969_x27278_y20820,326.511,31.795,160.173
pre_18458_00373,303.919,98.528,132.66
182724_2526_x7529_y21792,100.362,132.273,331.633
18454_00056,249.368,191.004,232.55
18455_4982_x21552_y14337,246.742,183.27,210.994
17545_00122,205.246,197.412,116.332
17545_00163,337.762,162.064,146.05
18463_00040,293.051,180.601,292.926
18458_00075,276.601,122.902,296.99
17302_00056,200.23,122.367,308.795
18454_01063,278.663,159.102,299.905
18455_00022,271.478,143.574,305.18
18869_3590_x6132_y6798,187.861,144.103,368.393
18864_1871_x3272_y21319,87.495,102.538,288.366
18867_3525_x9958_y10743,173.603,140.29,362.184
18465_00119,318.991,134.464,135.618
18458_00575,274.332,176.462,165.55
18457_00018,279.57,137.722,316.306
pre_17781_00066,138.216,158.14,141.081
18455_00016,159.139,127.851,286.602
pre_17543_01139,59.14,243.204,111.512
pre_18465_00368,338.935,123.439,335.09
18457_00188,284.292,191.546,184.033
18454_01052,267.731,148.9,298.154
18452_4536_x11274_y21067,205.405,286.648,328.896
18455_00119,215.586,167.67,338.778
18455_00126,235.893,169.665,223.148
18455_00259,283.423,150.624,138.989
17109_1701_x8048_y22277,112.80699999999999,159.602,311.822
18465_00213,173.947,269.075,295.841
18463_00071,289.629,176.505,143.485
18868_3715_x8453_y8977,174.398,108.29,346.525
18454_00016,148.051,161.741,311.436
236174_3829_x13590_y9284,196.583,200.925,101.828
191812_5219_x4127_y21100,246.309,47.694,320.99
pre_17543_01090,47.549,237.022,308.541
18454_01021,281.011,107.303,307.936
18868_4192_x10967_y7007,209.154,73.828,310.368
18455_00180,155.199,174.171,114.753
18454_00015,196.541,151.747,340.895
18869_4419_x16667_y10498,229.242,209.033,181.705
17302_00047,208.834,114.495,316.22
18867_5486_x20836_y5690,265.747,61.144,214.982
18457_00066,280.378,146.435,135.71
18453_7146_x8788_y4552,360.43,61.903,85.38
18457_00045,267.038,149.814,148.482
18455_00032,201.899,131.67,137.342
18465_00011,256.791,159.454,355.214
18453_5436_x32746_y12751,293.07,148.955,400.792
18454_01035,284.265,152.035,323.05
18453_3678_x8938_y8684,185.535,103.484,98.109
18458_00273,277.127,150.011,144.555
18454_01118,284.266,161.996,126.355
18462_00060,333.755,163.203,146.783
18457_00097,266.99,169.506,309.598
17109_2301_x8535_y23051,142.494,160.549,320.319
18867_7390_x9887_y4961,357.945,54.731,364.712
17787_00026,249.127,179.63,381.386
18453_6746_x8555_y4741,336.636,61.74,83.742
17543_2434_x11441_y5587,128.886,207.338,85.226
18455_00047,279.898,142.391,148.664
pre_18458_00360,299.178,88.872,169.605
18457_00095,259.31,166.765,307.143
18458_00268,281.553,147.889,146.783
18454_01131,248.795,197.258,241.92
18462_00014,292.644,149.69,323.187
18869_6241_x19347_y3562,320.455,51.902,150.112
17545_00121,224.884,197.5,121.976
18455_00206,271.855,159.883,137.376
18462_00029,308.969,188.477,298.896
18457_00072,275.648,153.995,133.359
18465_00228,275.407,176.097,311.056
191807_5629_x4661_y9410,255.342,62.587,138.35
18453_7455_x32866_y9412,404.536,115.613,399.514
18457_00190,271.179,156.285,136.838
pre_18864_00039,341.588,17.329,284.55
18457_00119,277.095,155.222,315.551
18455_00008,197.075,135.964,321.103
17781_6202_x7633_y12296,311.008,78.687,89.374
17302_00112,291.802,146.235,152.026
18462_00031,303.233,189.151,272.793
18454_00128,280.056,137.532,143.059
18455_00106,180.137,148.812,335.845
18047_3132_x24052_y12385,143.683,98.541,140.676
17545_00008,211.647,199.314,364.424
18454_00139,289.455,161.108,148.26
18457_00047,265.587,148.742,139.439
18454_01064,278.013,169.013,298.135
18454_01111,275.766,159.206,131.546
18869_4883_x18883_y4120,251.404,68.163,155.543
17781_6626_x22318_y13682,340.043,245.344,109.532
18454_00167,274.459,189.754,143.774
18864_00025,240.01,47.36,126.25
17302_00091,208.656,169.816,102.515
17300_3514_x19676_y45282,218.19,149.917,399.078
18458_00458,332.009,162.074,325.661
18455_00254,278.01,148.77,153.827
18462_00018,291.025,162.009,311.857
18454_00004,195.195,153.671,351.991
17302_00113,272.853,148.431,146.61
pre_18864_00062,144.839,85.574,133.321
17782_3253_x33739_y18314,144.023,175.803,107.522
18869_4841_x18666_y8144,255.493,145.396,155.877
17787_00007,255.034,146.019,369.041
18869_5108_x7688_y4065,259.015,79.372,341.667
191812_4446_x6677_y24393,207.337,109.828,379.2
17545_00170,310.888,140.878,147.744
18453_6040_x24821_y3042,328.724,16.296,281.638
18455_00012,159.764,142.364,314.933
18458_00616,260.08,194.734,199.551
18455_00043,310.315,125.892,125.309
18462_00038,254.339,123.603,128.968
18867_5867_x21009_y6208,285.268,72.994,214.252
18457_00076,209.652,191.142,360.243
191812_3922_x8455_y6768,179.973,135.444,74.858
18867_3469_x10058_y10954,169.479,143.718,360.931
18868_4634_x13823_y16687,231.914,223.759,278.884
18453_5941_x24629_y3152,322.984,17.343,279.859
18455_00258,280.233,152.029,139.672
18869_4764_x5211_y5995,244.48700000000002,125.426,388.54
17302_00016,199.733,153.932,355.395
236174_5840_x15240_y29741,294.686,174.044,408.334
18455_00202,263.395,153.48,154.602
18465_00243,279.355,183.491,285.553
18864_4067_x3464_y21495,199.829,60.538,282.655
18465_00034,151.258,157.13,314.188
18454_00065,267.123,146.005,288.06
18868_3228_x28576_y10788,155.929,133.476,92.662
18464_00048,298.652,153.162,314.973
182724_5651_x9832_y25682,251.809,164.643,411.807
182724_2383_x9300_y17890,107.298,173.296,257.642
236174_6338_x12496_y6617,309.236,181.136,59.866
18454_00062,311.923,147.305,313.988
18455_00125,263.993,184.605,298.678
18458_00505,263.721,208.225,177.854
18869_4268_x10899_y9077,223.641,180.836,269.774
18455_00137,267.344,155.022,317.56
18864_5444_x7352_y31475,281.974,105.916,419.04
18465_00040,206.423,142.9,324.073
18465_00084,297.579,173.064,311.364
18452_4002_x10332_y17479,185.633,225.906,341.854
18453_3848_x19057_y7025,213.382,69.054,226.331
17545_00064,162.53,142.265,315.859
18453_4283_x7543_y12923,214.938,178.058,82.966
18464_00112,174.133,269.868,294.282
17781_7132_x8998_y15272,362.896,93.601,126.265
17302_00099,277.554,182.761,88.611
pre_18464_00086,181.055,155.659,295.335
18457_00005,133.595,160.457,300.533
18457_00241,313.155,136.05,314.256
17109_6601_x4384_y7436,351.321,71.424,101.274
18864_00114,295.899,47.584,123.635
pre_18458_00354,305.044,84.155,174.687
18455_00048,297.548,144.565,149.802
18465_00092,282.923,165.165,288.57
18867_5894_x10157_y6463,279.902,77.283,355.411
18453_4345_x12044_y5189,223.613,45.686,137.077
17782_3138_x32805_y18352,138.648,175.79,116.063
18464_00169,210.147,213.491,95.841
18867_6452_x16339_y18318,319.722,246.734,278.223
182725_5094_x5532_y11642,242.728,38.636,188.435
18454_01038,269.357,150.006,318.473
17545_00027,225.87,198.518,376.115
18457_00048,264.018,152.609,130.566
18463_00021,189.001,178.944,345.339
17545_00056,288.184,157.416,326.114
17545_00025,194.438,157.904,357.083
18457_00068,270.997,152.196,138.503
17543_5296_x5131_y20385,299.651,67.365,374.166
18867_4554_x26130_y14869,237.44099999999997,196.656,158.608
18867_5083_x14145_y15212,256.365,196.785,304.274
17545_00162,323.147,173.343,153.418
18463_00061,311.967,152.443,148.402
18458_00051,301.256,116.401,316.975
18457_00123,288.905,164.299,327.68
18457_00142,157.306,187.392,138.066
18464_00102,254.329,185.679,278.921
18454_01123,288.185,164.431,127.702
pre_182712_00027,223.676,286.484,122.17
18867_5408_x30554_y7318,271.273,89.763,92.926
18458_00555,272.913,160.249,131.202
18867_4817_x16327_y15739,242.40699999999998,207.307,278.098
18454_01122,274.856,169.026,143.258
18864_1917_x3417_y12763,90.945,100.931,172.858
pre_18864_00111,220.467,79.71,78.565
18454_00055,250.677,195.447,236.784
18867_4954_x9860_y7599,240.753,89.768,357.357
18868_6019_x9541_y5296,301.159,47.019,329.534
18457_00115,147.375,214.81,255.113
18869_4837_x18229_y3163,241.204,37.431,164.992
18462_00042,283.714,154.458,138.985
17545_00052,167.452,197.518,307.034
18454_01117,291.258,159.745,129.931
18462_00025,340.076,150.183,326.141
17545_00125,199.931,191.505,102.73
15257_4397_x16794_y21812,236.274,53.587,191.428
18465_00048,260.939,166.976,291.649
18454_01069,275.2,178.862,292.709
pre_182712_00003,195.885,296.018,308.665
18465_00059,294.53,146.026,310.69
pre_18864_00411,100.706,82.484,262.718
236174_3929_x12721_y8845,200.129,187.926,95.469
18868_4549_x5910_y9879,216.107,120.512,379.612
pre_18864_00108,224.67,75.312,93.006
18465_00052,334.516,156.098,386.692
17543_3842_x7369_y3542,226.577,138.174,72.91
18454_01067,281.99,170.272,284.28
18453_6537_x8725_y4484,325.969,56.02,85.528
18454_00163,269.371,178.369,142.474
18454_00174,196.739,212.988,361.627
18457_00143,261.537,154.489,151.008
17787_4690_x4440_y9176,209.346,130.176,410.679
18867_4593_x26568_y15120,240.07999999999998,201.017,153.107
18458_00244,290.284,134.122,113.746
18455_00204,271.779,150.985,135.885
18869_5286_x15761_y3297,262.115,36.988,207.218
17545_00164,348.315,178.886,134.013
18465_00283,225.89,213.641,92.954
18462_00048,188.02,172.511,103.171
18453_2190_x23739_y8507,123.59800000000001,80.881,296.872
18867_3801_x9223_y10977,186.38,142.9,372.231
191812_4067_x7961_y6860,188.08,123.882,78.071
18867_6468_x21532_y7741,313.856,88.44,211.151
18869_5705_x4706_y6107,291.098,128.962,399.811
18869_4301_x16815_y4413,222.602,71.551,188.84
18868_4693_x13797_y16937,233.767,227.525,279.479
18868_3389_x28317_y9872,166.858,120.475,98.295
18454_00008,177.576,130.555,322.539
18458_00578,268.172,181.106,152.352
18465_00242,283.35,192.848,301.053
18455_00017,322.437,136.81,320.3
18465_00226,292.325,182.842,322.806
18454_00150,324.614,151.01,137.745
18453_4221_x16935_y5165,225.177,40.669,199.823
17545_00177,243.41000000000003,169.622,242.101
17545_00158,197.066,117.615,174.862
18869_00020,413.354,216.723,315.434
18454_00137,271.461,163.001,155.016
18864_6805_x6340_y4681,335.162,62.727,74.365
18455_00124,254.425,163.848,289.405
18458_00236,284.187,124.124,122.755
17781_5655_x10641_y11102,285.812,115.921,78.618
18458_00057,303.975,126.391,328.834
18465_00039,209.512,157.829,290.524
pre_18866_01458,326.995,100.471,321.37
17302_00030,171.103,179.018,337.478
18458_00306,299.704,148.489,131.92
18869_5444_x13271_y3998,273.424,61.683,245.284
18455_00046,307.925,138.213,120.599
18454_00017,134.87,161.273,303.719
18454_00164,281.525,181.155,149.86
18867_5665_x20882_y6561,276.102,78.521,215.804
18454_01053,274.157,146.538,301.077
18457_00046,265.753,147.87,145.0
pre_18465_00102,306.349,91.885,292.211
18465_00294,280.451,179.877,146.933
18465_00018,249.278,170.659,358.305
17781_7281_x18241_y11406,375.793,196.339,92.354
18869_7986_x18907_y11037,416.47,213.743,142.532
pre_18464_00138,295.556,79.891,157.896
18869_7121_x17742_y2862,362.54,31.785,175.751
18457_00162,266.936,173.956,145.025
18453_7304_x11719_y3749,376.904,48.364,125.997
18454_00052,270.231,172.51,278.084
18453_3579_x30397_y10103,198.858,104.057,378.146
17545_00173,326.622,144.272,133.827
18458_00114,264.111,153.222,314.182
18462_00021,300.921,149.804,324.663
18461_2985_x10744_y3095,113.373,68.058,281.264
18457_00053,269.433,150.618,153.478
191812_5154_x9610_y25921,243.389,173.708,404.513
182725_2376_x10033_y10786,108.267,134.485,127.183
18465_00053,334.008,155.904,383.226
pre_18458_00357,297.247,89.457,168.202
18465_00313,274.996,131.786,177.701
18465_00156,215.019,183.354,356.612
18457_00004,127.403,150.014,300.544
18462_00058,313.15,152.673,129.095
18047_4141_x14168_y9063,190.024,52.803,260.287
182725_3762_x5563_y19178,169.733,80.007,292.714
18453_3516_x21006_y6048,192.685,46.763,249.889
18869_3395_x6415_y6741,178.052,142.607,362.568
18465_00142,305.656,156.229,133.174
236174_4266_x13848_y8550,213.86,206.271,92.748
18454_01099,270.515,159.119,142.086
236174_3215_x11999_y11133,170.911,173.746,131.294
17302_00080,323.149,150.262,134.65
18462_00040,284.646,151.552,143.125
18869_5126_x8617_y7685,263.991,146.282,315.103
18465_00328,274.939,152.245,132.219
18454_00109,266.141,179.811,148.065
236174_3829_x16301_y26647,211.194,209.745,374.337
17109_1801_x6698_y12550,120.125,138.151,167.672
191807_5199_x3288_y11643,226.38,43.736,177.961
236174_4129_x16214_y10304,211.9,238.075,122.757
18455_00037,194.604,145.698,105.509
18868_3547_x28065_y9077,177.366,109.054,103.253
191812_3801_x5383_y20989,177.246,78.868,319.117
18454_01127,296.074,153.438,131.652
18455_4709_x21225_y13716,234.987,171.195,214.008
18465_00090,275.213,164.815,297.688
191812_4322_x7645_y6848,201.1,116.369,79.598
18869_4196_x21043_y5510,227.182,98.558,110.548
18869_7358_x8916_y4859,373.073,97.09,322.81
18454_00011,173.491,135.547,319.711
18461_6043_x11080_y1667,276.058,14.571,277.808
191807_5031_x5620_y23074,246.611,109.527,370.278
18461_4410_x23856_y6531,213.537,137.686,45.874
18454_00063,329.165,142.009,313.805
18868_4739_x28536_y7468,244.924,83.949,104.652
18454_01092,298.21,145.488,135.854
18869_4787_x8961_y9647,250.067,196.727,311.449
191812_3494_x7001_y8336,159.419,102.92,104.119
18453_3795_x13584_y5960,199.756,51.126,159.641
18454_00071,273.883,168.068,287.427
18465_00081,285.106,170.528,317.614
pre_18454_00450,168.533,140.883,138.994
18455_00146,269.623,164.385,300.709
18453_3456_x24161_y6646,195.288,53.804,289.502
pre_18864_00003,147.39,71.057,306.113
18455_00203,267.136,155.736,152.605
18465_00302,329.505,174.58,138.045
18465_00281,242.867,188.23,64.374
18454_00066,271.813,157.766,293.364
18453_1924_x22284_y8069,105.419,75.012,278.821
17786_00024,87.04,171.049,176.054
17302_00054,291.763,163.401,289.565
18867_4513_x27588_y6824,226.832,77.309,131.93
17788_5059_x3960_y6601,224.827,97.91,391.784
18458_00614,283.391,113.394,148.08
18464_00046,282.898,158.477,295.325
18869_5019_x5442_y5910,259.273,124.024,384.749
17545_00132,201.027,178.882,111.815
17787_4521_x5172_y12873,209.202,183.545,398.752
18457_00121,285.272,158.169,324.125
17302_00021,267.122,181.796,298.223
17545_00174,301.387,127.226,142.129
17781_4095_x17570_y12460,210.345,201.328,86.757
18454_01093,301.096,147.223,136.088
18458_00562,297.772,162.444,133.949
18453_3704_x10450_y7387,190.506,79.596,119.095
18454_00002,246.028,136.216,345.846
17545_00142,290.365,195.446,154.971
18454_01079,281.099,142.376,148.188
191812_3438_x6058_y10197,160.747,81.406,139.464
18461_4545_x5749_y4914,194.332,104.077,378.553
18464_00076,287.646,153.903,157.148
18454_01049,289.889,153.788,312.907
18869_3659_x21701_y7032,197.754,133.68,90.259
18867_5942_x29015_y5711,291.116,68.852,115.265
236174_3229_x11884_y10380,174.623,173.514,117.982
pre_17543_01053,53.06,228.028,131.019
18463_00007,223.552,131.248,312.506
pre_17543_01276,55.302,265.402,119.401
18457_00069,293.641,153.122,135.398
pre_18864_00021,323.178,19.597,294.926
18867_7584_x10560_y5816,367.98,72.407,350.615
18454_01096,289.703,153.845,145.778
18867_4259_x9977_y8313,210.672,100.838,357.651
18454_00111,174.652,166.98,106.441
18458_00492,265.415,156.257,143.999
pre_18864_00043,183.445,62.762,149.593
191812_4775_x5212_y22490,225.409,74.969,344.085
18455_00205,264.027,151.952,137.09
17545_00040,179.512,207.23,340.038
18453_5228_x9833_y5221,263.215,58.163,105.954
18461_5025_x23630_y4542,240.58,90.88,52.041
18454_01110,279.285,157.994,129.907
17545_00068,195.169,125.763,279.916
18864_5692_x8806_y3272,284.599,116.375,60.333
18462_00024,339.871,147.159,337.401
18465_00159,228.528,199.611,368.853
18455_00200,264.188,162.134,156.25
18453_7007_x11486_y3611,360.403,44.44,124.181
18454_01027,289.944,136.486,316.279
18454_00021,196.593,144.289,308.624
18465_00089,283.776,161.175,295.849
18457_00029,272.154,148.056,294.582
17545_00050,199.978,168.687,339.881
18465_00148,300.833,144.798,120.652
17545_00129,211.239,193.191,107.573
18455_00208,262.791,168.683,157.951
18454_01004,259.184,152.961,303.219
18869_4181_x21056_y5611,227.933,100.778,110.824
17302_00115,293.671,145.858,146.458
18458_00567,285.021,166.825,138.968
17545_00053,185.743,169.667,295.195
pre_18458_00150,96.912,98.818,327.972
17545_00075,295.727,163.099,331.219
18462_00026,346.911,161.995,318.367
18867_7924_x22262_y16755,398.666,223.928,204.845
18452_4272_x26686_y20064,184.949,273.57,122.297
18465_00050,182.413,144.34,275.29
18463_00066,279.77,159.992,154.905
18457_00038,185.603,151.411,177.618
18869_4253_x4991_y7023,218.676,148.833,391.333
18454_01125,298.501,152.171,136.909
191812_3758_x8791_y24162,173.619,157.91,377.538
18463_00057,302.072,147.214,134.559
18454_00070,287.779,162.881,294.572
17302_00074,183.542,192.67,167.171
18463_00028,297.845,165.948,313.881
18869_5684_x13521_y3699,284.144,52.501,242.781
15257_4485_x16442_y16836,238.955,57.084,263.412
18455_5253_x25617_y13881,262.787,174.208,166.887
17545_00130,203.12,181.309,113.941
18457_00061,290.182,137.351,137.974
pre_18866_00139,354.522,119.636,117.13
17787_7070_x12739_y1410,336.642,12.981,291.626
17109_2401_x9338_y2394,149.084,171.406,332.037
18457_00148,264.451,157.953,135.799
18465_00126,291.476,154.29,129.49
18457_00012,268.603,152.676,316.275
18453_3147_x16721_y20510,154.025,277.632,205.13
18867_6091_x30186_y6043,300.512,73.852,99.543
18465_00091,272.286,166.296,289.06
18465_00319,216.934,164.618,149.141
18458_00456,261.872,180.968,296.124
18454_00152,322.579,164.388,136.872
18453_3767_x22604_y5643,207.778,41.373,267.848
pre_18866_00299,353.292,168.923,89.024
18869_4184_x11041_y4195,214.716,74.109,279.366
18869_4469_x21852_y5924,243.687,105.986,96.783
18458_00430,276.169,158.94,292.353
18453_2645_x28684_y11703,145.149,129.691,368.188
18868_4430_x9829_y7185,219.998,76.748,324.43
18454_01041,276.531,146.705,314.514
18455_00028,202.667,116.184,126.028
18864_6074_x3503_y13192,289.278,28.77,187.08
pre_18864_00074,166.676,80.273,137.232
18455_00165,238.612,168.863,216.526
18453_4497_x29287_y7176,252.856,68.721,351.069
18869_4727_x9851_y8415,246.08800000000002,161.808,284.981
18453_3766_x16118_y20931,181.508,288.223,188.989
18458_00583,287.04,175.283,131.034
18462_00051,286.125,162.177,146.513
191812_3675_x8625_y6930,166.547,140.008,76.635
pre_18864_00432,177.062,71.814,320.09
18864_6104_x9372_y1806,311.783,122.378,34.544
18869_4890_x8926_y9583,254.974,194.858,311.472
18869_3321_x21485_y7678,179.482,149.242,90.958
18867_5169_x12576_y5864,244.654,64.351,323.421
17781_6866_x8954_y41812,339.744,88.404,376.805
18453_7132_x11495_y3152,367.359,37.05,121.564
182724_5937_x3804_y11955,278.342,32.453,165.872
18453_3218_x16785_y20581,157.243,279.006,205.076
18464_00080,321.582,157.829,142.583
17109_6201_x4328_y6753,370.423,72.587,113.822
18867_4296_x31171_y9797,219.596,124.917,83.232
18868_3981_x30626_y12403,198.591,157.176,67.231
18458_00148,273.105,124.36,283.636
pre_18864_00026,171.982,77.236,329.506
18454_01121,266.658,165.345,139.137
18462_00005,202.096,133.268,295.535
17302_00097,212.343,186.532,91.73
18458_00069,316.677,136.273,331.287
18462_00022,311.662,153.467,327.308
18457_00030,180.159,128.442,163.675
18864_6291_x8873_y32149,326.504,113.274,424.185
18458_00050,293.234,118.363,322.17
18463_00027,287.383,160.944,311.805
18453_5578_x32997_y13060,300.459,154.65,404.71
18453_1643_x24077_y11694,87.939,132.775,312.062
17300_6010_x23413_y13446,334.55,77.662,75.743
17781_5548_x15772_y8872,280.776,176.631,54.155
18465_00161,216.782,220.291,353.873
17302_00038,335.473,146.429,322.145
pre_17543_01241,56.476,258.989,111.222
17787_00013,186.031,150.928,288.305
pre_18864_00420,88.259,125.385,277.993
18457_00065,276.291,149.043,134.086
18458_00615,282.692,117.984,155.983
18864_4120_x3320_y13563,195.435,52.645,191.734
18457_00135,253.571,178.501,197.309
18452_7249_x11408_y2071,386.154,24.679,311.247
pre_18864_00083,326.477,29.22,130.344
17302_00036,328.341,157.937,318.249
18457_00205,278.722,183.997,149.764
17781_2491_x13559_y38398,123.44300000000001,152.528,351.031
18453_5766_x31719_y6139,315.361,58.576,380.123
17302_00005,197.59,189.281,353.423
18868_5397_x19819_y6085,277.191,56.894,211.7
18454_00020,176.269,144.16,312.441
18869_5213_x7186_y4274,265.121,85.012,351.14
18464_00004,243.856,149.072,362.534
18868_4221_x5685_y12199,195.391,156.508,384.644
17109_6601_x5417_y25287,358.513,73.808,358.811
18869_6732_x9649_y3919,338.463,71.915,308.355
18454_00029,153.578,161.067,332.698
17545_00073,292.46,175.783,390.18
pre_18864_00065,195.666,66.724,116.474
18458_00585,266.649,203.866,174.548
236174_4729_x16869_y27809,250.168,215.877,388.639
17545_00144,192.442,171.224,129.114
182724_4472_x5247_y12162,211.215,66.335,166.568
18868_2225_x15897_y10006,91.527,129.952,252.805
18869_3761_x5335_y8118,194.441,172.811,383.633
18464_00132,313.375,170.227,295.099
18458_00121,269.162,155.332,290.565
18458_00450,313.736,162.771,317.412
18454_00014,177.959,145.407,339.411
18457_00019,290.505,133.39,318.835
18454_00039,176.324,171.84,316.089
pre_18864_00180,303.423,88.628,47.641
18867_4218_x8269_y11914,206.807,155.327,384.657
17787_00048,182.084,193.456,102.362
pre_18469_00001,244.26,46.629,150.522
18454_00165,283.582,173.29,148.523
17302_00044,188.395,141.12,331.479
18455_00138,279.052,150.245,322.796
18453_6748_x28152_y3578,365.181,28.867,321.48
18453_6576_x22528_y4353,357.206,43.36,256.841
18869_4953_x22613_y6076,268.351,106.815,84.888
18462_00030,309.359,185.46,289.923
17109_2401_x9954_y9122,153.312,194.633,117.911
18869_5802_x13547_y4406,293.377,74.175,242.287
18869_6454_x17703_y2478,325.229,19.481,177.469
18868_3799_x6462_y13405,170.659,173.91,376.019
18869_4275_x8819_y9368,228.615,193.964,313.832
18453_7010_x8769_y4509,352.038,59.788,85.285
18458_00574,302.343,172.239,136.718
18454_01060,283.81,158.554,302.372
18455_00210,265.615,181.56,164.898
236174_5138_x16501_y28259,264.66,206.883,391.799
236174_5338_x13590_y7348,265.6,204.257,77.921
18869_4625_x5853_y5391,238.50099999999998,111.639,375.467
17302_00086,205.618,186.859,104.429
17302_00024,233.915,187.411,223.115
18868_4818_x14513_y17030,239.56,230.203,270.677
18868_3507_x7704_y10476,158.082,131.148,358.993
18867_4889_x28329_y6770,244.231,78.404,122.609
236174_5670_x14073_y29439,287.35,152.478,401.024
18453_4186_x30783_y11697,232.849,129.168,376.821
191812_3176_x5144_y19229,144.183,73.663,291.078
18462_00044,289.158,173.563,166.323
18465_00005,202.143,151.651,344.867
18868_3658_x9598_y8113,174.196,94.543,330.965
18868_5724_x8616_y5999,284.033,56.306,341.546
18464_00119,287.242,164.253,297.456
17300_5571_x27063_y39610,313.823,43.37,334.49
182724_2494_x6419_y20983,97.228,108.091,315.298
17302_00043,211.495,144.567,334.245
18463_00075,278.697,181.496,72.118
18868_7311_x22238_y17329,365.275,244.693,178.015
18453_5113_x9557_y5782,257.644,67.021,103.177
18453_4067_x16924_y5288,216.802,40.782,199.803
18465_00207,164.446,233.61,258.933
pre_18458_00356,294.977,83.718,171.033
18869_5237_x7485_y4162,266.237,82.633,345.483
17109_2401_x8977_y24184,149.484,163.741,339.89
pre_18864_00027,216.424,56.051,327.099
18452_3926_x14445_y21337,165.461,292.783,288.989
18453_3796_x16246_y20830,183.529,286.648,191.409
18458_00549,281.205,171.579,152.682
pre_18864_00460,257.259,25.552,292.183
18454_01023,277.799,145.168,322.248
17545_00154,283.546,152.236,154.571
18455_00134,255.047,192.16,230.553
18464_00133,287.922,185.365,307.051
18869_3398_x6248_y7047,176.318,149.617,365.562
18454_00160,282.2,194.345,172.64
18465_00114,292.735,139.553,134.89
18457_00099,257.566,172.083,302.754
18454_01030,278.584,152.814,325.237
17545_00095,310.702,138.532,320.37
18454_00153,280.891,174.178,165.951
18457_00057,277.754,139.279,144.958
18868_4757_x15158_y16995,236.994,229.951,262.61
18465_00117,297.04,140.835,128.333
18869_00028,266.152,178.588,136.826
18454_00024,228.65,114.588,308.37
18867_4789_x23709_y15765,243.73200000000003,210.465,188.731
18867_3383_x10177_y11497,164.231,152.34,360.362
18455_00014,206.591,143.379,300.54
18454_00098,240.942,166.603,207.306
18455_00049,283.151,149.963,130.928
191812_4003_x5886_y22658,185.665,92.534,348.531
191812_3762_x9097_y24261,173.506,164.202,379.671
17781_6325_x14423_y8278,323.253,156.918,50.925
18864_4157_x3358_y13741,197.017,52.808,193.841
18869_4091_x4807_y8065,209.799,171.675,394.515
pre_18465_00366,334.804,127.006,339.695
17545_00029,220.891,170.626,362.821
18868_3419_x27168_y8481,169.864,99.441,114.944
18465_00140,325.416,148.315,125.024
18453_5318_x33682_y14092,284.753,165.871,417.603
18454_01089,294.005,150.036,132.465
pre_182712_00004,191.921,295.259,292.598
18454_01040,268.304,150.162,313.038
18457_00150,267.323,163.112,140.698
17302_00094,208.174,189.231,95.703
236174_3447_x12562_y10626,180.607,183.413,123.328
18453_6561_x9442_y3817,329.765,44.869,94.569
18454_01097,286.329,154.776,146.021
18455_00252,283.299,150.982,161.288
18454_01091,280.592,144.842,130.975
18869_3504_x6554_y5961,181.916,124.808,360.253
18455_00152,270.966,179.984,309.985
18455_00253,286.989,153.414,161.802
18869_4786_x18238_y10268,253.204,200.732,157.44
18465_00177,266.793,197.464,292.395
18457_00106,153.368,184.975,287.255
18454_01095,284.341,151.122,147.04
18457_00101,257.925,165.634,291.047
18455_00026,213.915,108.51,143.909
18454_01107,293.033,156.228,143.939
17545_00138,204.576,183.644,101.485
18864_6581_x10729_y2199,342.835,138.624,40.929
18457_00128,275.012,150.712,300.333
18462_00023,326.085,167.43,306.807
18458_00496,267.252,187.411,150.483
17302_00023,257.787,183.184,251.437
18454_01012,261.671,165.056,302.609
236174_6438_x12218_y5897,310.958,177.878,46.993
18869_4036_x8032_y4635,212.329,92.789,332.711
18463_00015,299.058,129.95,323.021
18457_00059,281.338,144.184,133.492
17545_00063,219.053,116.715,320.061
18864_4760_x3070_y21249,223.577,40.996,278.47
182725_4160_x5717_y19181,193.663,84.278,292.897
18453_2632_x11687_y8383,134.531,89.808,136.981
18463_00037,286.918,154.755,300.149
18455_00050,329.666,141.61,134.298
191807_2729_x3750_y9965,102.432,105.187,150.421
17545_00065,199.236,142.848,295.992
18462_00063,294.534,193.732,145.029
17302_00077,323.425,152.032,146.998
18457_00017,285.14,141.191,322.632
18454_00156,292.296,178.5,162.495
pre_18464_00087,180.321,157.616,276.05
18462_00016,279.373,165.3,310.482
pre_18864_00081,111.184,112.157,333.127
18454_00147,295.963,169.342,138.483
18867_4647_x12409_y6656,225.442,75.162,324.15
18864_6733_x9057_y31875,351.553,112.508,419.213
18455_00139,269.309,158.556,314.39
18458_00267,326.99,130.099,130.964
18457_00013,263.676,149.928,311.544
18458_00547,281.005,163.179,154.523
18453_4403_x30609_y7732,245.97899999999998,73.466,371.842
18869_4050_x21764_y6239,219.541,114.687,93.661
18864_6057_x8520_y2391,305.287,110.003,41.23
18458_00302,319.447,135.581,118.357
18463_00046,259.068,196.68,208.652
182725_5012_x5980_y10427,242.703,41.37,167.878
182725_4390_x5078_y18459,199.692,62.999,283.629
18453_5841_x19468_y3419,316.705,25.142,223.427
17302_00101,184.164,139.749,178.402
18464_00074,287.42,134.927,157.695
17302_00013,204.526,177.808,360.227
17109_4101_x6753_y6197,241.49900000000002,124.732,85.014
18868_4434_x10947_y6887,221.46,71.143,310.26
17302_00087,202.144,188.922,97.318
18869_4457_x17404_y9449,234.417,183.266,174.396
18457_00098,262.241,168.393,298.257
18454_00003,193.45,152.872,351.262
18457_00039,159.285,162.72,148.807
18864_3488_x3691_y22599,179.353,76.542,300.252
18454_01080,280.228,146.191,146.977
pre_18455_00109,149.13,283.487,202.23
17302_00081,209.23,209.34,98.715
18869_4089_x6848_y5110,213.589,104.792,355.203
18457_00091,262.209,156.872,297.058
18868_3552_x28542_y9340,176.812,112.324,96.583
18458_00269,285.795,148.343,147.519
18454_01116,280.722,159.644,128.729
18463_00041,302.307,180.387,293.054
18868_3112_x27714_y10534,149.491,130.614,103.956
17545_00030,207.612,151.344,356.551
17109_1901_x9602_y10508,127.358,190.57,135.033
18465_00046,216.828,165.837,300.206
18458_00540,271.688,159.041,153.14
18464_00163,214.257,201.238,101.049
17302_00001,205.119,198.91,363.436
18457_00041,200.243,129.798,164.471
pre_18864_00426,141.267,61.359,257.824
18455_00261,286.467,154.744,137.767
17545_00007,208.183,201.378,362.065
18867_7583_x22567_y18119,382.438,246.271,200.519
18465_00127,285.382,154.62,146.358
17545_00169,312.351,155.283,150.44
18867_4677_x24410_y14710,239.09300000000002,192.099,179.703
18458_00445,271.612,169.727,295.269
18864_6321_x4387_y7047,304.718,36.21,111.296
18455_00135,274.259,172.427,370.786
18868_6000_x19811_y5444,309.033,46.859,212.887
18454_00145,278.281,167.682,141.393
18868_3977_x25824_y7160,203.997,78.608,136.711
18465_00282,218.931,208.491,102.579
18868_4317_x23980_y6346,222.014,62.897,161.62
18463_00012,299.454,152.143,322.739
18455_00140,265.809,149.248,314.164
18454_00158,270.82,182.808,158.189
18455_00030,149.189,144.699,154.65
18457_00108,140.752,200.905,272.87
18457_00199,291.998,161.657,128.737
pre_18467_00104,317.322,135.452,405.252
18869_5431_x21494_y4633,283.152,75.339,108.069
pre_18464_00099,302.527,74.949,297.421
17109_6901_x7203_y26714,369.956,102.241,384.073
18465_00168,148.154,225.67,303.319
18869_3741_x6284_y6163,195.81,129.608,365.836
15257_2309_x13266_y25533,134.421,163.141,126.981
18867_4724_x12558_y16835,242.063,223.176,327.373
18463_00047,263.707,205.595,209.881
18457_00032,159.994,126.563,156.634
18454_01106,283.236,156.047,135.705
pre_18864_00036,163.895,68.932,146.255
17109_6501_x6997_y4287,366.105,121.378,62.81
18462_00049,182.457,174.761,106.8
17109_2601_x9296_y24691,159.925,165.692,348.323
18864_3494_x2380_y13749,164.061,46.954,189.783
18457_00204,276.418,177.551,165.186
18457_00054,281.802,147.702,153.714
18867_6003_x18592_y6204,292.686,73.471,242.471
15257_2627_x17126_y20600,137.078,80.371,205.559
18458_00468,267.979,189.875,258.55
18869_7989_x9123_y9916,407.709,202.139,317.333
18454_01033,280.607,156.805,323.563
18470_3227_x19287_y16117,193.679,97.492,336.961
18867_4689_x11723_y7039,227.855,80.754,332.742
18454_00168,271.026,191.067,145.739
18453_5325_x32314_y8395,291.286,86.807,392.423
pre_18868_00465,125.361,140.871,337.949
18453_5862_x33046_y12305,316.866,146.921,404.312
18868_3856_x26025_y7205,197.691,78.904,133.352
18864_3473_x2641_y21082,167.422,58.116,281.083
18869_5694_x15073_y4098,287.75,63.176,220.529
191807_5811_x3931_y20674,270.147,54.362,327.427
18465_00128,279.099,157.851,145.503
17545_00088,306.278,143.427,340.855
18454_00022,168.039,160.715,300.193
18457_00024,287.853,145.83,321.235
18453_3326_x29413_y10076,187.483,104.315,366.277
18868_3627_x28035_y8749,181.694,103.76,104.601
18457_00073,286.159,151.707,133.362
18465_00241,270.989,168.736,294.501
191801_1996_x10466_y16907,83.874,213.647,269.767
18454_01090,276.154,151.112,131.278
191812_4686_x10891_y5452,217.016,185.793,50.671
17109_2601_x10213_y8783,165.047,197.386,114.383
18455_00240,221.611,157.937,105.176
18463_00056,278.074,146.438,138.38
18454_01034,289.492,147.484,325.15
18868_5701_x9538_y5736,284.341,52.039,329.311
236174_3001_x12887_y24248,165.508,159.331,319.682
18458_00083,313.672,126.615,327.767
pre_18864_00042,320.192,20.42,178.669
18869_3305_x6812_y6104,172.497,128.652,355.22
pre_18454_00865,234.217,172.533,83.974
pre_18465_00369,343.565,125.547,323.575
17545_00159,222.499,110.808,163.729
17545_00116,185.434,191.407,122.423
18455_00002,265.777,142.669,358.149
18454_01059,271.824,161.526,303.804
18465_00203,133.998,240.219,251.255
18454_00107,263.664,185.77,163.602
18457_00113,198.549,214.883,349.375
18864_4380_x6371_y4940,221.231,103.168,79.341
18457_00002,198.7,116.481,299.83
18864_00313,251.93200000000002,151.302,391.015
18458_00459,326.363,167.443,324.911
18869_4587_x23021_y6827,249.00799999999998,123.383,72.339
18461_4388_x5599_y5781,188.739,124.626,380.822
18867_4801_x7068_y12938,232.825,168.803,399.803
18461_3871_x7813_y3857,160.207,81.474,337.769
18454_01042,276.707,150.7,314.742
18453_6756_x7677_y5336,312.261,32.055,330.785
17302_00002,199.976,200.423,362.412
18464_00047,291.556,146.305,314.65
18458_00500,176.237,211.823,178.712
18868_4341_x30419_y10114,220.992,125.04,75.277
17302_00102,179.474,129.089,163.93
191812_4664_x8027_y25176,219.215,140.098,392.665
18462_00056,316.41,142.969,136.889
18454_01014,262.575,168.04,287.981
pre_18864_00014,207.622,57.857,323.977
18454_00177,260.118,199.877,237.965
17300_5896_x24862_y27320,332.325,64.433,218.28
18465_00112,290.93,136.183,132.634
18867_6986_x31479_y5932,346.518,71.675,81.924
18465_00110,282.972,141.39,133.853
18457_00164,270.291,174.381,137.937
17109_7001_x6205_y5194,390.299,108.887,77.311
18864_3772_x5344_y6871,192.189,96.668,103.031
18869_3263_x6927_y6229,171.403,131.351,352.48
17545_00026,206.96,160.489,364.623
18454_00097,244.769,167.116,213.789
18463_00039,279.261,190.693,292.321
17545_00060,168.207,144.319,324.164
18868_3592_x9776_y8113,170.369,94.379,329.093
17782_3651_x35286_y18512,163.702,181.24,95.858
18868_3564_x27379_y8431,178.849,99.006,113.197
17545_00074,296.189,172.671,391.085
18869_5754_x7159_y3959,289.498,76.496,352.302
18458_00281,286.86,151.034,133.118
pre_18467_00495,341.767,239.757,81.172
18458_00101,314.058,138.344,332.4
18465_00003,173.438,169.051,342.808
18454_00151,316.345,161.472,143.846
17781_6802_x8324_y14113,345.263,87.333,113.542
18869_4997_x13063_y4444,252.41699999999997,74.662,247.872
pre_18864_00038,170.673,65.922,158.763
182724_4580_x5627_y9427,220.63,76.454,119.17
191807_3532_x4912_y7973,148.492,113.127,114.962
18462_00059,314.704,150.802,139.745
17302_00039,305.018,132.11,324.73
18454_00093,214.954,137.699,130.155
236174_3329_x13938_y26099,184.926,172.375,355.633
17545_00082,337.276,158.417,325.086
18453_3564_x30226_y9677,198.699,97.759,375.467
18465_00113,297.942,134.715,134.328
pre_18864_00414,91.85,93.93,278.2
18454_00105,265.446,169.703,156.908
17545_00067,222.084,112.487,297.909
18464_00079,327.148,149.512,140.322
18864_4554_x9386_y2232,233.798,144.258,43.87
18462_00045,280.186,168.762,152.47
18455_5898_x14920_y13352,286.593,170.946,288.124
18462_00019,297.029,162.772,301.164
182725_6819_x6109_y7853,351.075,44.491,123.359
18458_00424,271.853,159.904,311.945
18868_3699_x17279_y16010,186.439,212.926,235.596
pre_18864_00046,314.489,24.287,153.436
236174_3829_x14826_y27255,208.291,184.403,376.557
18454_01094,278.678,154.866,150.003
18455_00150,277.531,178.268,284.105
18457_00126,279.322,162.881,317.806
18869_3506_x6250_y6810,183.871,144.429,365.929
18458_00056,305.789,125.583,328.626
18457_00087,207.341,177.011,284.227
18455_5474_x14981_y13279,266.656,169.168,285.595
18453_4899_x10111_y5917,248.454,66.84,111.935
17545_00120,220.495,206.265,119.267
182724_5793_x8695_y5510,287.238,143.332,55.394
18465_00347,291.114,168.396,128.808
18457_00103,146.968,166.167,286.887
18457_00052,270.247,148.997,152.273
191812_5676_x8072_y26215,269.459,139.46,411.277
182724_5410_x4393_y11075,254.603,44.582,149.285
18457_00139,185.551,178.821,119.345
17302_00118,315.096,137.302,130.266
18454_01072,282.324,179.911,287.594
18869_5571_x8792_y4549,282.315,91.3,320.659
18455_00182,191.618,170.578,114.341
18453_4386_x31552_y9254,242.423,93.316,387.138
18869_5317_x6063_y4638,269.297,93.311,373.603
17545_00140,206.307,181.77,103.924
18457_00081,80.607,173.502,285.238
18458_00612,310.15,118.769,302.122
17545_00055,283.096,158.969,332.749
182724_2926_x5279_y13761,129.332,79.073,185.769
18454_00099,251.114,186.652,207.304
17781_00004,239.322,201.392,80.712
pre_18864_00225,200.715,177.537,56.396
18867_5640_x21236_y5683,273.312,63.306,210.57
18454_00067,299.815,145.368,307.153
18454_01066,276.056,174.566,287.599
pre_18864_00247,126.18199999999999,131.794,111.738
18464_00009,164.344,133.139,302.3
18457_00035,123.275,149.56,155.897
17109_3701_x9228_y26684,211.677,150.754,381.539
18869_5343_x5414_y5337,272.151,110.302,386.15
18453_4283_x7739_y13735,215.598,190.974,86.342
18461_4178_x16825_y2713,185.634,47.443,179.687
pre_18465_00268,354.737,207.354,346.178
18869_5980_x7654_y3517,299.39,63.481,343.189
18455_00040,235.44,123.614,122.032
18457_00051,284.129,144.375,148.779
18463_00024,166.487,186.792,336.146
18465_00300,318.427,175.632,135.755
18453_3021_x27493_y8943,172.554,87.236,340.522
18454_00126,290.889,131.216,146.522
18867_4605_x30309_y8068,235.095,97.147,95.741
pre_18454_00377,132.133,154.759,140.472
18457_00152,260.588,167.265,147.115
18454_01007,265.213,175.375,315.905
18454_01086,283.057,149.101,138.361
18458_00376,252.357,191.166,239.635
18454_01101,278.673,157.913,139.408
18457_00080,247.538,211.78,357.375
18457_00202,278.026,166.657,131.513
18457_00197,279.949,163.501,132.829
18868_5456_x7773_y6771,269.605,68.385,352.561
17545_00110,277.771,174.118,175.467
17545_00059,179.573,138.203,330.433
236174_3529_x13394_y26567,194.766,161.375,359.095
18455_00005,180.244,132.904,319.605
18470_4630_x23468_y24795,276.739,25.808,257.216
18454_00018,167.377,142.58,305.613
18464_00194,360.92,136.787,325.014
18454_00144,321.358,166.227,146.37
18454_00073,302.295,164.146,294.1
18864_5030_x9347_y31359,267.392,136.961,412.231
18463_00029,303.006,165.674,303.563
18867_5203_x10027_y7237,250.961,85.039,354.807
18454_00157,281.177,178.32,151.811
pre_18458_00351,278.933,82.336,172.138
18464_00081,182.965,172.103,336.689
18864_6384_x3409_y13059,304.251,22.293,183.313
17545_00041,192.344,198.146,357.728
18867_4421_x31775_y9812,224.106,125.171,74.795
18453_7813_x5799_y12199,385.009,178.875,46.961
18455_00011,184.685,147.064,317.73
17302_00003,205.749,197.176,368.56
pre_18464_00168,208.021,203.9,271.573
18864_5637_x5637_y31619,337.014,30.401,115.345
18457_00140,151.218,188.638,158.765
18462_00041,288.309,155.273,144.357
191812_4445_x5426_y10324,209.057,61.754,145.471
18453_6479_x9010_y4330,323.576,52.921,89.807
191801_4724_x4226_y10240,222.302,38.164,173.344
18453_7223_x30215_y5120,391.682,55.125,354.168
18867_4621_x24147_y14734,235.901,193.198,183.017
18869_3064_x20999_y7621,164.648,149.89,98.991
pre_18047_00009,144.328,99.787,315.833
18458_00580,277.903,184.48,156.814
18454_01000,264.314,145.672,319.689
18464_00139,267.549,193.039,195.594
17545_00178,248.861,204.115,211.742
17545_00119,204.943,200.537,112.196
18869_5123_x17555_y3609,258.563,50.296,178.742
18465_00205,156.929,244.201,258.195
17781_00003,152.744,160.114,322.556
17545_00004,200.634,205.333,363.879
18457_00025,287.937,141.15,319.361
18867_4156_x9348_y9148,205.276,114.005,367.515
191812_6351_x5009_y7424,301.589,55.151,91.975
pre_18467_00342,230.217,273.111,305.77
17109_2601_x9498_y8169,166.416,186.167,105.829
pre_18864_00073,256.735,55.164,358.889
18464_00108,185.392,236.295,318.272
pre_18864_00069,131.005,103.475,332.323
18867_4957_x30093_y7560,251.094,90.249,98.888
18454_00060,276.689,134.914,312.631
18868_5141_x8535_y6876,254.284,70.317,341.252
18869_3857_x22137_y7268,208.889,137.545,82.554
17781_4874_x11466_y11924,249.47899999999998,126.909,86.933
18453_4231_x30739_y8470,236.082,82.545,375.559
pre_18864_00442,249.887,68.386,370.054
18864_00117,350.229,61.279,80.962
pre_18454_00579,219.07,135.179,120.797
191803_8254_x7045_y21580,398.594,138.97,345.355
18455_00201,267.479,161.21,157.803
18465_00031,219.305,135.113,303.066
18465_00083,292.042,167.458,307.316
18455_00013,173.666,144.437,304.069
236174_3229_x11951_y11316,174.089,171.535,131.355
18458_00102,317.721,138.251,333.15
18462_00012,281.525,150.227,310.34
18457_00163,269.09,176.335,143.684
18867_5194_x29530_y6807,259.553,80.597,106.507
191807_5178_x5002_y23078,246.544,92.663,372.658
18461_4233_x19011_y2874,191.27,50.72,140.202
18457_00145,269.697,170.568,152.313
18463_00051,229.239,191.163,73.172
17545_00071,281.592,169.175,287.739
17787_00049,191.088,195.003,91.651
236174_4647_x16405_y27845,245.22199999999998,208.083,387.479
18465_00136,308.596,146.212,132.783
17302_00120,305.851,117.04,148.2
17786_00001,82.811,196.762,276.615
18465_00146,364.258,153.022,126.388
18868_4041_x10632_y7193,199.7,77.844,314.992
18454_00135,272.691,171.23,163.009
18465_00015,239.04,179.015,351.966
17109_2500_x9864_y9311,157.218,192.256,123.24
18465_00227,280.383,173.879,316.603
191807_4114_x3589_y10280,173.232,74.275,154.818
17545_00028,280.827,185.621,378.729
17302_00050,169.837,168.599,297.884
18455_00015,262.958,141.031,303.1
18465_00106,274.802,160.053,138.311
18457_00109,273.24,168.398,281.435
18458_00086,305.279,128.946,312.723
236174_3529_x13688_y26111,194.786,167.032,351.139
pre_18465_00267,358.053,200.106,352.831
18868_2593_x15801_y13755,116.499,183.025,254.068
191812_2734_x6259_y10487,120.259,91.822,140.053
18455_00031,193.06,130.359,144.22
18868_4706_x15828_y16760,235.54,226.804,254.253
18455_00004,186.719,124.699,284.77
18454_00138,283.812,162.607,155.62
18457_00079,221.731,209.617,356.995
18868_5156_x9540_y6495,255.796,63.451,328.284
191812_3727_x4996_y18685,173.818,65.956,279.953
17545_00118,197.243,211.967,111.213
191807_2469_x5431_y10056,99.999,143.62,151.595
18867_4216_x9933_y8365,208.284,101.562,358.733
18868_3922_x26631_y7518,201.711,84.748,125.722
18868_4523_x15124_y15767,230.122,211.397,261.68
18047_5719_x25513_y7957,281.017,60.328,119.623
18455_00264,275.852,185.778,164.626
17786_00017,83.205,202.036,272.837
18869_6291_x15236_y3478,317.965,44.786,216.974
pre_18864_00098,345.8,31.736,142.103
18457_00122,279.958,161.954,323.965
17302_00103,226.11,106.155,175.21
17782_3487_x11014_y17041,144.812,172.012,345.483
pre_18454_00305,211.655,120.093,157.7
18453_7188_x11060_y3637,369.199,45.983,116.645
17545_00024,205.098,167.329,362.321
18463_00031,276.624,164.898,302.859
18454_01031,280.895,151.452,325.594
17782_3284_x11909_y16428,136.143,163.865,337.019
18462_00020,305.19,147.13,324.666
18465_00145,363.419,151.359,127.23
18453_5995_x24812_y3143,325.96,17.678,281.781
18465_00175,264.825,186.434,283.703
18454_00053,240.877,170.466,232.327
17109_4772_x9038_y27257,262.643,139.726,389.022
18465_00029,228.549,120.021,309.963
18047_00047,95.532,128.33,241.427
18464_00124,265.828,168.47,299.653
17302_00025,249.168,164.114,219.167
236174_2801_x11376_y11451,146.326,162.882,133.37
18455_5730_x15780_y13638,279.748,174.433,277.018
18454_01050,310.381,141.972,334.979
pre_18465_00367,339.121,121.263,332.092
18465_00037,191.377,154.77,305.335
191807_5921_x4355_y21421,278.892,63.413,341.01
18465_00204,131.975,247.293,263.038
18869_6854_x10735_y2978,342.948,43.806,290.136
18463_00034,277.892,180.84,314.152
18868_3783_x28846_y9268,190.783,111.98,94.356
18465_00006,266.551,151.13,362.121
17545_00003,284.92,204.781,317.319
pre_18464_00102,284.134,94.046,253.757
18869_4347_x8166_y4281,224.76,83.68,330.663
17786_00022,77.917,175.523,174.948
236174_6338_x12092_y5845,307.019,176.691,45.987
18453_7692_x10145_y15241,382.608,212.641,107.811
18463_00062,336.027,147.075,137.899
18465_00009,254.836,141.849,336.352
18454_00133,274.779,152.373,152.9
18464_00128,272.224,174.641,293.203
18454_00130,267.032,153.754,210.668
pre_18455_00241,199.227,273.981,184.662
18458_00351,211.366,183.874,345.767
18454_01100,270.866,159.704,139.431
18454_01082,277.476,147.678,145.533
236174_3229_x12413_y11831,176.708,178.329,144.61
17302_00018,207.257,210.859,346.376
18458_00122,278.999,149.229,307.343
17545_00149,210.319,145.488,125.365
18454_00106,262.709,181.054,160.018
18461_4862_x17603_y2198,220.529,31.661,170.623
191812_5158_x9017_y25877,242.911,160.769,404.049
18454_01047,278.012,153.472,310.537
18458_00561,299.084,160.201,138.277
18455_00172,190.843,166.516,164.993
18455_5507_x14812_y14221,268.716,182.659,288.1
18455_00042,288.345,121.405,136.485
18869_3937_x5000_y8198,202.22,174.507,390.075
17545_00143,177.626,163.235,117.284
18458_00048,272.296,112.544,304.863
17545_00054,285.764,168.12,332.133
pre_18458_00348,272.472,84.064,173.497
182724_3848_x8903_y23965,166.897,153.951,377.935
18867_4473_x25161_y6054,220.611,64.241,162.021
18463_00054,274.86,182.958,166.917
18457_00033,156.929,125.695,146.378
18453_5459_x9646_y5477,274.003,65.014,105.275
18867_3855_x11412_y8044,191.732,96.791,339.269
17302_00041,313.243,126.538,319.307
17302_00095,208.728,185.294,97.232
18455_00120,264.962,154.51,318.226
18465_00219,272.231,183.077,373.687
18454_00101,255.393,187.415,205.408
18454_01114,289.347,156.452,130.601
18455_00263,277.799,168.376,170.757
18454_00092,201.026,136.133,150.16
17545_00176,291.213,136.499,158.943
18458_00250,320.754,126.067,130.496
17545_00145,203.014,163.061,124.237
17781_3819_x16144_y41186,193.598,171.672,375.08
18868_4047_x27203_y7787,208.344,89.466,119.351
18452_5511_x26566_y3403,254.789,31.851,130.171
18458_00277,289.938,146.225,142.397
18869_5692_x6534_y3440,281.585,60.522,364.667
18454_01043,274.991,148.557,308.395
18464_00049,292.627,150.478,309.537
18458_00460,265.66,162.315,286.901
18867_4202_x26848_y7080,213.438,80.95,141.366
18869_4426_x7611_y4421,228.327,87.398,341.129
18869_4599_x7153_y3640,229.242,66.366,350.867
17545_00147,170.437,145.295,134.991
17545_00058,286.978,168.241,314.921
18867_2903_x13633_y8787,137.991,115.501,309.417
17788_3709_x6000_y8213,161.117,118.651,366.179
18463_00036,289.612,193.423,302.317
17109_6801_x7432_y4405,381.332,128.121,66.941
18465_00291,313.411,176.484,161.338
18869_3482_x7077_y5660,183.219,118.315,350.264
18864_3338_x3396_y21865,169.7,73.758,291.186
18455_00018,291.445,119.097,311.45
18454_00028,130.733,158.108,283.389
17300_3426_x20339_y44872,214.162,144.027,395.042
pre_18864_00008,281.296,23.213,265.614
pre_18464_00077,235.315,152.498,323.85
18454_00148,271.462,174.311,136.177
18465_00206,174.786,229.476,279.089
18457_00206,277.962,175.7,134.067
17787_00029,247.066,199.645,378.794
17543_3705_x9619_y20864,176.124,188.347,375.863
18457_00008,161.126,155.11,294.817
18464_00086,209.001,206.461,328.138
18868_3781_x6715_y11703,172.009,149.219,371.521
18457_00159,262.957,175.254,159.547
18454_01130,267.836,183.529,303.325
17109_7001_x5738_y6470,389.338,99.756,100.029
18454_01073,289.027,177.252,283.548
pre_18864_00174,131.966,145.737,104.847
18047_2622_x11862_y12983,109.202,98.15,295.083
182724_4599_x8181_y6776,228.028,136.769,70.94
17787_00014,183.931,164.938,306.213
191812_3140_x5204_y12992,141.931,63.118,185.966
18463_00052,299.685,143.589,173.428
17302_00121,302.907,118.154,146.298
17545_00001,207.75,216.626,364.148
pre_18464_00180,201.495,265.648,333.16
18867_6085_x20833_y6331,296.121,74.393,217.198
18457_00036,130.599,143.054,148.585
18864_2047_x3016_y12128,95.588,91.528,163.596
18457_00209,272.398,161.053,215.23
17302_00063,208.05,110.565,279.635
18867_4984_x30860_y8156,253.272,99.472,88.636
18869_4468_x23035_y7089,242.17899999999997,129.745,70.153
18453_4496_x31014_y8304,249.803,81.615,377.262
18463_00042,246.803,190.489,220.098
18465_00292,296.039,164.726,144.751
182724_2238_x7096_y20268,86.648,126.688,300.916
18869_3634_x5750_y7170,188.389,152.097,375.55
18464_00184,287.375,167.104,149.863
pre_18458_00367,289.267,93.07,161.957
18453_4749_x31789_y8895,261.676,90.279,387.608
18464_00016,190.346,143.203,271.396
18455_00020,276.763,146.222,318.394
18869_3547_x21769_y7449,191.601,143.159,87.159
18867_4392_x7633_y13301,214.11,174.85,394.15
17302_00117,297.039,135.613,135.575
18463_00014,299.913,150.956,320.784
18455_00036,182.229,148.288,126.466
pre_18464_00182,140.32,258.955,256.871
18869_3239_x6605_y6691,169.27,141.821,358.807
15257_3271_x15413_y13333,177.605,105.12,321.452
18868_4517_x31548_y11591,227.615,145.298,57.385
191807_4923_x7499_y24194,252.644,149.573,386.233
18867_4824_x31628_y8902,245.74,110.824,77.61
18867_4768_x26326_y6150,234.387,67.898,148.187
18454_01126,296.673,150.896,134.212
18458_00119,280.594,153.222,309.831
18868_6405_x11428_y4397,325.78,35.936,307.137
18463_00016,301.217,128.607,312.994
18462_00028,289.711,184.528,304.601
236174_3429_x12632_y10625,181.985,184.215,123.027
pre_18469_00086,270.505,29.298,210.986
18454_01013,267.431,163.289,291.374
18465_00028,198.791,118.782,290.771
18455_00159,273.566,179.423,276.404
18868_3626_x29809_y12585,178.42,159.867,76.796
18458_00419,266.392,164.67,320.996
18463_00073,289.357,191.55,145.387
18454_00069,334.756,153.412,319.787
18454_00051,261.345,173.824,274.366
18868_4648_x14941_y16268,234.283,218.869,264.597
18457_00006,186.261,155.582,295.894
18867_4831_x27808_y6496,239.94,73.07,129.004
18869_4511_x11720_y4070,227.947,69.722,269.112
18457_00075,311.968,152.483,129.133
17109_2401_x9695_y9693,155.16,189.284,130.475
18464_00082,184.205,204.621,350.704
18457_00037,149.632,152.228,166.179
18864_5305_x7877_y31450,277.077,114.687,417.608
17543_4926_x5833_y20277,274.637,89.114,371.437
18454_01134,276.699,186.302,303.069
18463_00045,268.104,167.665,151.402
236174_3029_x12820_y24699,169.199,156.793,327.057
18454_01015,265.535,173.648,297.167
18867_7790_x21511_y18480,392.131,251.15,213.883
18462_00062,296.956,189.55,147.379
18463_00003,289.553,176.967,165.665
18869_3634_x20027_y5437,199.019,98.224,126.402
18868_3207_x27726_y9448,155.558,113.621,105.186
18457_00028,283.705,141.062,301.44
191812_6084_x5026_y7787,288.444,55.065,98.848
18869_4414_x15653_y4273,223.996,65.627,207.972
18454_01074,289.826,174.434,288.961
17781_00001,166.414,229.76,136.052
18864_3248_x2473_y15212,154.23,54.382,206.814
18864_00040,180.742,142.936,73.941
18454_01119,279.685,161.17,144.545
18869_4301_x20547_y5218,233.431,92.126,121.557
18465_00033,159.749,134.27,270.88
18868_3799_x26336_y7466,194.445,83.653,129.024
18465_00288,281.683,167.552,161.064
17545_00081,327.684,157.89,326.896
18465_00245,276.749,210.929,274.516
18465_00132,304.482,162.54,143.27
18465_00116,292.826,144.402,126.771
18455_00144,283.634,154.223,304.705
18457_00102,269.113,178.168,314.178
18454_00149,317.057,152.968,139.968
18453_6316_x30559_y4743,343.889,41.975,359.282
17545_00066,192.247,124.793,309.595
pre_17543_01171,66.9,247.242,327.344
18454_00075,281.083,175.801,266.707
18465_00057,287.228,144.659,313.262
18869_4912_x19648_y8510,261.87,154.235,137.937
191812_5922_x4572_y8645,279.84,44.168,114.646
18454_01011,268.706,163.633,304.838
18455_3718_x10944_y12140,183.96,155.15,338.643
18868_5242_x9858_y5968,261.118,54.167,323.869
18869_5024_x5544_y5480,257.774,113.546,382.816
pre_18864_00048,305.943,26.684,145.824
17302_00020,270.631,190.516,300.777
17545_00150,198.791,155.842,116.44
18869_5033_x23046_y6158,271.133,107.389,75.837
17302_00062,207.321,117.543,286.837
236174_6855_x15550_y29832,331.26,171.433,408.46
18864_6139_x4843_y27122,307.15,51.849,354.383
18455_4619_x10185_y12182,234.21,157.154,345.389
pre_18864_00114,176.568,114.1,374.875
17781_6228_x12697_y8412,317.012,137.962,49.092
18453_4711_x14090_y3943,245.31099999999998,26.166,163.457
18869_3701_x5589_y7633,192.15,162.284,378.738
18454_00095,241.689,170.694,219.658
17545_00111,170.741,125.822,169.212
17302_00064,290.079,116.664,315.192
18458_00077,266.515,133.8,303.176
18465_00157,212.634,192.277,352.644
18454_01109,273.354,155.638,130.927
17109_6401_x7989_y3767,361.121,131.038,58.285
18454_00064,273.549,142.165,303.351
18458_00386,197.196,208.619,347.676
18867_4302_x30805_y9233,221.111,115.974,88.39
18454_01115,280.914,157.656,133.876
18465_00036,201.527,145.058,298.035
18868_5965_x17541_y6435,305.943,68.26,237.344
18869_5393_x8284_y3671,270.201,69.18,331.367
17545_00023,203.967,173.569,368.503
18867_7541_x13210_y4462,366.432,45.2,315.455
18453_7024_x9012_y4138,354.155,53.799,87.748
17545_00078,290.237,155.77,328.505
18457_00082,159.63,177.17,303.033
182724_4327_x4847_y18972,188.739,58.69,281.514
17302_00017,275.448,187.574,380.509
18465_00125,286.845,156.96,155.204
18454_00146,286.883,170.261,141.384
18869_00024,248.897,205.851,164.952
18462_00052,288.555,168.514,144.911
pre_18864_00012,231.731,45.579,322.204
18463_00069,278.399,160.811,145.673
18868_5131_x7596_y7239,252.274,76.801,354.395
18463_00011,169.192,138.159,290.977
236174_3893_x17507_y26071,212.315,229.237,372.046
18457_00026,273.069,137.794,311.323
15257_4021_x16401_y21556,219.141,67.303,195.284
18457_00040,149.97,158.646,140.864
17302_00125,303.534,124.065,160.632
18465_00080,285.923,165.315,305.857
18457_00009,261.752,127.978,309.154
17302_00040,315.796,128.788,315.733
18457_00044,206.456,138.03,148.606
18453_2400_x15836_y7243,128.071,64.54,190.507
18458_00564,270.574,165.311,135.505
18868_3488_x24952_y7321,176.188,81.395,145.225
18457_00110,248.644,175.626,269.619
18457_00136,267.729,198.542,192.09
18464_00192,276.097,121.268,285.705
18463_00010,209.99,113.622,285.855
18457_00141,141.164,187.902,122.17
18465_00079,282.399,165.545,304.917
pre_18864_00457,277.359,26.484,274.257
18455_00009,197.11,139.409,328.135
18465_00078,280.623,168.122,312.023
18457_00001,169.234,129.546,305.176
17302_00045,186.548,147.013,324.554
18869_4345_x7097_y4738,225.624,95.56,350.832
18462_00017,293.44,155.183,309.873
18462_00055,308.032,138.805,140.556
18464_00061,223.03,149.303,168.253
18462_00015,297.12,154.656,322.019
18869_6076_x17177_y3306,308.206,42.289,186.422
18867_3758_x14594_y6944,186.691,78.914,293.003
18454_00010,181.943,124.41,288.113
pre_18469_00002,255.596,47.797,135.903
18864_5648_x4839_y28849,284.281,61.993,380.86
18454_01124,282.028,167.004,129.249
18454_00132,292.969,183.135,178.507
18867_3973_x31634_y12362,199.614,165.739,75.877
18457_00078,218.742,203.114,346.002
18465_00152,363.21,156.973,125.815
18454_00086,184.012,139.855,146.37
18454_01062,269.677,163.065,296.178
182725_3680_x13452_y7614,184.271,187.19,72.104
18465_00017,254.469,165.701,361.414
18457_00125,272.792,168.057,322.338
18867_3832_x10338_y8748,189.787,108.561,354.053
18869_4384_x15799_y10704,227.409,215.092,195.48
18454_01055,278.239,157.599,320.825
18455_00044,311.446,125.401,134.982
18465_00304,277.897,195.212,166.383
18454_00100,256.542,186.444,206.192
18454_01051,266.536,146.929,307.245
18454_01078,213.912,149.985,138.546
17782_3672_x34784_y19432,163.09,192.277,100.184
18463_00074,296.834,169.714,60.42
18869_4054_x19963_y5080,219.412,89.424,131.078
18458_00577,272.448,179.32,152.727
18464_00122,287.617,176.112,310.345
18454_00072,282.214,164.246,284.537
18453_4725_x30684_y6703,262.163,60.173,370.557
pre_18868_00443,152.452,101.859,314.901
18869_4410_x8772_y3996,225.752,75.64,319.678
18869_5482_x15126_y4142,277.6,63.705,219.614
17302_00035,334.914,161.759,314.283
pre_18864_00424,114.571,130.924,343.658
17545_00180,250.68900000000002,203.774,250.955
17545_00091,314.436,143.085,325.874
18454_00057,259.341,189.818,230.912
pre_18864_00025,118.04499999999999,88.17,149.146
18462_00057,304.125,151.402,128.835
18457_00083,261.694,154.632,312.87
18458_00444,266.349,172.082,302.662
17781_5361_x17741_y11849,274.628,199.001,90.689
18453_6604_x9161_y4006,331.121,48.347,90.469
17781_6028_x9772_y42888,296.9,97.996,388.092
18453_6846_x11548_y2831,352.184,29.576,123.047
18454_01133,283.143,179.721,307.18
18465_00154,195.878,201.696,353.595
182725_7341_x4593_y22594,351.089,80.437,383.126
18454_01044,274.58,155.053,316.262
pre_18864_00113,225.532,92.262,381.438
18463_00005,197.713,140.237,310.107
18453_1641_x24165_y10580,88.807,114.662,311.494
191807_4821_x3698_y18726,218.257,66.026,296.314
18465_00287,277.634,168.999,160.181
18454_00134,278.088,159.588,147.527
18868_3875_x8707_y8341,184.913,97.516,341.961
18470_3582_x22459_y29708,221.871,38.422,204.255
18864_4797_x9453_y2359,244.373,139.858,47.573
18462_00054,318.609,120.763,130.167
17302_00079,335.621,150.625,136.575
18455_00256,299.489,163.502,160.211
17545_00131,202.129,178.062,113.25
18454_01108,293.476,160.226,139.063
17545_00175,253.959,194.146,250.725
18864_00015,249.87099999999998,63.126,101.315
18457_00010,266.353,146.79,312.865
18864_4267_x2794_y21031,199.968,44.881,276.975
17545_00046,175.695,169.126,346.741
18455_00163,264.247,152.176,210.764
18453_3690_x8282_y9898,185.804,124.262,90.023
18465_00058,280.461,147.462,309.575
18464_00044,276.504,152.81,302.284
18465_00133,291.486,157.383,134.086
18465_00070,277.705,134.534,296.867
17302_00123,191.082,128.285,158.99
18454_00050,240.087,170.993,228.271
18457_00133,126.053,204.122,182.14
17545_00093,304.476,127.911,327.329
18867_8235_x25208_y14610,412.287,195.947,167.876
18869_4453_x9586_y8809,235.606,175.47,290.012
182724_3887_x5901_y10339,187.291,86.472,132.027
18457_00003,202.434,122.581,296.208
18464_00153,216.613,218.038,132.787
18465_00234,301.703,183.343,316.379
18465_00349,279.88,171.952,68.146
17302_00066,306.088,118.385,313.216
17781_5166_x11993_y10858,261.843,131.237,75.646
pre_18864_00153,115.30199999999999,141.612,345.373
pre_18864_00427,156.79,62.657,242.675
18868_3932_x25373_y7132,202.393,78.045,142.678
18453_3316_x8214_y11076,164.223,141.616,87.359
18453_5317_x24548_y3717,291.074,22.415,281.998
18457_00127,319.864,159.951,327.286
18458_00049,294.575,118.076,322.872
17545_00085,305.508,190.436,304.802
18453_3841_x9500_y7920,196.283,90.676,106.089
18457_00014,148.912,146.958,281.592
18458_00586,279.22,195.767,153.572
18457_00144,257.894,166.623,154.411
18869_5553_x7275_y3994,279.556,77.437,350.293
18867_4330_x29413_y7746,220.711,91.423,107.288
18465_00041,220.019,140.592,319.492
17109_2201_x8046_y23301,139.185,151.629,325.06
18464_00088,210.716,220.516,347.625
18453_3350_x8925_y9653,168.268,117.629,98.616
18457_00118,274.656,155.833,314.24
pre_18864_00051,209.194,65.758,327.877
18864_4429_x7945_y3080,225.914,126.09,52.76
18458_00053,287.134,113.982,310.138
191801_4180_x7440_y5386,196.417,110.168,73.169
18454_01039,279.701,149.074,317.053
18458_00550,288.447,162.701,155.121
17788_5767_x16636_y3662,260.792,47.538,232.112
18864_00043,175.752,165.515,72.126
18869_4001_x4383_y7249,199.942,153.688,402.361
17109_4764_x6621_y5727,272.277,119.488,78.587
18455_00145,268.68,167.279,306.641
18864_4693_x10912_y2095,243.527,164.641,47.497
17545_00048,165.71,167.4,328.042
18454_01045,276.895,152.509,320.704
18465_00261,268.48,200.623,178.359
pre_18864_00044,190.273,78.198,351.535
18464_00075,280.449,149.922,156.438
17545_00172,295.281,157.06,141.293
236174_4229_x13663_y8589,211.305,203.024,92.925
17302_00106,197.742,140.148,158.44
18868_6757_x10353_y4324,345.071,37.445,322.394
17545_00115,163.414,207.819,145.468
236174_2657_x11930_y12250,140.223,170.454,147.596
18868_5531_x7356_y7030,273.274,73.116,358.968
18453_5033_x32118_y8975,275.643,92.992,390.994
17302_00119,310.191,121.464,149.567
pre_18464_00103,295.451,95.833,255.148
pre_18864_00088,325.5,37.659,327.059
18869_5941_x16325_y2938,297.362,30.08,199.997
17545_00006,200.599,192.139,364.032
18457_00117,286.095,157.427,324.932
18462_00050,198.115,159.651,116.661
18457_00058,274.577,143.105,138.588
18454_01056,268.888,162.768,308.885
236174_4029_x13079_y8858,203.392,193.396,96.065
17302_00032,173.677,163.21,340.647
18465_00230,288.392,174.835,309.714
182725_4290_x5671_y18488,199.072,77.564,282.251
18864_00057,110.88300000000001,141.904,221.923
18465_00258,258.913,197.001,202.778
18465_00008,265.02,141.304,350.526
18465_00199,170.184,255.893,284.954
18463_00072,342.906,160.892,137.26
pre_18464_00169,205.334,208.658,272.953
pre_18864_00413,120.006,71.459,269.044
17302_00053,272.306,157.339,300.649
18455_00260,287.956,151.501,137.017
17302_00105,159.604,170.826,142.314
18864_6821_x5144_y6844,332.154,41.418,107.475
18453_7245_x12979_y2864,377.265,31.61,140.569
18454_01022,271.408,128.956,312.17
17302_00055,199.104,130.963,300.229
18462_00007,196.908,148.845,272.819
17302_00065,288.016,116.125,312.151
18869_3701_x7703_y4993,195.402,102.019,338.659
18867_4457_x7592_y10554,216.862,134.984,391.833
18465_00305,281.702,192.684,147.394
18867_6985_x12525_y4095,335.807,39.236,323.652
18454_00074,271.288,152.236,235.448
17109_3101_x10824_y7188,194.643,204.441,91.33
17302_00076,325.041,154.687,147.818
18454_00048,266.233,164.482,282.945
18465_00264,203.088,202.691,120.688
236174_3729_x12692_y9419,193.134,186.671,103.799
17302_00049,305.989,120.7,317.097
182724_2247_x6785_y11803,100.195,120.245,149.642
18455_00121,262.878,156.905,315.851
18867_4397_x8352_y9768,215.762,123.055,380.912
17788_4719_x3512_y9492,212.841,135.829,395.523
18462_00013,286.542,151.268,318.99
18455_00257,308.685,161.155,157.201
18454_01009,267.186,160.958,305.474
pre_18464_00163,163.476,188.205,277.682
18462_00043,149.125,145.659,160.294
191812_5411_x6011_y24641,256.717,93.771,383.064
17302_00108,180.397,161.296,118.593
236174_3536_x15159_y25525,194.301,193.081,350.396
18465_00285,273.924,243.139,107.156
18455_00136,277.351,151.531,318.408
18465_00286,280.281,160.995,153.8
18465_00141,305.434,152.903,127.38
18454_01005,264.663,153.709,305.67
15257_4500_x16614_y17147,239.192,53.271,258.577
17302_00114,283.775,146.616,144.799
pre_18454_00376,168.383,142.993,147.416
18465_00111,286.666,136.476,132.331
18867_4874_x16831_y16618,245.06099999999998,222.716,272.664
17781_2184_x15071_y19950,111.565,173.183,159.032
17109_2301_x9418_y23665,141.417,174.53,333.124
18453_7132_x31679_y7308,387.463,86.919,378.226
18869_00025,244.236,167.833,155.956
pre_18465_00370,339.864,125.769,323.502
18868_4803_x7002_y8311,234.138,95.765,362.791
18464_00155,198.767,234.193,154.964
18457_00096,267.639,161.245,305.896
17302_00124,208.459,140.504,114.597
18455_00007,177.73,136.535,321.803
18457_00063,281.489,142.0,131.265
18454_00127,280.418,139.277,150.085
17302_00007,210.827,188.661,361.621
18454_01061,281.176,159.981,303.565
18463_00018,312.6,146.017,120.248
18464_00085,198.914,187.977,353.818
17781_6270_x9494_y43380,309.456,93.78,394.768
18454_01010,266.582,158.929,302.101
18453_2991_x13607_y7348,160.887,69.842,162.737
18457_00184,176.834,294.871,158.43
18465_00007,252.729,139.223,340.125
18454_01001,267.262,156.94,308.13
pre_18464_00159,186.662,222.659,340.53
18867_6408_x9343_y6158,305.462,72.837,367.175
18463_00058,297.965,149.797,135.16
18453_3492_x29357_y9198,197.248,91.285,362.795
18465_00155,247.201,195.939,368.031
236174_4429_x13147_y8003,222.731,195.764,84.402
18465_00045,253.507,158.773,332.576
18463_00013,285.798,146.51,314.035
17545_00124,207.038,193.431,102.9
18457_00056,275.367,139.272,143.387
