n1327_u32_id,n671_u32_id,n316_u32_id,n13_u32_id,n4_u32_id
997,0,0,0,0
8,0,0,0,0
567,0,0,0,0
688,0,0,0,688
695,0,0,0,688
315,0,0,315,688
184,0,184,315,688
68,68,184,315,688
667,667,184,315,688
526157192,526157192,184,315,688
526157196,526157196,184,315,688
526322264,526322264,184,315,688
500,0,0,315,688
107,0,0,315,688
219,0,0,315,688
299,0,0,315,688
644,0,0,315,688
947,0,0,315,688
985,0,985,315,688
320,320,985,315,688
943,943,985,315,688
648,648,985,315,688
844,844,985,315,688
882,882,985,315,688
993,0,993,315,688
656,656,993,315,688
962,962,993,315,688
767,767,993,315,688
1021,1021,993,315,688
1085,1085,993,315,688
453,0,0,315,688
12993,0,0,315,688
12994,0,0,315,688
12995,0,0,315,688
12996,0,0,315,688
12997,0,0,315,688
12998,0,0,315,688
322,0,0,315,688
793,0,0,315,688
346,0,0,315,688
865,0,0,315,688
921,0,0,315,688
686,0,0,315,688
719,0,0,315,688
353,0,353,315,688
558,558,353,315,688
838,838,353,315,688
654,654,353,315,688
702,702,353,315,688
889,889,353,315,688
929,929,353,315,688
329,0,329,315,688
981,981,329,315,688
201,201,329,315,688
1047,1047,329,315,688
1070,1070,329,315,688
1038,1038,329,315,688
1062,1062,329,315,688
480149202,0,329,315,688
480149206,0,329,315,688
480149210,0,329,315,688
480149214,0,329,315,688
480149218,0,329,315,688
480149222,0,329,315,688
480149226,0,329,315,688
337,0,337,315,688
1030,1030,337,315,688
113,113,337,315,688
1094,1094,337,315,688
1128,1128,337,315,688
478,478,337,315,688
510,510,337,315,688
345,0,345,315,688
878,878,345,315,688
657,657,345,315,688
950,950,345,315,688
974,974,345,315,688
1102,1102,345,315,688
2,2,345,315,688
369,0,369,315,688
450,450,369,315,688
854,854,369,315,688
577,577,369,315,688
625,625,369,315,688
945,945,369,315,688
1026,1026,369,315,688
361,0,361,315,688
1006,1006,361,315,688
670,670,361,315,688
1086,1086,361,315,688
1111,1111,361,315,688
9,9,361,315,688
461,461,361,315,688
182305689,0,182305689,315,688
182305693,182305693,182305689,315,688
182305697,182305697,182305689,315,688
182305701,182305701,182305689,315,688
182305705,182305705,182305689,315,688
182305709,182305709,182305689,315,688
182305713,182305713,182305689,315,688
378,0,378,315,688
873,873,378,315,688
806,806,378,315,688
1035,1035,378,315,688
1090,1090,378,315,688
862,862,378,315,688
893,893,378,315,688
1057,0,1057,315,688
36,36,1057,315,688
180,180,1057,315,688
148,148,1057,315,688
187,187,1057,315,688
638,638,1057,315,688
662,662,1057,315,688
677,0,677,315,688
897,897,677,315,688
1106,1106,677,315,688
1010,1010,677,315,688
1058,1058,677,315,688
857,857,677,315,688
849,849,677,315,688
247,0,0,315,688
1011,0,1011,315,688
527,527,1011,315,688
600,600,1011,315,688
678,678,1011,315,688
252,252,1011,315,688
156,156,1011,315,688
243,243,1011,315,688
480149230,0,1011,315,688
480149234,0,1011,315,688
480149238,0,1011,315,688
480149242,0,1011,315,688
480149246,0,1011,315,688
480149250,0,1011,315,688
480149254,0,1011,315,688
1002,0,1002,315,688
735,735,1002,315,688
251,251,1002,315,688
816,816,1002,315,688
847,847,1002,315,688
954,954,1002,315,688
1005,1005,1002,315,688
1027,0,1027,315,688
696,696,1027,315,688
643,643,1027,315,688
759,759,1027,315,688
791,791,1027,315,688
249,249,1027,315,688
456,456,1027,315,688
1018,0,1018,315,688
959,959,1018,315,688
755,755,1018,315,688
990,990,1018,315,688
1023,1023,1018,315,688
520,520,1018,315,688
598,598,1018,315,688
669,0,0,315,688
801,0,0,315,688
561,0,0,315,688
913,0,0,315,688
937,0,0,315,688
457,0,0,315,688
497,0,0,315,688
402,0,402,315,688
1074,1074,402,315,688
905,905,402,315,688
1114,1114,402,315,688
233,233,402,315,688
601,601,402,315,688
649,649,402,315,688
394,0,394,315,688
281,281,394,315,688
1066,1066,394,315,688
401,401,394,315,688
433,433,394,315,688
1046,1046,394,315,688
441,441,394,315,688
409,0,409,315,688
421,421,409,315,688
973,973,409,315,688
573,573,409,315,688
613,613,409,315,688
74,74,409,315,688
121,121,409,315,688
385,0,385,315,688
593,593,385,315,688
821,821,385,315,688
721,721,385,315,688
778,778,385,315,688
33,33,385,315,688
305,305,385,315,688
425,0,425,315,688
750,750,425,315,688
269,269,425,315,688
869,869,425,315,688
902,902,425,315,688
377,377,425,315,688
393,393,425,315,688
533,0,533,315,688
805,805,533,315,688
41,41,533,315,688
501,501,533,315,688
565,565,533,315,688
257,257,533,315,688
469,469,533,315,688
312782574,0,312782574,315,688
312782578,312782578,312782574,315,688
312782582,312782582,312782574,315,688
312782586,312782586,312782574,315,688
312782590,312782590,312782574,315,688
312782594,312782594,312782574,315,688
312782598,312782598,312782574,315,688
312782628,0,312782628,315,688
312782632,312782632,312782628,315,688
312782636,312782636,312782628,315,688
312782640,312782640,312782628,315,688
312782644,312782644,312782628,315,688
312782648,312782648,312782628,315,688
312782652,312782652,312782628,315,688
31,0,0,315,688
572,0,0,315,688
1053,0,0,315,688
739,0,0,315,688
179,0,0,315,688
227,0,0,315,688
39,0,39,315,688
935,935,39,315,688
211,211,39,315,688
1015,1015,39,315,688
919,919,39,315,688
927,927,39,315,688
48,0,48,315,688
588,588,48,315,688
296,296,48,315,688
772,772,48,315,688
810,810,48,315,688
819,819,48,315,688
972,0,972,315,688
171,171,972,315,688
195,0,972,315,688
304,304,972,315,688
363,363,972,315,688
84,84,972,315,688
132,132,972,315,688
44,0,44,315,688
707,707,44,315,688
747,0,44,315,688
556,556,44,315,688
827,827,44,315,688
1054,1054,44,315,688
1081,1081,44,315,688
714,0,0,315,688
264,0,0,315,688
492,0,0,315,688
352,0,0,315,688
476,0,0,315,688
516,0,0,315,688
723,0,723,315,688
448,448,723,315,688
412,412,723,315,688
630,630,723,315,688
440,440,723,315,688
488,488,723,315,688
731,0,731,315,688
484,484,731,315,688
524,0,731,315,688
582,582,731,315,688
620,620,731,315,688
910,910,731,315,688
527696977,527696977,731,315,688
738,0,0,315,688
746,0,746,315,688
969,969,746,315,688
288,288,746,315,688
1125,1125,746,315,688
608,608,746,315,688
680,680,746,315,688
95,0,0,315,688
104,0,104,315,688
996,996,104,315,688
328,328,104,315,688
1101,1101,104,315,688
783,783,104,315,688
831,831,104,315,688
111,0,111,315,688
120,120,111,315,688
163,163,111,315,688
344,344,111,315,688
314,314,111,315,688
355,355,111,315,688
119,0,119,315,688
704,704,119,315,688
694,694,119,315,688
800,800,119,315,688
675,675,119,315,688
699,699,119,315,688
254,0,0,315,688
894,0,894,315,688
671,671,894,315,688
965,965,894,315,688
774,774,894,315,688
906,906,894,315,688
279,279,894,315,688
480149258,0,894,315,688
480149262,0,894,315,688
480149266,0,894,315,688
480149270,0,894,315,688
480149274,0,894,315,688
480149278,0,894,315,688
480149282,0,894,315,688
480149286,0,894,315,688
480149290,0,894,315,688
480149294,0,894,315,688
480149298,0,894,315,688
480149302,0,894,315,688
480149306,0,894,315,688
480149310,0,894,315,688
480149314,0,894,315,688
480149318,0,894,315,688
480149322,0,894,315,688
480149326,0,894,315,688
480149330,0,894,315,688
480149334,0,894,315,688
480149338,0,894,315,688
879,0,879,315,688
442,442,879,315,688
434,434,879,315,688
545,0,879,315,688
610,610,879,315,688
274,274,879,315,688
330,330,879,315,688
886,0,886,315,688
542,542,886,315,688
606,0,886,315,688
430,430,886,315,688
687,687,886,315,688
590,590,886,315,688
622,622,886,315,688
22,0,0,315,688
532,0,0,315,688
241,0,0,315,688
635,0,0,315,688
683,0,0,315,688
308,0,0,315,688
340,0,0,315,688
312782546,0,312782546,315,688
312782550,312782550,312782546,315,688
312782554,312782554,312782546,315,688
312782558,312782558,312782546,315,688
312782562,312782562,312782546,315,688
312782566,312782566,312782546,315,688
312782570,312782570,312782546,315,688
417,0,417,315,688
312782604,312782604,417,315,688
312782608,312782608,417,315,688
312782612,312782612,417,315,688
312782616,312782616,417,315,688
312782620,312782620,417,315,688
312782624,312782624,417,315,688
541,0,541,315,688
97,97,541,315,688
1127,1127,541,315,688
234,234,541,315,688
289,289,541,315,688
729,729,541,315,688
786,786,541,315,688
922,0,922,315,688
540,540,922,315,688
888,888,922,315,688
692,692,922,315,688
335,335,922,315,688
368,368,922,315,688
895,0,895,315,688
836,836,895,315,688
427,427,895,315,688
988,988,895,315,688
977,977,895,315,688
1045,1045,895,315,688
698,698,0,698,688
507,507,507,698,688
212,507,507,698,688
220,507,507,698,688
228,507,507,698,688
236,507,507,698,688
244,507,507,698,688
151,698,151,698,688
188,188,151,698,688
196,196,151,698,688
204,204,151,698,688
159,159,159,698,688
167,159,159,698,688
175,159,159,698,688
183,159,159,698,688
191,159,159,698,688
199,159,159,698,688
160,159,159,698,688
168,159,159,698,688
589,698,589,698,688
597,597,589,698,688
297,597,589,698,688
1034,597,589,698,688
1042,597,589,698,688
1050,597,589,698,688
1059,597,589,698,688
605,605,589,698,688
306,605,589,698,688
1067,605,589,698,688
1075,605,589,698,688
1082,605,589,698,688
814,814,814,698,688
496,814,814,698,688
535,814,814,698,688
360,814,814,698,688
646,814,814,698,688
267,814,814,698,688
961,961,961,698,688
152,961,961,698,688
276,961,961,698,688
284,961,961,698,688
291,961,961,698,688
619,698,619,698,688
392,698,619,698,688
260,260,619,698,688
268,268,619,698,688
1139,1139,619,698,688
631,698,0,698,688
639,639,639,698,688
192,639,639,698,688
200,639,639,698,688
208,639,639,698,688
647,698,647,698,688
655,655,647,698,688
584,655,647,698,688
376,655,647,698,688
216,655,647,698,688
224,655,647,698,688
232,655,647,698,688
663,663,647,698,688
592,663,647,698,688
383,663,647,698,688
240,663,647,698,688
248,663,647,698,688
256,663,647,698,688
788,788,788,698,688
400,788,788,698,688
408,788,788,698,688
416,788,788,698,688
424,788,788,698,688
566,566,566,698,688
517,566,566,698,688
1140,566,566,698,688
1141,566,566,698,688
1142,566,566,698,688
1089,1089,0,1089,688
1080,1089,0,1089,688
375,1089,0,1089,688
382,382,382,1089,688
391,382,382,1089,688
399,382,382,1089,688
407,382,382,1089,688
415,382,382,1089,688
423,423,423,1089,688
431,423,423,1089,688
438,423,423,1089,688
446,423,423,1089,688
454,423,423,1089,688
463,463,463,1089,688
471,463,463,1089,688
479,463,463,1089,688
486,463,463,1089,688
495,463,463,1089,688
504,463,463,1089,688
726,1089,726,1089,688
10703,10703,726,1089,688
10704,10704,726,1089,688
632,632,726,1089,688
10702,1089,726,1089,688
734,1089,726,1089,688
742,1089,726,1089,688
751,1089,726,1089,688
758,1089,726,1089,688
766,1089,726,1089,688
775,1089,726,1089,688
782,1089,726,1089,688
790,1089,726,1089,688
799,1089,726,1089,688
807,1089,726,1089,688
815,1089,726,1089,688
823,1089,726,1089,688
982,982,982,1089,688
19,19,19,1089,688
822,1089,0,1089,688
909,1089,0,1089,688
918,1089,918,1089,688
1121,1121,918,1089,688
20,20,918,1089,688
999,1089,918,1089,688
715,1089,918,1089,688
764,1089,918,1089,688
52,52,918,1089,688
92,1089,918,1089,688
312,1089,918,1089,688
139,139,918,1089,688
387,1089,918,1089,688
28,28,918,1089,688
60,1089,918,1089,688
926,1089,926,1089,688
526,526,926,1089,688
543,543,926,1089,688
468,1089,926,1089,688
508,1089,926,1089,688
664,664,926,1089,688
712,1089,926,1089,688
727,727,926,1089,688
550,1089,926,1089,688
743,743,926,1089,688
934,1089,0,1089,688
259,1089,0,1089,688
324,1089,0,1089,688
371,1089,0,1089,688
419,1089,0,1089,688
1133,1089,0,1089,688
843,843,843,1089,688
10693,843,843,1089,688
10694,843,843,1089,688
10695,843,843,1089,688
1037,1037,1037,1089,688
10696,1037,1037,1089,688
10697,1037,1037,1089,688
10698,1037,1037,1089,688
1084,1084,1084,1089,688
10699,1084,1084,1089,688
10700,1084,1084,1089,688
10701,1084,1084,1089,688
502,502,502,1089,688
509,502,502,1089,688
829,502,502,1089,688
845,502,502,1089,688
837,502,502,1089,688
518,502,502,1089,688
853,502,502,1089,688
870,502,502,1089,688
861,502,502,1089,688
484682470,484682470,484682470,1089,688
484682475,484682470,484682470,1089,688
484682479,484682470,484682470,1089,688
484682483,484682470,484682470,1089,688
484682487,484682470,484682470,1089,688
484682492,484682470,484682470,1089,688
484682496,484682470,484682470,1089,688
484682500,484682470,484682470,1089,688
484682504,484682470,484682470,1089,688
589508447,589508447,589508447,1089,688
484682508,484682508,484682508,1089,688
703,703,0,703,688
16,703,0,703,688
583,583,583,703,688
942,703,0,703,688
952,952,952,703,688
966,966,966,703,688
131,131,131,703,688
295,703,295,703,688
303,303,295,703,688
311,311,295,703,688
451,451,295,703,688
319,703,319,703,688
327,327,319,703,688
334,334,319,703,688
780,780,780,703,688
623,0,0,0,623
477,477,0,477,623
485,477,0,477,623
672,672,672,477,623
493,477,0,477,623
56,56,56,477,623
998,998,998,477,623
754,754,754,477,623
481,754,754,477,623
489,754,754,477,623
144,754,754,477,623
458,754,754,477,623
465,754,754,477,623
473,754,754,477,623
549009199,477,0,477,623
275,477,0,477,623
242,477,0,477,623
250,250,250,477,623
258,258,258,477,623
266,266,266,477,623
310,310,310,477,623
333,333,333,477,623
278,477,0,477,623
23,23,23,477,623
292,292,292,477,623
536,477,536,477,623
544,544,536,477,623
551,551,536,477,623
559,559,536,477,623
1105,1105,1105,477,623
403,403,403,477,623
411,403,403,477,623
418,403,403,477,623
426,403,403,477,623
472,403,403,477,623
480,403,403,477,623
487,403,403,477,623
435,403,403,477,623
803,803,0,803,623
818,803,0,803,623
1022,1022,1022,803,623
1031,1031,1031,803,623
835,803,0,803,623
342,342,342,803,623
298,298,298,803,623
826,803,0,803,623
904,803,0,803,623
564,564,564,803,623
596,596,596,803,623
581,581,581,803,623
809,803,0,803,623
351,351,351,803,623
359,351,351,803,623
537,351,351,803,623
498,351,351,803,623
505,351,351,803,623
513,351,351,803,623
546,351,351,803,623
521,351,351,803,623
554,351,351,803,623
562,351,351,803,623
529,351,351,803,623
367,351,351,803,623
569,351,351,803,623
578,351,351,803,623
585,351,351,803,623
594,351,351,803,623
602,351,351,803,623
287,287,287,803,623
343,0,0,0,343
1129,0,0,0,343
549,549,0,549,343
864,549,0,549,343
637,549,0,549,343
629,629,629,549,343
685,685,685,549,343
709,549,0,549,343
718,718,718,549,343
725,725,725,549,343
733,733,733,549,343
741,741,741,549,343
563807435,563807435,563807435,549,343
406,549,0,549,343
414,414,414,549,343
422,422,422,549,343
609,609,609,549,343
1044,1044,1044,549,343
1008,549,0,549,343
475,549,475,549,343
1072,1072,475,549,343
1079,1079,475,549,343
1088,1088,475,549,343
170,549,170,549,343
496345664,496345664,170,549,343
496345668,496345668,170,549,343
496345672,496345672,170,549,343
856,549,0,549,343
138,549,0,549,343
218,218,218,549,343
1020,1020,1020,549,343
1029,1029,1029,549,343
325,325,325,549,343
560581551,560581551,0,549,343
560581555,549,0,549,343
239,549,0,549,343
255,255,255,549,343
127,549,127,549,343
1096,1096,127,549,343
1104,1104,127,549,343
64,64,64,549,343
1120,1120,1120,549,343
1113,1113,1113,549,343
155,155,155,549,343
444,549,0,549,343
59,59,59,549,343
362,362,362,549,343
617,362,362,549,343
626,362,362,549,343
636,362,362,549,343
366,366,366,549,343
1077,1077,1077,549,343
571,549,0,549,343
149,149,149,549,343
15,15,15,549,343
181,181,181,549,343
560581559,560581559,560581559,549,343
51,549,0,549,343
189,189,189,549,343
599,599,599,549,343
907,907,907,549,343
575,575,575,549,343
930,930,930,549,343
560581563,560581563,560581563,549,343
262,262,262,549,343
1014,549,0,549,343
27,27,27,549,343
563807439,563807439,563807439,549,343
178,178,178,549,343
300,178,178,549,343
316,178,178,549,343
321,321,321,549,343
958,549,0,549,343
483,483,483,549,343
186,186,186,549,343
953,549,0,549,343
1097,1097,0,1097,343
157,1097,0,1097,343
390,390,390,1097,343
332,332,332,1097,343
432,332,332,1097,343
38,38,38,1097,343
71,38,38,1097,343
47,38,38,1097,343
79,38,38,1097,343
103,38,38,1097,343
652,38,38,1097,343
660,38,38,1097,343
94,38,38,1097,343
55,38,38,1097,343
87,38,38,1097,343
110,38,38,1097,343
30,30,30,1097,343
118,118,118,1097,343
223,223,223,1097,343
141,1097,0,1097,343
72,72,72,1097,343
80,1097,0,1097,343
263,263,263,1097,343
272,272,272,1097,343
830,830,830,1097,343
668,830,830,1097,343
676,830,830,1097,343
684,830,830,1097,343
452,452,452,1097,343
523,523,523,1097,343
763,763,763,1097,343
914,914,914,1097,343
1109,1109,1109,1097,343
1124,1097,0,1097,343
126,126,126,1097,343
133,133,133,1097,343
347,347,347,1097,343
286,286,286,1097,343
338,338,338,1097,343
576073699,576073699,576073699,1097,343
689,689,689,1097,343
467,1097,0,1097,343
88,88,88,1097,343
700,88,88,1097,343
708,88,88,1097,343
716,88,88,1097,343
724,88,88,1097,343
331,1097,0,1097,343
210,210,210,1097,343
491,1097,491,1097,343
732,732,491,1097,343
606826647,606826647,491,1097,343
606826651,606826651,491,1097,343
606826655,606826655,491,1097,343
606826659,606826659,491,1097,343
525,525,525,1097,343
1110,525,525,1097,343
1118,525,525,1097,343
557,1097,0,1097,343
1126,1126,1126,1097,343
1,1,1,1097,343
515,515,515,1097,343
740,515,515,1097,343
748,515,515,1097,343
756,515,515,1097,343
980,980,980,1097,343
1004,1004,1004,1097,343
63,63,63,1097,343
439,63,63,1097,343
447,63,63,1097,343
455,63,63,1097,343
464,63,63,1097,343
693,693,693,1097,343
761,693,693,1097,343
769,693,693,1097,343
777,693,693,1097,343
785,693,693,1097,343
946,946,946,1097,343
290,1097,0,1097,343
194,194,194,1097,343
226,226,226,1097,343
356,356,356,1097,343
364,364,364,1097,343
576073704,576073704,576073704,1097,343
173,173,173,1097,343
470,470,470,1097,343
614,614,614,1097,343
797,797,797,1097,343
796,797,797,1097,343
804,804,797,1097,343
10671,10671,10671,1097,343
313,313,0,313,343
339,313,0,313,343
302,313,302,313,343
851,851,302,313,343
842,842,302,313,343
834,834,302,313,343
4,313,4,313,343
811,811,4,313,343
820,820,4,313,343
828,828,4,313,343
580,580,580,313,343
271,271,271,313,343
874,874,874,313,343
460,460,460,313,343
599626923,599626923,599626923,313,343
323,313,0,313,343
381,381,381,313,343
749,749,749,313,343
607344830,607344830,607344830,313,343
246,246,246,313,343
128,128,128,313,343
539,128,128,313,343
548,128,128,313,343
555,128,128,313,343
294,313,294,313,343
26,26,294,313,343
42,42,294,313,343
17,17,294,313,343
10,10,294,313,343
494,10,294,313,343
503,10,294,313,343
511,10,294,313,343
795,795,795,313,343
50,50,795,313,343
67,67,795,313,343
587,587,795,313,343
614454277,614454277,795,313,343
1100,313,0,313,343
215,215,215,313,343
531,531,531,313,343
628,628,628,313,343
634,634,634,313,343
706,706,706,313,343
1061,1061,1061,313,343
549009203,549009203,0,313,343
549009207,313,0,313,343
616,616,616,313,343
214,214,214,313,343
35,35,35,313,343
549009211,549009211,549009211,313,343
975,975,975,313,343
115,115,115,313,343
606826663,606826663,606826663,313,343
757,757,757,313,343
231,231,231,313,343
66,66,66,313,343
75,75,75,313,343
58,58,58,313,343
615,313,0,313,343
348,313,0,313,343
374,374,374,313,343
1052,1052,1052,313,343
165,313,0,313,343
12,12,12,313,343
100,100,100,313,343
607344834,607344834,100,313,343
607344838,607344838,100,313,343
607344842,607344842,100,313,343
607344846,607344846,100,313,343
607344850,607344850,100,313,343
607344854,607344854,100,313,343
607344858,607344858,100,313,343
607344862,607344862,100,313,343
197,197,197,313,343
591,591,591,313,343
872,872,872,313,343
1065,0,0,0,343
771,771,0,771,343
1132,771,0,771,343
612,612,612,771,343
82,612,612,771,343
90,612,612,771,343
99,612,612,771,343
7,7,7,771,343
867,867,867,771,343
123,123,867,771,343
881,867,867,771,343
860,867,867,771,343
868,867,867,771,343
875,867,867,771,343
883,867,867,771,343
891,867,867,771,343
890,867,867,771,343
899,867,867,771,343
915,867,867,771,343
923,867,867,771,343
398,771,398,771,343
122,122,398,771,343
105,105,398,771,343
114,114,398,771,343
987,771,0,771,343
280,280,280,771,343
880,880,880,771,343
283,771,0,771,343
599626927,599626927,599626927,771,343
898,898,898,771,343
931,931,931,771,343
1093,1093,1093,771,343
552,771,0,771,343
318,318,318,771,343
462,771,0,771,343
534,534,534,771,343
574,574,574,771,343
621,621,621,771,343
549009215,549009215,549009215,771,343
549009219,549009219,549009219,771,343
549009223,549009223,549009223,771,343
549009227,549009227,549009227,771,343
1117,771,0,771,343
679,679,679,771,343
137,679,679,771,343
130,679,679,771,343
147,147,147,771,343
162,162,162,771,343
604,604,604,771,343
146,146,146,771,343
238,238,238,771,343
350,350,350,771,343
358,358,358,771,343
354,354,0,354,343
386,354,0,354,343
207,207,207,354,343
607,354,0,354,343
112,354,0,354,343
560,354,0,354,343
96,96,96,354,343
101,101,101,354,343
720,354,0,354,343
711,711,711,354,343
1039,1039,1039,354,343
903,903,903,354,343
642,642,642,354,343
651,651,651,354,343
659,651,651,354,343
666,651,651,354,343
674,651,651,354,343
682,651,651,354,343
691,651,651,354,343
429,429,429,354,343
437,437,437,354,343
445,445,445,354,343
77,445,445,354,343
53,445,445,354,343
61,445,445,354,343
45,445,445,354,343
69,445,445,354,343
589508451,589508451,589508451,354,343
789,354,0,354,343
370,354,0,354,343
653,653,653,354,343
568,354,0,354,343
661,661,661,354,343
576,576,576,354,343
640,354,0,354,343
135,354,135,354,343
939,939,135,354,343
143,143,135,354,343
839,839,839,354,343
887,354,0,354,343
1048,1048,1048,354,343
372,372,372,354,343
83,83,83,354,343
136,136,136,354,343
106,106,106,354,343
203,203,203,354,343
235,354,235,354,343
955,955,235,354,343
963,963,235,354,343
307,307,307,354,343
395,354,395,354,343
1098,1098,1098,354,343
1107,1107,1107,354,343
852,852,852,354,343
859,859,859,354,343
938,354,0,354,343
970,970,970,354,343
978,978,978,354,343
154,354,0,354,343
161,354,0,354,343
177,177,177,354,343
169,169,169,354,343
995,354,0,354,343
1069,1069,1069,354,343
185,1069,1069,354,343
193,1069,1069,354,343
701,354,0,354,343
209,209,209,354,343
202,202,202,354,343
225,225,225,354,343
217,217,217,354,343
765,765,765,354,343
773,773,773,354,343
781,781,781,354,343
76,354,0,354,343
379,354,0,354,343
206,206,206,354,343
230,230,230,354,343
222,222,222,354,343
512,512,0,0,512
528,512,0,528,512
1144,512,0,528,512
1145,512,0,528,512
1143,512,0,528,512
645,512,0,528,512
912,912,912,528,512
10707,912,912,528,512
10706,912,912,528,512
10705,912,912,528,512
920,512,920,528,512
976,976,920,528,512
10710,976,920,528,512
10709,976,920,528,512
10708,976,920,528,512
984,984,920,528,512
10713,984,920,528,512
10712,984,920,528,512
10711,984,920,528,512
928,512,928,528,512
992,512,928,528,512
10716,512,928,528,512
10715,512,928,528,512
10714,512,928,528,512
1001,512,928,528,512
10719,512,928,528,512
10718,512,928,528,512
10717,512,928,528,512
1091,1091,928,528,512
10722,1091,928,528,512
10721,1091,928,528,512
10720,1091,928,528,512
936,936,936,528,512
10725,936,936,528,512
10724,936,936,528,512
10723,936,936,528,512
944,944,944,528,512
10728,944,944,528,512
10727,944,944,528,512
10726,944,944,528,512
951,951,951,528,512
10731,951,951,528,512
10730,951,951,528,512
10729,951,951,528,512
957,957,957,528,512
10734,957,957,528,512
10733,957,957,528,512
10732,957,957,528,512
968,968,968,528,512
10737,968,968,528,512
10736,968,968,528,512
10735,968,968,528,512
1073,512,0,528,512
1007,1007,1007,528,512
10674,1007,1007,528,512
10673,1007,1007,528,512
10672,1007,1007,528,512
1017,512,1017,528,512
1056,1056,1017,528,512
10677,1056,1017,528,512
10676,1056,1017,528,512
10675,1056,1017,528,512
1064,1064,1017,528,512
10680,1064,1017,528,512
10679,1064,1017,528,512
10678,1064,1017,528,512
1025,1025,1025,528,512
10683,1025,1025,528,512
10682,1025,1025,528,512
10681,1025,1025,528,512
1033,1033,1033,528,512
10686,1033,1033,528,512
10685,1033,1033,528,512
10684,1033,1033,528,512
1041,1041,1041,528,512
10689,1041,1041,528,512
10688,1041,1041,528,512
10687,1041,1041,528,512
1049,1049,1049,528,512
10692,1049,1049,528,512
10691,1049,1049,528,512
10690,1049,1049,528,512
519,512,0,519,512
989,989,989,519,512
91,91,91,519,512
846,846,846,519,512
589508455,589508455,589508455,519,512
1009,0,0,0,0
967,0,0,0,0
885,0,0,0,0
949,949,0,0,0
840,0,0,0,0
1016,1016,0,0,0
21,0,0,0,0
665,665,0,0,0
538,538,0,0,0
459,0,0,0,0
900,900,0,0,0
848,848,0,0,0
876,848,0,0,0
916,916,0,0,0
336,336,0,0,0
117,117,0,0,0
125,125,0,0,0
357,848,0,0,0
832,832,0,0,0
62,62,0,0,0
158,158,0,0,0
911,911,0,0,0
384,911,0,0,0
710,0,0,0,0
901,0,0,0,0
93,93,0,0,0
229,229,0,0,0
705,229,0,0,0
794,794,0,0,0
798,798,0,0,0
1131,798,0,0,0
1116,1116,0,0,0
933,0,0,0,0
1076,0,0,0,0
413,413,0,0,0
948,0,0,0,0
841,841,0,0,0
641,0,0,0,0
506,506,0,0,0
658,658,0,0,0
633,633,0,0,0
482,482,0,0,0
808,0,0,0,0
917,0,0,0,0
237,237,0,0,0
717,0,0,0,0
813,0,0,0,0
925,0,0,0,0
792,0,0,0,0
932,0,0,0,0
570,0,0,0,0
522,0,0,0,0
858,0,0,0,0
586,0,0,0,0
514,0,0,0,0
380,380,0,0,0
388,0,0,0,0
396,0,0,0,0
697,697,0,0,0
871,0,0,0,0
29,0,0,0,0
389,0,0,0,0
245,0,0,0,0
261,0,0,0,0
270,0,0,0,0
293,0,0,0,0
277,0,0,0,0
253,0,0,0,0
285,0,0,0,0
627,0,0,0,0
960,0,0,0,0
744,744,0,0,0
752,0,0,0,0
326,326,0,0,0
812,812,0,0,0
85,812,0,0,0
850,850,0,0,0
866,866,0,0,0
78,78,0,0,0
1123,1123,0,0,0
553,553,0,0,0
499,1123,0,0,0
650,1123,0,0,0
490,1123,0,0,0
404,1123,0,0,0
410,1123,0,0,0
373,0,0,0,0
728,728,0,0,0
484682512,484682512,0,0,0
983,0,0,0,0
776,0,0,0,0
956,956,0,0,0
579,579,0,0,0
964,964,0,0,0
1108,1108,0,0,0
971,971,0,0,0
979,0,0,0,0
484682516,484682516,0,0,0
986,986,0,0,0
784,784,0,0,0
6,6,0,0,0
924,924,0,0,0
1036,784,0,0,0
1012,784,0,0,0
1003,784,0,0,0
994,784,0,0,0
190,190,0,0,0
198,198,0,0,0
1019,784,0,0,0
1028,784,0,0,0
896,0,0,0,0
1092,1092,0,0,0
14,0,0,0,0
86,0,0,0,0
365,0,0,0,0
484682520,484682520,0,0,0
484682524,484682524,0,0,0
1000,0,0,0,0
760,0,0,0,0
142,0,0,0,0
102,102,0,0,0
109,0,0,0,0
134,0,0,0,0
309,0,0,0,0
317,0,0,0,0
877,0,0,0,0
1051,1051,0,0,0
1060,1060,0,0,0
1043,1043,0,0,0
863,863,0,0,0
397,397,0,0,0
221,863,0,0,0
736,0,0,0,0
855,0,0,0,0
205,0,0,0,0
213,0,0,0,0
941,0,0,0,0
991,0,0,0,0
768,0,0,0,0
884,884,0,0,0
892,0,0,0,0
908,908,0,0,0
940,940,0,0,0
1099,0,0,0,0
466,466,0,0,0
530,530,0,0,0
603,603,0,0,0
745,0,0,0,0
420,0,0,0,0
737,0,0,0,0
428,428,0,0,0
436,436,0,0,0
618,0,0,0,0
443,443,0,0,0
449,449,0,0,0
713,0,0,0,0
474,0,0,0,0
37,0,0,0,0
301,301,0,0,0
484682528,484682528,0,0,0
824,0,0,0,0
54,54,0,0,0
405,0,0,0,0
174,0,0,0,0
349,349,0,0,0
817,349,0,0,0
825,349,0,0,0
833,349,0,0,0
166,0,0,0,0
341,0,0,0,0
182,0,0,0,0
762,0,0,0,0
770,0,0,0,0
779,0,0,0,0
787,0,0,0,0
150,0,0,0,0
46,0,0,0,0
753,753,0,0,0
690,690,0,0,0
681,681,0,0,0
673,673,0,0,0
1068,0,0,0,0
722,0,0,0,0
1083,0,0,0,0
802,802,0,0,0
595,595,0,0,0
611,611,0,0,0
730,0,0,0,0
70,0,0,0,0
547,0,0,0,0
563,0,0,0,0
73,0,0,0,0
81,81,0,0,0
89,81,0,0,0
98,98,0,0,0
108,108,0,0,0
116,81,0,0,0
124,0,0,0,0
129,129,0,0,0
140,140,0,0,0
145,145,0,0,0
153,153,0,0,0
164,164,0,0,0
1024,0,0,0,0
1032,0,0,0,0
1055,0,0,0,0
1063,0,0,0,0
1071,0,0,0,0
1078,0,0,0,0
1040,0,0,0,0
1087,0,0,0,0
1095,0,0,0,0
1103,0,0,0,0
1112,0,0,0,0
1119,0,0,0,0
3,0,0,0,0
11,0,0,0,0
18,0,0,0,0
25,0,0,0,0
34,0,0,0,0
43,0,0,0,0
49,0,0,0,0
57,0,0,0,0
65,0,0,0,0
624,0,0,0,0
304325711,0,0,0,0
