,prefix,region,max_density_apical,num_nodes_apical,total_path_length_apical,volume_apical,num_branches_apical,dist_to_soma_apical,dist_to_soma2_apical,num_hubs_apical,variance_ratio_apical
0,17109_1701_x8048_y22277,AId,22,22,37.9548,201.4761,10,4.2471,0.0,0,0.4748856867710638
1,17109_1801_x6698_y12550,AId,62,62,96.278,480.4224,30,2.2353,0.0,1,0.4285023046073551
2,17109_1901_x9602_y10508,AId,30,30,61.1439,503.9978,14,2.7108,0.0,0,0.4690443996512426
3,17109_2301_x8535_y23051,AId,22,22,52.7313,462.8955,10,4.6184,0.0,0,0.474304026061904
4,17109_2301_x9418_y23665,AId,48,48,65.9634,322.0364,23,1.2376,0.0,0,0.5030972016303702
5,17109_2401_x9338_y2394,AId,36,36,52.3078,184.8607,17,1.706,0.0,0,0.4556107610999242
6,17109_2401_x9954_y9122,AId,28,28,49.0563,302.9915,13,3.5859,0.0,0,0.5047857417570413
7,17109_2601_x9498_y8169,AId,51,51,81.0889,644.0154,24,2.979,0.0,1,0.40729082495061764
8,17782_3138_x32805_y18352,AId,31,31,56.0501,517.8193,14,3.702,0.0,0,0.45266420511770994
9,17782_3253_x33739_y18314,AId,66,66,106.4594,908.7976,32,4.0572,0.0,1,0.5181979123586998
10,182724_2525_x8483_y21088,AId,125,125,255.3827,4905.1732,61,12.0278,8.92636616994845,1,0.4999232011936228
11,182725_2917_x9391_y22263,AId,156,156,499.5308,15548.6858,77,8.7339,10.80910014756085,1,0.40830205222977434
12,191807_2469_x5431_y10056,AId,134,135,250.2747,5166.0814,65,15.1356,11.825689789606344,1,0.5269927757492016
13,236174_2657_x11930_y12250,AId,40,40,54.2311,244.8808,19,2.1799,0.0,0,0.4561189054223474
14,236174_2801_x11376_y11451,AId,39,39,93.0304,1530.6302,18,3.2975,0.0,0,0.4649995565543766
15,236174_3215_x11999_y11133,AId,36,36,63.1298,372.7479,17,3.617,0.0,0,0.5181615871233909
16,236174_3229_x11884_y10380,AId,42,42,63.4501,275.1685,20,3.3604,0.0,0,0.4310331752441312
17,236174_3729_x15151_y26698,AId,32,32,37.5305,79.4585,15,2.3803,0.0,0,0.5423623784700493
18,236174_3929_x12721_y8845,AId,46,46,68.1291,247.9642,22,4.5702,0.9444924562959685,0,0.40975558864862427
19,17109_2201_x8046_y23301,MOs,72,72,122.9497,815.1699,35,3.848,0.0,1,0.4849430534914531
20,18047_2622_x11862_y12983,MOs,50,50,145.6283,8448.2998,24,8.9278,8.192754420828203,0,0.42462451268778156
21,18047_3132_x24052_y12385,MOs,41,41,124.1529,7002.1724,19,12.0173,7.106458822789309,0,0.4556450128798072
22,18047_4141_x14168_y9063,MOs,112,112,264.249,4010.1335,55,10.684,4.40694066218278,1,0.4370674211257218
23,182724_2238_x7096_y20268,MOs,152,152,381.2745,7202.5297,74,8.4231,7.61521851295155,1,0.4418914253789223
24,182724_2247_x6785_y11803,MOs,156,156,386.4743,11068.6952,76,11.4445,8.053803387220215,1,0.4448664832762232
25,182724_2333_x7081_y21185,MOs,133,133,367.6806,6797.0285,64,10.7509,8.451915404214597,1,0.430679375182439
26,182724_2494_x6419_y20983,MOs,112,112,346.1019,9682.0969,54,10.6154,10.656935253627088,1,0.43400539565107216
27,182724_2526_x7529_y21792,MOs,145,145,412.3774,13994.4428,71,9.1501,9.017462226147668,1,0.39637726311342675
28,182724_2670_x5615_y13225,MOs,148,148,367.5641,8363.2037,73,10.6539,17.801710339178083,1,0.42809447274586443
29,182724_2926_x5279_y13761,MOs,138,138,364.8028,10264.9392,68,11.8363,11.914310303160642,1,0.4997442663439331
30,182724_2997_x5821_y12613,MOs,35,35,92.8253,3132.6041,16,15.0546,7.421328789374581,0,0.5437909521129248
31,182725_2241_x9113_y11193,MOs,164,164,413.6198,7740.1066,79,10.9611,6.315804145158408,1,0.42431923094623897
32,182725_2390_x8944_y12077,MOs,143,151,299.2864,4447.3077,74,20.1921,20.24188257055158,1,0.6515572755924872
33,18453_1641_x24165_y10580,MOs,60,60,110.2355,1144.5457,29,4.141,2.7886632998625,1,0.4420646639052095
34,18453_1643_x24077_y11694,MOs,50,50,86.4768,602.3316,24,3.7856,0.0,0,0.6414574488722412
35,18453_1924_x22284_y8069,MOs,37,37,88.1774,1521.5757,18,3.8728,0.7427846255813341,0,0.5381360718771864
36,18453_2190_x23739_y8507,MOs,74,74,164.5489,3362.5622,36,5.7057,0.0,1,0.3996158121496529
37,18453_2400_x15836_y7243,MOs,66,66,155.749,2685.6418,32,5.0296,0.0,1,0.43367524057269596
38,18453_2428_x13810_y8197,MOs,20,20,51.7372,1746.5481,9,3.0968,0.0,0,0.41506917707276425
39,18453_2632_x11687_y8383,MOs,78,78,166.6893,2894.4757,38,4.9715,0.0,1,0.3835544575921988
40,18453_2884_x12998_y7285,MOs,62,62,100.731,1000.8279,30,3.7728,0.0,1,0.4157347281841155
41,18453_2991_x13607_y7348,MOs,44,44,74.4031,1198.2922,21,6.4883,0.0,0,0.5030770993184359
42,18453_3516_x21006_y6048,MOs,50,50,102.4978,3392.3544,24,6.3575,0.0,0,0.3577210842421442
43,18461_2985_x10744_y3095,MOs,86,86,161.6705,1243.9356,42,2.2131,0.0,1,0.5222105936357458
44,18470_3582_x22459_y29708,MOs,62,62,176.365,7655.2632,30,8.2577,7.076432575811056,1,0.4680756943003144
45,18864_1871_x3272_y21319,MOs,85,85,192.1095,2979.5911,42,3.48,0.0,1,0.3937443181979644
46,18864_1917_x3417_y12763,MOs,65,65,228.1662,6544.2468,32,4.2568,0.0,1,0.4339651427707501
47,18864_2047_x3016_y12128,MOs,99,99,203.9915,1796.684,48,2.1169,0.0,1,0.5781347690520162
48,18864_2086_x2903_y21496,MOs,84,84,161.1437,2462.2849,41,4.4882,0.0,1,0.37536069986902687
49,18864_2520_x2913_y22642,MOs,74,74,161.8216,3312.035,36,5.4188,0.0,1,0.3885740414249065
50,18864_3248_x2473_y15212,MOs,69,69,140.0587,1483.0609,33,5.6014,0.0,1,0.3921366757390863
51,18864_4267_x2794_y21031,MOs,79,79,169.5693,2137.0397,38,3.7209,0.0,1,0.4133928812229109
52,18868_2621_x11765_y8944,MOs,162,162,440.1054,13354.2958,80,15.575,16.458967221548264,1,0.44985157877632465
53,191807_2729_x3750_y9965,MOs,135,136,436.1929,13923.5404,67,13.3574,13.40304700431959,1,0.4553959846089283
54,191812_2734_x6259_y10487,MOs,30,30,98.3145,2452.2194,14,6.8467,6.88644835891476,0,0.5830321495459063
55,191812_3140_x5204_y12992,MOs,34,34,75.6383,1106.9375,16,8.2715,0.0,0,0.5285656698534311
56,191812_3176_x5144_y19229,MOs,11,11,35.1832,468.9993,4,5.0536,0.0,0,0.6454952760654717
57,191812_3727_x4996_y18685,MOs,38,38,82.9857,1601.921,18,8.0326,0.0,0,0.5567579716346767
58,210254_2226_x16029_y23953,MOs,44,44,101.3066,2311.4571,21,7.7697,8.63885929969923,0,0.5953289084140801
59,210254_2309_x13266_y25533,MOs,52,52,126.7725,2269.7246,24,11.3327,9.245820731552172,1,0.582957587532858
60,210254_4021_x16401_y21556,MOs,56,56,138.7056,3452.9185,27,8.2269,14.721459098880114,1,0.573249404894153
61,210254_4500_x16614_y17147,MOs,44,44,103.0998,1331.2909,21,7.3699,4.238882281922901,0,0.6396466611950582
62,17109_2401_x8977_y24184,MOp,38,38,73.943,481.7319,18,3.2405,0.0,0,0.5106033753306384
63,17781_00003,MOp,67,67,129.1526,1465.7279,32,4.4529,0.0,1,0.47976187429515743
64,17782_3352_x11384_y16404,MOp,74,74,145.6388,1249.3219,36,4.9564,0.0,1,0.4368689798703714
65,182724_4327_x4847_y18972,MOp,86,86,251.3676,8096.2442,42,8.7445,10.527107579957564,1,0.5022312460442356
66,182724_4472_x5247_y12162,MOp,20,20,61.4936,1895.0075,9,4.5063,0.0,0,0.5009766071333331
67,182725_2376_x10033_y10786,MOp,131,131,342.4618,6690.0573,63,10.5661,7.677135142746921,1,0.419813211161574
68,182725_3762_x5563_y19178,MOp,127,127,358.6771,9860.9045,62,13.7975,14.588526896160555,1,0.5111055458148327
69,182725_4080_x6576_y11407,MOp,50,50,172.637,9334.8106,24,10.511,5.886361864513599,0,0.3972316303517389
70,182725_4160_x5717_y19181,MOp,81,103,268.7945,5880.6785,50,16.8767,15.728391685102453,1,0.604260541346697
71,182725_4290_x5671_y18488,MOp,118,134,342.5654,5005.9292,64,17.2788,21.58486657359733,1,0.6395448959722828
72,18453_2645_x28684_y11703,MOp,100,100,158.9972,1248.1581,49,2.6991,0.0,1,0.4747028438473334
73,18453_2713_x27713_y9899,MOp,78,78,171.4534,4505.489,38,4.6139,0.0,1,0.5029410736769376
74,18453_3021_x27493_y8943,MOp,48,48,130.33,2475.721,23,4.6361,0.0,0,0.39991171074647003
75,18453_3186_x12745_y7108,MOp,67,67,111.1588,936.6166,32,4.609,0.0,1,0.4120087242244728
76,18453_3456_x24161_y6646,MOp,60,60,146.0899,2342.3313,29,5.8334,0.0,1,0.4670051371506965
77,18453_3767_x22604_y5643,MOp,74,74,164.0022,2416.2662,36,2.5259,0.0,1,0.5247202788997585
78,18453_3795_x13584_y5960,MOp,58,58,121.5236,2209.782,26,5.3747,0.0,1,0.39117830929781
79,18453_4067_x16924_y5288,MOp,60,60,143.6961,2087.2574,29,4.8865,0.0,1,0.48266221944056426
80,18453_4221_x16935_y5165,MOp,34,34,91.2125,2058.8923,16,6.817,0.0,0,0.3671191690509964
81,18461_3871_x7813_y3857,MOp,66,66,167.4489,2398.236,32,5.1069,0.0,1,0.606713817437056
82,18461_4178_x16825_y2713,MOp,42,42,71.6105,520.1418,20,3.526,0.0,0,0.560131788286408
83,18461_4233_x19011_y2874,MOp,32,32,69.1878,338.5862,15,5.4047,0.0,0,0.5665406356725615
84,18864_3015_x3194_y23588,MOp,76,76,216.7004,7419.6674,37,7.0342,0.0,1,0.45229109825789904
85,18864_3338_x3396_y21865,MOp,24,24,63.1473,1588.6784,11,2.5231,0.0,0,0.540922339898432
86,18864_3473_x2641_y21082,MOp,60,60,119.0266,1127.612,29,6.4494,0.0,1,0.3652098901580046
87,18864_3488_x3691_y22599,MOp,38,38,99.22,4833.3705,17,7.6149,6.996549506721143,0,0.4881875516157012
88,18864_3494_x2380_y13749,MOp,119,119,218.0378,1756.5209,58,2.6997,0.0,1,0.5722590050473874
89,18864_4067_x3464_y21495,MOp,32,32,87.9386,3318.4594,15,3.6333,1.907065022488737,0,0.5255349406092096
90,18864_4120_x3320_y13563,MOp,59,59,131.466,1490.9639,28,6.6501,0.0,1,0.5258856943990814
91,18864_4157_x3358_y13741,MOp,44,44,101.7401,1458.1359,21,7.1484,0.0,0,0.43308770073057484
92,18864_4760_x3070_y21249,MOp,36,36,66.9014,1055.8196,17,6.8479,0.0,0,0.4175678247853052
93,18867_2903_x13633_y8787,MOp,175,194,374.5993,8518.0137,96,20.9229,17.05794597834101,1,0.5816416625455927
94,18867_3469_x10058_y10954,MOp,98,98,255.7248,9124.2979,47,10.8147,10.852799915229241,1,0.4294212801980723
95,18867_3758_x14594_y6944,MOp,116,135,334.3731,7679.0639,66,15.0814,21.74193572338949,1,0.5408320570454004
96,18867_5319_x14289_y4114,MOp,3,3,3.7927,0.0,0,9.6953,7.41188761382684,0,0.0
97,18868_3009_x28076_y11485,MOp,135,136,403.8075,17830.7744,67,10.8787,8.399386525217187,1,0.4418586639374773
98,18868_3112_x27714_y10534,MOp,106,106,336.7578,8778.3279,52,6.9003,7.981878287721493,1,0.4644514854698174
99,18868_3419_x27168_y8481,MOp,89,93,266.7804,10848.8957,44,12.1136,11.955323416788016,1,0.49624240401056957
100,18868_3488_x24952_y7321,MOp,117,125,323.1902,9591.4569,61,14.0163,14.237369630658613,1,0.5890344549156046
101,18868_3592_x9776_y8113,MOp,110,111,400.6169,16377.036,54,13.8288,15.483403049717477,1,0.44874323785624337
102,18868_3658_x9598_y8113,MOp,112,118,433.876,21578.4722,58,11.7762,13.640956491390178,1,0.4642913811494867
103,18868_4132_x11881_y6094,MOp,92,92,197.9424,3292.2305,45,13.4851,11.831264598511856,1,0.6068123921130163
104,191801_4724_x4226_y10240,MOp,30,30,62.7596,1048.1594,14,3.2827,0.0,0,0.5763012425599073
105,191807_3532_x4912_y7973,MOp,147,147,385.7556,7521.7783,72,10.9239,15.82061667571779,1,0.4743764522672572
106,191807_4114_x3589_y10280,MOp,90,90,289.2788,8836.5288,43,14.2117,8.857733852402658,1,0.4647480906054501
107,191807_5199_x3288_y11643,MOp,105,105,292.2965,9118.1621,51,15.8748,12.856896903996699,1,0.5025643881208547
108,191812_2978_x7903_y22705,MOp,24,24,48.1544,716.6165,11,3.1721,0.0,0,0.4445288734537616
109,191812_3163_x6264_y21524,MOp,58,58,166.1944,6233.5497,28,5.9278,0.0,1,0.4144796783571672
110,191812_3438_x6058_y10197,MOp,34,34,95.1456,3031.5292,16,7.2012,6.2934846468391505,0,0.5133525234690054
111,191812_3801_x5383_y20989,MOp,36,36,86.6377,2017.642,17,8.6025,0.8365978723377233,0,0.5919194933566343
112,210254_3271_x15413_y13333,MOp,46,46,103.6281,2342.8305,22,6.914,4.773044416302866,0,0.5531494098512707
113,210254_4397_x16794_y21812,MOp,54,54,126.3969,2212.2619,26,10.6908,8.323400627147544,1,0.6404538915689179
114,210254_4485_x16442_y16836,MOp,52,52,110.3982,1492.7916,25,8.0031,10.04235634699347,1,0.6385184752950209
115,236174_3029_x12820_y24699,MOp,34,34,64.8276,456.7368,16,4.2001,0.0,0,0.4485660161864956
116,17109_2401_x9695_y9693,CLA,50,50,72.1551,262.7988,24,2.8242,0.0,0,0.44860359077006207
117,17109_2500_x9864_y9311,CLA,50,50,81.783,375.4189,24,1.7098,0.0,0,0.5051600816301314
118,17109_2601_x10213_y8783,CLA,30,30,42.9795,151.3867,14,3.9246,0.0,0,0.5261318664842873
119,17109_2601_x9296_y24691,CLA,64,64,105.1724,752.5816,31,4.5507,0.0,1,0.45244502044166807
120,17109_3101_x10824_y7188,CLA,38,38,69.7582,355.7713,18,4.605,0.0,0,0.42778459218542725
121,17781_00004,CLA,16,16,27.3944,52.9461,7,3.3594,0.0,0,0.5055448907677519
122,17781_4095_x17570_y12460,CLA,46,46,79.4002,1038.3191,22,2.6182,0.0,0,0.45225884419340623
123,17782_3284_x11909_y16428,CLA,30,30,46.3101,217.5447,14,3.4186,0.0,0,0.561609510371455
124,17782_3487_x11014_y17041,CLA,37,37,73.6026,1039.2161,17,4.4281,0.0,0,0.5195551686820988
125,17782_3651_x35286_y18512,CLA,27,27,53.4733,529.5848,12,4.1241,0.0,0,0.4315256848675973
126,17782_3672_x34784_y19432,CLA,24,24,29.1197,63.9757,11,1.767,0.0,0,0.4517563743750315
127,236174_3229_x11951_y11316,CLA,38,38,49.1313,135.0516,18,2.385,0.0,0,0.5390136908948441
128,236174_3229_x12413_y11831,CLA,24,24,51.0537,278.4454,11,4.1532,0.0,0,0.47184030801848587
129,236174_3429_x12632_y10625,CLA,34,34,40.618,121.9909,16,0.4964,0.0,0,0.5995873315022062
130,236174_3447_x12562_y10626,CLA,16,16,23.9519,81.0528,7,3.0421,0.0,0,0.4275413586269486
131,236174_3529_x12805_y10541,CLA,24,24,45.5367,252.3918,11,3.6065,0.0,0,0.4761635979187959
132,236174_3536_x15159_y25525,CLA,65,65,124.8551,1218.562,31,3.3079,0.0,1,0.5300235663785161
133,236174_3729_x12692_y9419,CLA,49,49,75.0392,377.7791,23,3.4927,0.0,0,0.4338948213884133
134,236174_3729_x13645_y9551,CLA,30,30,33.7862,109.9005,14,2.9617,0.0,0,0.5099776628704075
135,236174_3729_x15443_y26410,CLA,22,22,27.33,110.0053,10,2.8053,0.0,0,0.5008021255957195
136,236174_3829_x13590_y9284,CLA,24,24,29.1684,51.0558,11,1.8328,0.0,0,0.5067584659201139
137,236174_3829_x16301_y26647,CLA,32,32,39.2247,118.6432,15,2.3673,0.0,0,0.37398239503755626
138,236174_3929_x13599_y9165,CLA,28,28,37.3141,100.2991,13,1.7413,0.0,0,0.4818307920050957
139,236174_3970_x13439_y8678,CLA,32,32,45.2854,149.48,15,1.8312,0.0,0,0.4881417725919453
140,236174_4029_x13079_y8858,CLA,22,22,25.9753,71.0606,10,1.9927,0.0,0,0.4380638979123367
141,236174_4229_x13663_y8589,CLA,31,31,40.2984,111.7634,14,1.7637,0.0,0,0.49223400142527096
142,236174_4429_x13147_y8003,CLA,26,26,64.0178,189.8616,12,4.9922,0.0,0,0.607356296896357
143,236174_4647_x16405_y27845,CLA,35,35,63.9532,293.529,16,1.3471,0.0,0,0.6086051152741333
144,236174_5138_x16501_y28259,CLA,24,24,35.4952,116.4728,11,3.33,0.0,0,0.47591605921579705
145,17109_3701_x9228_y26684,SSs,24,24,56.1287,470.1375,11,1.8897,0.0,0,0.600607699316655
146,17109_4101_x6753_y6197,SSs,36,36,76.0359,1672.6191,17,3.4564,0.0,0,0.392735330420057
147,17300_3426_x20339_y44872,SSs,64,64,145.3537,5796.6166,31,5.2371,8.008108765495129,1,0.47776473053463536
148,17300_3514_x19676_y45282,SSs,76,76,171.1935,3141.6353,37,6.5055,7.247491014137245,1,0.5775950046814778
149,17781_3819_x16144_y41186,SSs,30,30,64.3191,322.5859,14,5.1161,0.0,0,0.6048862259417012
150,17781_4710_x13766_y10574,SSs,26,26,52.2184,240.3206,12,4.4246,0.0,0,0.5868039571557139
151,17781_5166_x11993_y10858,SSs,32,32,33.5091,138.0829,15,1.7534,0.0,0,0.41344070583668
152,17781_5655_x10641_y11102,SSs,19,19,32.8125,203.3102,8,1.9888,0.0,0,0.5157373923075023
153,17781_6028_x9772_y42888,SSs,32,32,39.6839,229.2549,15,2.5842,0.0,0,0.42778864692299784
154,17781_6287_x8230_y11645,SSs,18,18,34.2829,214.5768,8,5.5161,0.0,0,0.5055861700110454
155,17787_4521_x5172_y12873,SSs,69,69,185.7686,5746.8089,33,7.2272,0.0,1,0.38060197895506837
156,17787_4690_x4440_y9176,SSs,102,102,176.7987,2004.9279,48,1.7005,0.0,1,0.5658417082683331
157,17788_4719_x3512_y9492,SSs,22,22,55.9337,1029.8295,10,17.0423,16.930395181448073,0,0.6044869839289447
158,182724_4599_x8181_y6776,SSs,30,30,90.6736,3159.151,14,10.9351,0.0,0,0.42320942098247316
159,18453_4186_x30783_y11697,SSs,36,36,64.9113,404.1224,17,4.6256,0.0,0,0.5095177586537787
160,18453_4693_x33039_y11636,SSs,46,46,96.4622,2242.6553,22,6.1978,0.0,0,0.5118987748700669
161,18453_5325_x32314_y8395,SSs,20,20,41.6184,567.8607,8,2.1968,0.0,0,0.5512479317407795
162,18453_5436_x32746_y12751,SSs,16,16,29.4514,224.7157,7,4.4034,0.0,0,0.5589113151453641
163,18453_5766_x31719_y6139,SSs,44,44,104.7467,2281.936,21,3.9551,0.0,0,0.5482741435055667
164,18461_4410_x23856_y6531,SSs,74,74,132.8499,2086.4667,36,3.8149,3.4408727090667037,1,0.39722855968145865
165,18864_4429_x7945_y3080,SSs,72,72,171.9921,1654.9301,35,3.6408,0.0,1,0.45484285343029
166,18864_4554_x9386_y2232,SSs,100,100,217.9384,3077.4585,49,3.5216,0.0,1,0.5304340395339293
167,18864_4693_x10912_y2095,SSs,6,6,18.949,204.9354,2,2.8689,0.0,0,0.0
168,18864_4797_x9453_y2359,SSs,62,62,119.4975,1993.9422,30,5.89,0.0,1,0.42943430768343277
169,18864_5030_x9347_y31359,SSs,18,18,51.3598,172.1894,8,8.3265,0.0,0,0.6827364534815997
170,18864_5305_x7877_y31450,SSs,58,58,117.9492,1288.3352,28,5.2757,0.0,1,0.4689126253946153
171,18864_5444_x7352_y31475,SSs,81,81,189.5782,2966.7821,39,2.8299,0.0,1,0.48554554854976645
172,18864_00029,SSs,27,27,59.438,622.5127,12,3.2275,0.0,0,0.5524293855789167
173,18864_00043,SSs,34,34,56.7387,522.3158,16,4.9186,0.0,0,0.5373184218755
174,18864_00313,SSs,28,28,51.5541,295.3859,12,3.3219,0.0,0,0.5050223635651497
175,18867_3926_x8710_y12751,SSs,118,120,304.1285,82029.4449,59,10.2804,11.210392589022023,1,0.7740745154139542
176,18867_3973_x31634_y12362,SSs,94,94,272.1175,8928.1115,45,9.2141,8.406860353306707,1,0.41256604046486856
177,18867_4218_x8269_y11914,SSs,180,180,413.1919,12571.003,89,14.0056,12.894541868558198,1,0.42700021146275685
178,18867_4392_x7633_y13301,SSs,117,117,269.0668,5006.8774,57,10.153,2.92747228851102,1,0.44784434612171325
179,18867_4801_x7068_y12938,SSs,74,74,197.3243,4644.0113,36,4.6033,0.0,1,0.45403482513585963
180,18868_3626_x29809_y12585,SSs,110,110,294.9563,12827.3863,54,11.402,8.316666459585827,1,0.3779529545735078
181,18868_3981_x30626_y12403,SSs,145,145,387.1461,13765.8548,71,12.1197,12.632333949037289,1,0.3885642778425353
182,18868_4221_x5685_y12199,SSs,93,93,291.3783,8531.9095,45,11.2376,16.197517464105417,1,0.4529787646077833
183,18868_4464_x5477_y11004,SSs,107,107,285.7214,6772.7871,52,12.2911,10.49988923751104,1,0.518769143929913
184,18868_4517_x31548_y11591,SSs,123,124,360.546,11610.499,61,13.3687,12.46778729366202,1,0.4793079500846134
185,18868_4863_x31402_y10126,SSs,92,92,291.8398,8431.534,44,11.7999,9.988907998374993,1,0.5114226134122134
186,18868_5723_x7031_y7203,SSs,105,109,336.5465,9597.9378,53,13.7871,8.606720281268583,1,0.43067109551338
187,18869_3761_x5335_y8118,SSs,116,116,234.4285,5122.5611,57,10.5572,7.307539668041505,1,0.5127200874510986
188,18869_4091_x4807_y8065,SSs,113,113,233.2465,3722.0025,55,10.4514,5.996672493975316,1,0.4873053333642098
189,18869_4253_x4991_y7023,SSs,118,118,269.5903,5298.9387,58,10.5172,13.210810308228638,1,0.5191817747164504
190,18869_4302_x23433_y9053,SSs,87,87,272.2761,7093.2004,42,9.9831,7.5751293058270575,1,0.4220562919448029
191,18869_4587_x23021_y6827,SSs,98,98,245.4926,7719.978,48,13.8233,11.681257038521153,1,0.4417598401660314
192,18869_4764_x5211_y5995,SSs,102,102,279.2378,7904.6585,50,13.6098,13.759709517282701,1,0.5456249686644786
193,18869_5024_x5544_y5480,SSs,93,101,322.1522,9593.3671,49,15.5254,18.637925769784584,1,0.5460094693523102
194,18869_5343_x5414_y5337,SSs,109,109,305.7133,6784.3754,53,14.8738,15.862913855909321,1,0.5558252047098128
195,191807_4923_x7499_y24194,SSs,64,64,110.0068,1174.0723,31,8.0985,3.8134526350801865,1,0.6234349568991678
196,191807_5062_x6404_y23808,SSs,49,49,97.7701,896.2538,22,6.5675,0.26106129548440604,0,0.5308934805728568
197,191812_3758_x8791_y24162,SSs,62,62,165.3139,4444.0809,30,5.5517,0.491867868436233,1,0.43226831263387405
198,191812_3762_x9097_y24261,SSs,26,26,59.5931,920.6539,12,10.8067,0.0,0,0.6141028316081497
199,191812_4664_x8027_y25176,SSs,45,45,118.9192,4327.2361,21,12.7046,11.122227879341445,0,0.4876245250024117
200,191812_5158_x9017_y25877,SSs,46,46,114.9592,2358.5303,22,12.0041,2.9663319099520966,0,0.4793971176790155
201,191812_5221_x9028_y25900,SSs,52,52,123.5017,2651.5295,25,10.6585,2.7791081303180745,1,0.49847830317620356
202,191812_5676_x8072_y26215,SSs,54,54,135.8875,3354.3795,26,4.3839,0.0,1,0.46131937276669704
203,236174_5670_x14073_y29439,SSs,28,28,55.1909,593.2484,13,3.4773,0.0,0,0.43293574374589316
204,17109_6201_x4328_y6753,VISp,16,16,39.2752,314.2579,7,3.9333,0.0,0,0.49280816160790486
205,17300_5969_x27278_y20820,VISp,80,80,200.1329,3121.513,38,3.9069,0.0,1,0.4082705491453123
206,182725_6819_x6109_y7853,VISp,100,100,199.7773,3021.992,49,9.3192,0.88103291652469,1,0.4748128538170493
207,18452_7249_x11408_y2071,VISp,84,84,126.0139,549.4872,37,1.596,0.0,1,0.4624970151104445
208,18453_6477_x30376_y5078,VISp,6,6,21.5699,117.6363,2,4.0,0.0,0,0.0
209,18453_6675_x10576_y3102,VISp,28,28,53.7735,583.3197,13,1.9622,0.0,0,0.5350638877213133
210,18453_6748_x28152_y3578,VISp,41,41,64.0854,903.0957,19,3.91,0.0,0,0.3886386744065539
211,18453_6846_x11548_y2831,VISp,42,42,97.18,1368.851,20,3.614,0.0,0,0.6594717183938515
212,18453_7007_x11486_y3611,VISp,12,12,34.263,469.8246,5,2.2582,0.0,0,0.5666741269953794
213,18453_7010_x8769_y4509,VISp,44,44,99.4217,1654.1165,21,4.7278,0.0,0,0.4271354990325991
214,18453_7024_x9012_y4138,VISp,92,92,293.1042,3811.7696,44,1.9788,0.0,1,0.577530214222005
215,18453_7112_x9089_y4667,VISp,23,23,51.7231,923.9405,10,4.9259,0.0,0,0.43220427744827605
216,18453_7132_x11495_y3152,VISp,32,32,65.5468,772.7419,15,4.2481,0.0,0,0.46328918326264945
217,18453_7146_x8788_y4552,VISp,46,46,127.4353,3436.3484,22,4.3876,0.0,0,0.48818984244539476
218,18453_7188_x11060_y3637,VISp,42,42,82.963,1251.8771,20,4.0847,0.0,0,0.41159056193830446
219,18453_7223_x30215_y5120,VISp,62,62,130.8846,1481.9827,30,2.6684,0.0,1,0.5538695051478013
220,18453_7245_x12979_y2864,VISp,22,22,49.3051,545.6716,10,4.8283,0.0,0,0.3859469726724164
221,18453_7304_x11719_y3749,VISp,23,23,60.0958,987.8894,10,1.5942,0.0,0,0.41468504064696
222,18864_5637_x5637_y31619,VISp,99,99,165.0125,1006.4459,48,1.7276,0.0,1,0.43008854445036604
223,18864_6321_x4387_y7047,VISp,81,83,235.0387,3064.1278,41,2.4353,3.0730133419820858,1,0.7488365598213973
224,18864_6734_x4899_y27447,VISp,54,54,105.2454,1446.6277,26,6.2769,0.0,1,0.5189642001268656
225,18864_6821_x5144_y6844,VISp,37,38,170.2906,4487.205,18,7.1759,12.58665122262471,0,0.6159084675920008
226,18864_00119,VISp,54,54,107.3274,1546.4853,25,4.5744,0.0,1,0.48761398996316824
227,17300_5896_x24862_y27320,RSPv,91,91,166.5976,1796.4146,45,2.4868,0.0,1,0.48733918175759894
228,17788_5767_x16636_y3662,RSPv,63,63,128.5007,2845.8048,29,4.2137,0.0,1,0.35289263971320767
229,18453_5841_x19468_y3419,RSPv,12,12,25.3243,92.4462,5,4.3128,0.0,0,0.4553695031988127
230,18453_6576_x22528_y4353,RSPv,21,21,23.114,66.216,10,2.4139,0.0,0,0.6291525973976221
231,18867_5486_x20836_y5690,RSPv,154,154,350.5106,4675.6994,76,7.1338,0.0,1,0.3868548902029354
232,18867_5640_x21236_y5683,RSPv,127,127,270.9723,5202.2763,62,8.0967,3.232353167585491,1,0.43733280747263337
233,18867_5665_x20882_y6561,RSPv,124,124,239.3805,3459.6482,61,6.553,0.42963472857766155,1,0.3801235115398842
234,18867_5867_x21009_y6208,RSPv,117,117,272.2872,4692.2533,57,7.0768,0.0,1,0.4360251671990176
235,18867_6003_x18592_y6204,RSPv,136,136,314.0378,9251.7617,67,6.2094,0.3490143263535173,1,0.3858018132335235
236,18867_6007_x18415_y4843,RSPv,124,124,305.8749,5871.2191,61,7.5217,1.1979106811444578,1,0.37528079465189684
237,18867_6085_x20833_y6331,RSPv,132,132,273.0614,4470.6594,65,6.0194,0.0,1,0.39160515766214743
238,18867_6413_x20950_y6015,RSPv,106,106,235.3905,5727.7944,52,6.9511,0.0,1,0.3819509580583206
239,18868_5369_x19532_y5532,RSPv,160,160,318.7047,4722.9861,77,5.8615,0.0,1,0.4428210106468842
240,18868_5397_x19819_y6085,RSPv,102,102,218.3652,3077.5974,50,6.3236,0.0,1,0.42943724537895966
241,18868_5965_x17541_y6435,RSPv,122,122,261.8717,6240.639,60,8.3647,1.3868197431533889,1,0.4077524804794159
242,18868_5983_x17523_y5085,RSPv,151,151,315.3686,3513.7861,74,7.7172,10.498572950644276,1,0.5009627565556366
243,18868_6000_x19811_y5444,RSPv,118,118,289.246,6510.021,58,7.4869,0.7190556306712154,1,0.4894649941022442
244,18868_6196_x17668_y4955,RSPv,62,62,157.9574,3570.1877,30,7.1867,0.0,1,0.46560431256823737
245,18869_4997_x13063_y4444,RSPv,102,102,271.6533,10839.2735,50,10.8361,8.476830303834088,1,0.4033133658281663
246,18869_5444_x13271_y3998,RSPv,140,140,369.231,7675.9071,69,8.7347,7.425672090794196,1,0.38176055237375367
247,18869_5482_x15126_y4142,RSPv,20,20,72.803,3276.4804,9,6.9983,0.0,0,0.40118066079958714
248,18869_5684_x13521_y3699,RSPv,70,70,186.884,7471.0729,34,8.9619,1.3897157982839454,1,0.3746212633593283
249,18869_5694_x15073_y4098,RSPv,60,60,159.362,5232.8902,29,6.859,1.5742252062522843,1,0.5251314807235848
250,18869_5802_x13547_y4406,RSPv,108,108,271.4688,8946.4082,53,11.8879,15.760025475867737,1,0.47595236889574033
251,18869_6291_x15236_y3478,RSPv,102,102,236.609,5481.7156,50,6.883,9.635939549416015,1,0.5240558355011993
252,17543_2434_x11441_y5587,SSp-m,22,22,55.272,986.3176,10,3.3149,0.870913313711527,0,0.5803769440669708
253,182724_3848_x8903_y23965,SSp-m,104,104,243.673,4002.0239,51,10.9917,7.638043008519909,1,0.4891492581411791
254,18453_3316_x8214_y11076,SSp-m,22,22,48.1733,581.6651,10,2.8843,0.0,0,0.45235982485557197
255,18453_3350_x8925_y9653,SSp-m,10,10,32.6482,728.3172,4,3.2496,0.0,0,0.5566821360372977
256,18453_3564_x30226_y9677,SSp-m,29,29,50.7794,500.2324,13,3.4253,0.0,0,0.5886807813694923
257,18453_3579_x30397_y10103,SSp-m,44,44,89.7582,1223.6098,21,2.6263,0.0,0,0.4917841147621218
258,18453_3704_x10450_y7387,SSp-m,44,44,82.5966,1242.3134,21,4.0039,0.0,0,0.4305084958515813
259,18461_4545_x5749_y4914,SSp-m,46,46,75.0542,711.9255,22,4.1057,0.0,0,0.434775990214805
260,18470_3227_x19287_y16117,SSp-m,103,105,273.5589,8187.7343,51,14.3687,16.005632945935005,1,0.5806305083156091
261,18864_00040,SSp-m,70,70,141.3218,1271.3005,34,4.5473,0.0,1,0.3756452637282091
262,18867_3383_x10177_y11497,SSp-m,139,139,402.2094,12388.1298,67,10.791,9.53047207645036,1,0.3679461034036073
263,18867_3525_x9958_y10743,SSp-m,89,89,245.5588,12003.2758,42,10.9304,11.44585064553963,1,0.4158436593819179
264,18867_3801_x9223_y10977,SSp-m,90,90,248.6346,7891.4342,44,10.0294,7.55153130166326,1,0.44744906942455825
265,18867_3807_x9130_y11820,SSp-m,108,108,261.064,9882.3145,53,10.1982,6.300290628217092,1,0.4219308347433905
266,18867_3832_x10338_y8748,SSp-m,54,69,161.4772,6737.6961,33,10.8679,7.108050224921033,1,0.5606009277962762
267,18867_3855_x11412_y8044,SSp-m,132,132,296.2782,8392.4584,65,12.2315,12.537853644065246,1,0.512036995098166
268,18867_4052_x9852_y8712,SSp-m,99,99,220.4186,4559.51,48,11.7203,13.132456662787812,1,0.5700478279364967
269,18867_4156_x9348_y9148,SSp-m,80,82,209.2269,4251.8992,40,10.7733,8.566514343652258,1,0.5608101574495689
270,18867_4216_x9933_y8365,SSp-m,64,64,150.0259,2490.8743,31,2.8395,0.0,1,0.4695585822016714
271,18867_4259_x9977_y8313,SSp-m,46,46,98.3892,1957.1551,22,3.9211,0.0,0,0.5055047889824866
272,18867_4296_x31171_y9797,SSp-m,123,123,331.862,9731.7865,60,12.4923,15.583609017169284,1,0.4708524689136343
273,18867_4302_x30805_y9233,SSp-m,114,114,252.3809,6821.3802,56,9.5261,11.5894429115467,1,0.5038492769666157
274,18867_4330_x29413_y7746,SSp-m,95,95,243.7921,6405.0216,46,12.8759,14.740332798142655,1,0.5015743095712136
275,18867_4336_x10280_y7972,SSp-m,62,63,177.4862,6247.4249,30,5.7772,7.437648351461638,1,0.5286779914703051
276,18867_4397_x8352_y9768,SSp-m,92,92,233.5256,9139.9905,45,10.5013,11.535520144319456,1,0.47567320881209013
277,18867_4421_x31775_y9812,SSp-m,94,94,248.5955,6952.0048,46,11.5024,15.259883780684573,1,0.5172978752853572
278,18867_4457_x7592_y10554,SSp-m,96,96,267.3574,7017.8345,47,8.8036,6.528049402386593,1,0.4528531171348414
279,18868_3207_x27726_y9448,SSp-m,139,139,386.8728,11510.549,67,10.2091,13.53227438385729,1,0.4418684748832375
280,18868_3228_x28576_y10788,SSp-m,88,88,267.2954,8170.1954,43,9.4725,10.690234141495674,1,0.4443657647753183
281,18868_3389_x28317_y9872,SSp-m,75,75,265.5368,10357.6861,36,9.5669,10.821745007160345,1,0.45102805485267256
282,18868_3453_x28753_y10380,SSp-m,99,99,295.7825,7075.1855,48,10.8889,9.993662491799483,1,0.5411411190152696
283,18868_3507_x7704_y10476,SSp-m,123,123,282.4097,9447.4661,60,12.8307,10.909290444387294,1,0.4537069821779542
284,18868_3547_x28065_y9077,SSp-m,138,142,416.2222,15572.4365,70,10.7368,14.233416525908309,1,0.43645110573274815
285,18868_3552_x28542_y9340,SSp-m,94,96,270.53,16749.5525,47,8.9843,10.041741532224371,1,0.42019705502092086
286,18868_3627_x28035_y8749,SSp-m,95,105,359.7336,11013.1664,51,11.2679,19.855290730684352,1,0.5066875479115434
287,18868_3715_x8453_y8977,SSp-m,126,128,299.0488,12459.4347,63,14.9212,17.110029485655478,1,0.466287233384454
288,18868_3781_x6715_y11703,SSp-m,105,105,276.8106,10884.1271,51,9.7044,8.326353043199642,1,0.3907159318454136
289,18868_3783_x28846_y9268,SSp-m,111,121,441.1194,27089.696,59,14.3324,19.123265019342274,1,0.39212705176940693
290,18868_3853_x29683_y10294,SSp-m,82,82,227.9066,7144.8106,40,12.2035,9.609953433810174,1,0.4814439399471174
291,18868_3875_x8707_y8341,SSp-m,77,84,291.8246,14526.4293,41,12.1334,15.805109332111561,1,0.4992723428436775
292,18868_4549_x5910_y9879,SSp-m,117,117,297.7928,7433.3451,57,12.2088,13.824366820943363,1,0.5459865259963659
293,18869_3064_x20999_y7621,SSp-m,62,62,201.9308,11505.6184,30,10.8302,11.816255159736514,1,0.45706631340015214
294,18869_3239_x6605_y6691,SSp-m,86,86,223.0535,8347.7914,42,10.9862,11.83586794451509,1,0.5004910244219426
295,18869_3263_x6927_y6229,SSp-m,113,114,346.4882,12176.1916,55,12.5591,13.552484384790866,1,0.4785730861496155
296,18869_3305_x6812_y6104,SSp-m,88,88,242.5625,8487.9154,43,10.2145,12.426761565267118,1,0.4937436564088991
297,18869_3321_x21485_y7678,SSp-m,70,70,218.0159,7014.6012,34,8.9521,7.835750697922951,1,0.48471561529351515
298,18869_3395_x6415_y6741,SSp-m,104,104,247.5385,7876.2795,51,10.0855,9.164154570935596,1,0.4758811248143709
299,18869_3398_x6248_y7047,SSp-m,112,112,300.5302,9412.6119,54,8.6955,13.174387651803777,1,0.4604761525612446
300,18869_3480_x6168_y6983,SSp-m,118,118,280.0936,8299.1746,58,10.8448,11.861400591835682,1,0.4644951129618056
301,18869_3482_x7077_y5660,SSp-m,50,51,160.5905,7656.5386,24,11.9315,11.588452096807417,0,0.5059639662520548
302,18869_3504_x6554_y5961,SSp-m,79,80,189.3336,5703.9489,39,11.3279,9.65597208985197,1,0.5572727662538682
303,18869_3506_x6250_y6810,SSp-m,108,108,326.8051,13994.7184,53,11.141,13.822404494153679,1,0.4492680175204457
304,18869_3547_x21769_y7449,SSp-m,89,90,281.6232,17349.6331,43,12.514,14.186311218918055,1,0.4277500276672576
305,18869_3590_x6132_y6798,SSp-m,109,109,266.5013,8376.4521,53,9.6654,14.002990073552162,1,0.4861116573864152
306,18869_3634_x20027_y5437,SSp-m,82,90,246.8826,6886.847,43,17.15,18.235077899477147,1,0.6366525760307381
307,18869_3634_x5750_y7170,SSp-m,87,87,217.4514,7359.3647,42,11.2934,14.664189374118157,1,0.45099852474913577
308,18869_3659_x21701_y7032,SSp-m,75,75,210.9669,7611.68,35,11.2277,10.585735827045767,1,0.49151873500587406
309,18869_3701_x5589_y7633,SSp-m,85,85,247.3031,9001.9831,41,9.9708,9.77614182589432,1,0.46103993619954464
310,18869_3741_x6284_y6163,SSp-m,85,87,210.7565,4510.2147,42,11.0862,17.696083210699467,1,0.6011780900356104
311,18869_3751_x5868_y6832,SSp-m,110,111,321.4607,8713.2675,54,14.0798,11.239379386781106,1,0.5199975860893503
312,18869_3857_x22137_y7268,SSp-m,78,78,239.2659,8470.0156,38,10.6069,9.148912066469979,1,0.45727705231840826
313,18869_3937_x5000_y8198,SSp-m,84,84,231.128,8370.5897,41,9.7777,6.486500211978729,1,0.43697659372514874
314,18869_4026_x21667_y6102,SSp-m,78,81,179.0864,3261.3276,39,15.5764,19.40037788291763,1,0.6236690347646131
315,18869_4050_x21764_y6239,SSp-m,70,88,245.155,7156.613,43,12.1152,10.44529855963916,1,0.5379206392905317
316,18869_4181_x21056_y5611,SSp-m,52,84,253.7172,6677.3548,40,18.1675,12.415756964438371,1,0.6381999690678763
317,18869_4196_x21043_y5510,SSp-m,40,64,249.5983,15619.1057,30,16.8999,11.562810255296931,0,0.5698488027100865
318,191801_4180_x7440_y5386,SSp-m,83,83,163.8885,1356.8772,40,4.5661,0.0,1,0.4855763379123572
319,191812_3494_x7001_y8336,SSp-m,8,9,28.5432,192.1788,3,16.7422,20.388188369739975,0,0.0
320,191812_3675_x8625_y6930,SSp-m,30,30,66.8302,1224.2367,14,2.3447,0.0,0,0.5103855321025649
321,191812_3915_x8011_y24180,SSp-m,70,70,191.0432,6564.7909,34,8.7178,10.682364017388675,1,0.45014679660511586
322,191812_3922_x8455_y6768,SSp-m,13,14,44.7347,578.456,6,15.0725,0.6583046407249332,0,0.7328281606360232
323,191812_4003_x5886_y22658,SSp-m,5,5,24.112,16.8199,1,5.0945,2.454657868217064,0,0.0
324,191812_4067_x7961_y6860,SSp-m,29,36,82.0624,2529.332,16,11.5597,4.176996169497879,0,0.5363286198824538
325,236174_3529_x13394_y26567,SSp-m,54,54,92.4494,1016.8532,26,3.8599,0.0,1,0.4651875597748229
326,182724_4785_x5002_y11122,SSp-ll,156,156,375.6258,5959.9392,77,11.8737,16.039165221419722,1,0.5362571635978569
327,182724_5355_x5321_y20589,SSp-ll,36,36,62.2215,516.8875,17,9.5795,1.317070233510727,0,0.6786076783994882
328,182724_5410_x4393_y11075,SSp-ll,69,69,143.5728,2072.2593,32,8.7393,5.815307644484515,1,0.5833575667600385
329,182725_4390_x5078_y18459,SSp-ll,87,87,188.821,2758.112,40,10.3792,5.401353256360848,1,0.5576591909467982
330,182725_5012_x5980_y10427,SSp-ll,125,126,322.9062,9552.9137,62,12.8486,13.689066768775728,1,0.4781232252788516
331,18453_4711_x14090_y3943,SSp-ll,55,55,107.1908,1554.8571,27,2.639,0.0,1,0.6920214530565969
332,18461_4862_x17603_y2198,SSp-ll,54,54,128.6437,1598.5318,26,3.8985,0.0,1,0.6443228893402666
333,18867_4473_x25161_y6054,SSp-ll,94,94,176.1201,3370.3396,46,17.0876,10.344955340647921,1,0.5721189043351937
334,18868_3932_x25373_y7132,SSp-ll,148,152,339.6489,5828.3139,74,19.6099,18.317937820617253,1,0.5978616541209637
335,18868_4317_x23980_y6346,SSp-ll,86,86,198.5219,4165.8259,42,10.4131,9.72890004060068,1,0.583234616861214
336,191807_4821_x3698_y18726,SSp-ll,30,32,116.7935,5249.1459,15,13.8125,18.438331947331882,0,0.6429399963176534
337,191812_4445_x5426_y10324,SSp-ll,30,30,62.52,915.0929,14,11.6238,9.506404052006204,0,0.6654284567078198
338,17543_3842_x7369_y3542,SSp-bfd,65,65,131.3678,1910.5231,30,4.1757,0.4978795034945428,1,0.44771979663396166
339,17781_4874_x11466_y11924,SSp-bfd,34,34,65.2957,752.6713,16,2.1576,0.0,0,0.5508288902954488
340,17781_6202_x7633_y12296,SSp-bfd,12,12,19.683,116.9664,5,4.2848,0.0,0,0.5338298499982094
341,17781_6262_x6896_y13574,SSp-bfd,25,25,45.9158,282.1979,11,3.6924,0.0,0,0.5784316670392354
342,18453_4403_x30609_y7732,SSp-bfd,59,59,85.0616,596.7955,28,4.5129,2.9000198275184164,1,0.4599604222789024
343,18453_4725_x30684_y6703,SSp-bfd,62,62,134.705,1792.9992,30,2.9431,0.0,1,0.5517311066807888
344,18453_4899_x10111_y5917,SSp-bfd,12,12,25.9985,142.2434,5,2.8483,0.0,0,0.513706853836883
345,18453_5228_x9833_y5221,SSp-bfd,24,24,40.1103,465.9385,11,5.3705,0.0,0,0.4905308165060521
346,18453_5535_x29214_y5045,SSp-bfd,26,26,58.1059,968.8493,12,1.693,0.0,0,0.46114211491677753
347,18461_5025_x23630_y4542,SSp-bfd,39,39,93.1698,1053.4826,18,2.5674,0.0,0,0.5358697268423089
348,18864_5099_x6368_y29941,SSp-bfd,88,88,177.9189,2433.993,43,5.2478,0.0,1,0.4870080421417238
349,18864_5648_x4839_y28849,SSp-bfd,71,71,155.769,1677.7718,35,4.0125,0.0,1,0.4603386173487896
350,18864_00015,SSp-bfd,48,48,100.0019,1118.0669,23,5.9466,0.0,0,0.4446869576932121
351,18867_4922_x30354_y7405,SSp-bfd,86,86,220.4548,4993.6087,42,9.5948,15.357419412127815,1,0.5686906105712622
352,18867_4954_x9860_y7599,SSp-bfd,134,135,386.4231,10689.2809,66,16.5631,17.64248953521016,1,0.502211565249028
353,18867_5203_x10027_y7237,SSp-bfd,76,96,245.6043,81646.6156,47,6.62,10.836168926331858,1,0.8786486104699102
354,18867_5408_x30554_y7318,SSp-bfd,58,74,193.6231,5044.7444,36,12.283,10.690703718652017,1,0.5843682729164349
355,18867_5894_x10157_y6463,SSp-bfd,59,74,198.6667,6693.7972,36,15.7912,23.071959778050932,1,0.6083943398658028
356,18867_5942_x29015_y5711,SSp-bfd,69,71,223.2183,10201.6946,34,16.3909,16.817350118255856,1,0.5490280080220791
357,18867_6091_x30186_y6043,SSp-bfd,89,91,255.6206,9341.7915,44,17.3361,16.188754213959758,1,0.5259591160802874
358,18867_6408_x9343_y6158,SSp-bfd,116,118,279.6544,13599.1931,58,15.8735,14.895736504114186,1,0.47316947038592305
359,18868_4739_x28536_y7468,SSp-bfd,88,96,271.3782,9739.2646,47,16.6162,20.83001118578672,1,0.5644996759653348
360,18868_4883_x27078_y6285,SSp-bfd,74,74,153.8433,2843.873,36,12.3882,9.447963643029116,1,0.612595412076592
361,18868_5131_x7596_y7239,SSp-bfd,74,75,162.4479,4245.6857,34,15.9791,11.362199699001948,1,0.5794196476296298
362,18868_5141_x8535_y6876,SSp-bfd,75,77,213.3753,6846.5139,37,12.6744,10.703263661145604,1,0.5592128839630571
363,18868_5156_x9540_y6495,SSp-bfd,102,105,225.8821,4779.626,50,12.1653,12.175418062637526,1,0.5919902666349556
364,18868_5242_x9858_y5968,SSp-bfd,95,95,166.1969,3180.4892,46,13.3403,12.066836743736943,1,0.5970088512678422
365,18868_5456_x7773_y6771,SSp-bfd,90,90,220.0066,5616.9889,44,11.6362,12.687930524715213,1,0.5146639291806488
366,18868_5531_x7356_y7030,SSp-bfd,102,102,299.6984,7341.2225,50,9.4888,11.09165298772009,1,0.5052546140544609
367,18868_5686_x9887_y5415,SSp-bfd,98,98,263.5962,9775.6965,48,10.7958,11.259511801139523,1,0.4940620414857565
368,18868_5701_x9538_y5736,SSp-bfd,89,89,184.6812,5012.9307,43,13.2755,12.710333197835514,1,0.5385575049436266
369,18868_5724_x8616_y5999,SSp-bfd,106,106,224.2474,4445.9963,52,12.9726,7.605516090312334,1,0.5419313462854372
370,18869_5108_x7688_y4065,SSp-bfd,59,87,256.404,8128.5376,42,14.4222,11.9532692599138,1,0.609421589028308
371,18869_5213_x7186_y4274,SSp-bfd,62,86,268.621,15011.1009,42,12.7095,8.038031662042645,1,0.5284820564194341
372,18869_5237_x7485_y4162,SSp-bfd,50,76,273.4969,15134.0675,37,16.0153,4.034140676773679,0,0.5779051082137601
373,18869_5393_x8284_y3671,SSp-bfd,99,103,243.6224,6194.7521,50,16.1535,17.17022638173416,1,0.617047521927062
374,18869_5553_x7275_y3994,SSp-bfd,75,106,283.7906,11295.5481,52,16.8702,22.51370731354567,1,0.5617546261428081
375,18869_5754_x7159_y3959,SSp-bfd,60,72,203.8554,6688.2477,34,19.104,17.710850403072133,1,0.6253384479618335
376,18869_5980_x7654_y3517,SSp-bfd,75,76,234.5166,9579.3093,37,13.4267,16.045243095696627,1,0.5359250628071907
377,191807_5178_x5002_y23078,SSp-bfd,136,136,346.5882,8598.8558,67,15.7079,14.951621651178844,1,0.4602952642025985
378,191807_5811_x3931_y20674,SSp-bfd,33,33,74.9961,1012.7205,15,6.9015,0.0,0,0.5169168605917966
379,191807_5921_x4355_y21421,SSp-bfd,56,56,135.657,3366.734,27,8.5934,7.283515222747881,1,0.5327170347714951
380,191812_5411_x6011_y24641,SSp-bfd,40,40,93.3139,1958.6691,19,7.6522,2.6673239398318365,0,0.5362487698233516
381,191812_5586_x4875_y23378,SSp-bfd,82,87,242.4468,6190.3467,42,5.5101,5.999145939215015,1,0.46008282785030774
382,191812_6084_x5026_y7787,SSp-bfd,50,50,98.9542,2013.1513,24,7.4954,0.0,0,0.5036046850303091
383,191812_6351_x5009_y7424,SSp-bfd,23,23,48.0328,666.2787,10,10.7336,0.0,0,0.5996728570311971
384,17788_5059_x3960_y6601,SSp-n,68,68,127.7537,984.4118,33,4.18,0.0,1,0.48239728390352077
385,18453_4496_x31014_y8304,SSp-n,12,12,20.0819,101.0484,5,1.6332,0.0,0,0.4884779925664634
386,18453_4540_x32498_y9442,SSp-n,51,51,88.4285,759.8846,24,5.9536,1.8224195455492762,1,0.5918251278025353
387,18461_4388_x5599_y5781,SSp-n,20,20,26.5322,188.3721,9,1.3979,0.0,0,0.42326212421965603
388,18867_4605_x30309_y8068,SSp-n,124,126,241.5528,8013.6937,62,15.2366,13.578979711303788,1,0.5389703247217263
389,18867_4824_x31628_y8902,SSp-n,84,84,245.9216,11052.0533,41,10.9845,11.178655777865252,1,0.4517315655233038
390,18867_4957_x30093_y7560,SSp-n,79,133,304.5253,9415.9297,65,16.0399,11.83170985107393,1,0.5193758912328601
391,18867_4984_x30860_y8156,SSp-n,62,79,224.0281,10244.2665,39,11.4292,9.677590764234672,1,0.49794597928431594
392,18867_5287_x32054_y8614,SSp-n,137,137,311.8566,7033.4479,67,11.5031,9.227784728741776,1,0.5052858826096809
393,18868_4341_x30419_y10114,SSp-n,111,112,372.9153,15162.5632,55,13.3664,15.047264103484075,1,0.49289109044137785
394,18868_4803_x7002_y8311,SSp-n,64,73,266.2156,17672.3452,35,15.4578,13.941571001863457,1,0.4745898349083723
395,18869_4282_x22276_y6457,SSp-n,72,72,180.6828,7309.4633,35,13.0282,15.447758704744192,1,0.5158114993924723
396,18869_4345_x7097_y4738,SSp-n,81,88,259.8917,10060.1845,43,16.9011,20.862160123055332,1,0.5409492734795525
397,18869_4371_x21382_y5522,SSp-n,39,56,166.8505,10505.6238,27,20.036,27.10187685382692,0,0.5700850511944978
398,18869_4468_x23035_y7089,SSp-n,88,88,229.0427,4708.8978,42,11.3704,7.242218237529164,1,0.4942571615522405
399,18869_4469_x21852_y5924,SSp-n,89,143,243.0334,8049.4588,70,23.9197,34.75627691511277,1,0.6240842772250496
400,18869_4550_x7203_y4574,SSp-n,63,90,302.1074,12824.7548,44,14.5092,12.391881293814915,1,0.530312576152375
401,18869_4625_x5853_y5391,SSp-n,63,66,149.7964,3334.0725,32,13.6231,18.25851335678783,1,0.6834611803752147
402,18869_4953_x22613_y6076,SSp-n,90,104,247.4272,8377.3395,51,14.6076,13.622497972104826,1,0.539590597277012
403,18869_5033_x23046_y6158,SSp-n,101,101,292.5088,8687.0206,49,11.585,12.81014633015563,1,0.4962442742105781
404,191807_5031_x5620_y23074,SSp-n,54,54,89.6969,875.6985,26,6.3468,2.646885150511831,1,0.6493801817625193
405,191812_4322_x7645_y6848,SSp-n,50,66,181.986,10246.9385,31,8.2295,4.811162359555117,0,0.44518895691700827
406,191812_4446_x6677_y24393,SSp-n,13,14,48.8301,958.3995,6,12.7109,18.571803385778125,0,0.6856899579384488
407,18047_5719_x25513_y7957,SSp-un,49,51,116.7429,3359.8734,23,10.0233,16.617203765976992,0,0.6865445955078188
408,182724_4580_x5627_y9427,SSp-un,106,106,283.8782,7600.0149,52,11.9874,12.355115984886579,1,0.516920807951113
409,18864_00023,SSp-un,42,42,98.1633,2076.5335,20,7.6908,1.6735366742321414,0,0.4131842296107045
410,18867_4776_x28359_y6621,SSp-un,109,109,209.4494,4501.1987,53,16.2943,13.004158296483467,1,0.5873838890704126
411,18867_4889_x28329_y6770,SSp-un,82,91,233.8323,6851.3137,44,15.4503,20.286543742096633,1,0.5782312851615592
412,18867_5654_x12080_y5724,SSp-un,63,70,182.6028,4880.6763,34,15.8187,21.96651688365727,1,0.6151056734627923
413,18869_4054_x19963_y5080,SSp-un,51,81,297.1543,11817.238,39,18.4608,9.904588936447583,1,0.6257072177734787
414,18869_4301_x20547_y5218,SSp-un,54,83,241.2392,9055.3741,40,19.5964,0.0,1,0.66604526781556
415,18869_4426_x7611_y4421,SSp-un,55,82,258.2873,11471.2341,39,13.52,7.2983711881487645,1,0.5841082578076553
416,191807_5629_x4661_y9410,SSp-un,48,48,104.4886,1687.4167,23,9.8898,7.348581767933189,0,0.6078656942403534
417,191812_4775_x5212_y22490,SSp-un,41,65,144.2519,3496.1462,31,10.7827,4.7591340598894645,0,0.5532760897818685
418,182724_3887_x5901_y10339,SSp-ul,177,177,364.9406,7326.2713,87,16.1569,12.989339051699288,1,0.5573800773577787
419,18453_3471_x28224_y8289,SSp-ul,18,18,37.9693,444.0687,8,2.1938,0.0,0,0.516475075083334
420,18453_3945_x11262_y6434,SSp-ul,69,69,128.4611,1622.0627,33,4.7788,0.0,1,0.45491811258581893
421,18453_4345_x12044_y5189,SSp-ul,60,60,134.1318,2216.1106,29,2.7725,0.0,1,0.5217371675743402
422,18864_4420_x4377_y8261,SSp-ul,54,54,119.2689,1453.9669,26,4.7005,0.0,1,0.5994355398524551
423,18864_00025,SSp-ul,64,64,113.4832,1317.1458,31,5.4477,0.0,1,0.4235924393783318
424,18864_00021,SSp-ul,69,69,136.2617,1685.1902,33,5.8486,0.0,1,0.4566273847136889
425,18867_3994_x27846_y7437,SSp-ul,81,81,177.2952,5263.2869,39,12.6648,12.929725325775477,1,0.5408292160391
426,18867_4202_x26848_y7080,SSp-ul,102,102,209.1383,4208.2915,50,10.5222,16.450836726440397,1,0.5953890010872313
427,18867_4513_x27588_y6824,SSp-ul,94,94,208.5255,5644.453,46,18.1106,14.189148142154272,1,0.5498104536993057
428,18867_4647_x12409_y6656,SSp-ul,117,117,238.535,5930.0828,56,14.8035,15.496564941947618,1,0.5361110010328646
429,18867_4689_x11723_y7039,SSp-ul,97,100,207.3174,5604.3883,49,14.9763,18.11419578673036,1,0.5818732967334267
430,18867_4768_x26326_y6150,SSp-ul,96,99,245.1148,6804.1599,48,15.8158,16.05901257861143,1,0.5501633441698198
431,18867_4831_x27808_y6496,SSp-ul,87,87,228.666,5520.7554,42,13.0972,13.82525431954146,1,0.5852533566129378
432,18867_5169_x12576_y5864,SSp-ul,82,82,204.5894,7818.1124,40,13.0726,10.871868652628207,1,0.49751344356225874
433,18868_3564_x27379_y8431,SSp-ul,87,98,357.3002,14671.8461,48,11.5818,15.675656126618753,1,0.5507173910803327
434,18868_3799_x26336_y7466,SSp-ul,67,71,190.0799,7342.9066,34,11.2023,17.72945190918208,1,0.6172645659103062
435,18868_3856_x26025_y7205,SSp-ul,55,56,159.0594,4704.4307,27,12.354,17.340101326116862,1,0.6075497662244022
436,18868_3871_x26350_y7564,SSp-ul,50,78,180.2571,5498.7868,37,16.2916,12.860419443004176,0,0.6447453461348407
437,18868_3922_x26631_y7518,SSp-ul,83,95,247.9331,9344.711,46,12.9251,14.730589872778346,1,0.6244859501280374
438,18868_3931_x26823_y7496,SSp-ul,80,83,194.5407,4727.3134,39,14.5439,15.828939888697528,1,0.6539164306785116
439,18868_3977_x25824_y7160,SSp-ul,69,69,142.3012,4519.5734,33,14.7768,16.099908167439967,1,0.6091077118816334
440,18868_4041_x10632_y7193,SSp-ul,83,86,197.6068,5343.8313,41,11.7079,11.216113497999201,1,0.626432784119565
441,18868_4047_x27203_y7787,SSp-ul,84,100,286.6691,10167.1323,49,15.9772,20.715119261061478,1,0.5858685116563376
442,18868_4192_x10967_y7007,SSp-ul,65,66,179.7291,6623.1757,32,14.3868,13.776922769617306,1,0.58955801451125
443,18868_4430_x9829_y7185,SSp-ul,95,95,220.9943,4022.1244,46,13.5475,15.809781592419295,1,0.6379187388549796
444,18868_4434_x10947_y6887,SSp-ul,81,82,175.5959,4713.0843,40,12.5207,12.473620965862317,1,0.6113280455766952
445,18869_4036_x8032_y4635,SSp-ul,79,84,267.4534,11279.6175,40,12.36,15.28036485166504,1,0.5581827416681155
446,18869_4347_x8166_y4281,SSp-ul,88,108,292.9554,7415.576,53,13.3295,21.248001882530037,1,0.5927272142834702
447,18869_4410_x8772_y3996,SSp-ul,88,88,251.588,7224.099,43,15.0199,13.538129486749636,1,0.5723388056980832
448,191812_5219_x4127_y21100,SSp-ul,39,39,72.4774,2051.863,18,10.1247,1.4254704486589809,0,0.5373163019509335
