id,parent_id,x,y,z,type,level,dist2soma,path_dist2soma,angle,angle_remote,angle_io1,angle_io1_remote,angle_io2,angle_io2_remote,radius,lcradius,rcradius,length,pathlength,contraction,lclength,lcpathlength,rclength,rcpathlength,width,height,depth,lslength,lspathlength,rslength,rspathlength,lstips,rstips,bnum,pbnum,lcbnum,rcbnum,dist2nb,neigborbs,interb_dist,uniform_bdist
1,-1,10728,8145.98,6062,3,1,0,9.74153,46.729,86.0897,118.546,96.4027,140.046,129.258,10.25,2.625,3.625,9.28362,9.74153,0.952994,10.3284,10.5203,17.7665,18.2472,8,17.0239,4,353.41,404.132,218.353,265.555,6,3,0,0,0,0,0,0,0,0
2,-1,10728,8145.98,6062,3,1,0,15.8197,74.702,80.5251,157.727,147.093,127.571,132.259,13.75,8.5,1.5,15.481,15.8197,0.978586,7.69052,7.70187,7.79749,7.86333,46.0156,4.92822,2,20821.8,23658.2,131.473,159.858,204,4,0,0,0,0,0,0,0,0
3,-1,10728,8145.98,6062,3,1,0,15.8772,62.4723,60.3126,169.87,138.145,123.332,161.513,5.5,4,1.5,15.1956,15.8772,0.957071,4.0564,4.15029,14.5204,15.1226,48,6.72021,3.27979,1002.7,1185.32,327.299,371.782,11,3,0,0,0,0,0,0,0,0
4,1,10736,8128.96,6066,3,2,19.2306,20.2619,73.2406,76.2411,131.255,115.429,148.657,129.283,2.625,1.625,2.625,10.3284,10.5203,0.981751,8.63883,9.06625,18.5043,19.7429,6.01562,1.72803,11.8721,208.214,238.148,162.011,184.274,4,2,0,0,0,0,0,0,0,0
5,1,10736,8128.96,6066,3,2,19.2306,27.9887,105.803,80.3598,92.9981,112.227,160.981,158.064,3.625,3.375,1,17.7665,18.2472,0.973658,7.19943,7.58524,90.6018,98.8587,28.0322,6.5918,15.7759,117.184,156.034,90.6018,98.8587,2,1,0,0,0,0,0,0,0,0
6,2,10682,8150.91,6060,3,2,46.322,23.5216,45.5129,25.1106,179.419,175.177,135.068,150.091,8.5,4.875,1,7.69052,7.70187,0.998526,0.886446,0.886446,103.672,109.901,16,12.9277,0,20711.3,23541.4,103.672,109.901,203,1,0,0,0,0,0,0,0,0
7,2,10682,8150.91,6060,3,2,46.322,23.683,81.6666,94.4517,173.807,102.124,104.15,160.102,1.5,2.375,0.75,7.79749,7.86333,0.991627,15.3416,18.3664,66.6151,81.9514,19.9043,17.6641,0.0639648,119.461,150.555,86.1714,101.758,2,2,0,0,0,0,0,0,0,0
8,3,10776,8152.7,6065.28,3,2,48.579,20.0275,58.5849,38.0342,165.905,169.725,129.017,152.058,4,4.25,3.125,4.0564,4.15029,0.977377,10.9368,11.4525,9.43878,9.7835,9.47168,11.2637,1.2002,691.448,818.379,327.575,384.023,6,5,0,0,0,0,0,0,0,0
9,3,10776,8152.7,6065.28,3,2,48.579,30.9998,80.5524,73.9079,130.428,140.367,148.743,144.757,1.5,1.25,0.875,14.5204,15.1226,0.960179,3.31187,3.36659,86.1,88.4355,41.4717,7.61621,2.49609,229.991,271.591,86.1,88.4355,2,1,0,0,0,0,0,0,0,0
10,4,10730,8127.23,6077.87,3,3,24.6474,29.3281,133.186,110.651,149.17,153.674,75.541,94.7684,1.625,2.375,0.25,8.63883,9.06625,0.952857,7.4379,7.54086,52.2124,69.3958,10.6885,20.1602,9.52002,154.8,167.227,52.2124,69.3958,3,1,0,0,0,0,0,0,0,0
11,4,10730,8127.23,6077.87,3,3,24.6474,40.0048,71.3118,77.443,119.369,111.588,169.227,170.383,2.625,0.25,0.75,18.5043,19.7429,0.93726,51.8568,63.9707,91.6501,100.56,47.8086,15.2319,10.208,51.8568,63.9707,91.6501,100.56,1,1,0,0,0,0,0,0,0,0
12,5,10764,8122.37,6081.78,3,3,47.4037,35.5739,83.5492,24.7538,131.458,142.127,144.893,157.919,3.375,1.25,1.25,7.19943,7.58524,0.949137,42.2623,58.2009,67.7223,90.2482,7.04004,15.168,10.2241,42.2623,58.2009,67.7223,90.2482,1,1,0,0,0,0,0,0,0,0
13,5,10764,8122.37,6081.78,3,3,47.4037,126.847,0,0,0,0,0,0,1,0,0,90.6018,98.8587,0.916479,0,0,0,0,224,63.3604,28.2241,0,0,0,0,0,0,0,0,0,0,0,0,0,0
14,6,10666,8163.84,6060,3,3,64.566,24.408,14.8375,34.9201,165.23,165.23,171.924,159.711,4.875,5.125,3,0.886446,0.886446,1,2.21645,2.21645,23.6251,24.4228,1.98438,1.34424,0,20413.3,23206.8,322.907,360.436,199,4,0,0,0,0,0,0,0,0
15,6,10666,8163.84,6060,3,3,64.566,133.422,0,0,0,0,0,0,1,0,0,103.672,109.901,0.943319,0,0,0,0,317.952,62.7197,15.0078,0,0,0,0,0,0,0,0,0,0,0,0,0,0
16,7,10662.1,8133.25,6059.94,3,3,67.1707,42.0494,132.377,85.17,63.67,100.267,163.377,149.176,2.375,2.25,2,15.3416,18.3664,0.83531,48.4834,57.3042,55.6357,74.8841,28.0312,39.6162,9.93604,48.4834,57.3042,55.6357,74.8841,1,1,0,0,0,0,0,0,0,0
17,7,10662.1,8133.25,6059.94,3,3,67.1707,105.634,83.4649,98.587,126.373,150.116,149.365,111.292,0.75,0.25,1.25,66.6151,81.9514,0.812861,3.35736,3.35763,16.199,16.4486,147.2,83.6479,42.1919,3.35736,3.35763,16.199,16.4486,1,1,0,0,0,0,0,0,0,0
18,8,10785.5,8163.97,6066.48,3,3,60.3861,29.811,57.0792,45.7673,145.581,152.829,156.911,161.24,3.125,3.25,1.75,9.43878,9.7835,0.964765,3.20344,3.20451,36.7423,39.0167,26.5605,11.7124,8.14404,154.209,178.54,203.873,237.92,3,2,0,0,0,0,0,0,0,0
19,8,10785.5,8163.97,6066.48,3,3,60.3861,31.48,19.7542,49.1304,175.705,148.598,164.541,162.185,4.25,3.75,0.875,10.9368,11.4525,0.954972,6.75717,6.9626,17.9045,18.3697,18.4961,32,1.52002,522.368,624.509,182.804,207.75,4,2,0,0,0,0,0,0,0,0
20,9,10817.5,8145.09,6066.5,3,3,89.5891,34.3664,58.4398,30.4468,148.446,159.393,151.732,154.829,1.25,1.75,1.5,3.31187,3.36659,0.983746,117.559,124.976,109.12,143.248,6.52832,2.87988,2.51221,117.559,124.976,109.12,143.248,1,1,0,0,0,0,0,0,0,0
21,9,10817.5,8145.09,6066.5,3,3,89.5891,119.435,0,0,0,0,0,0,0.875,0,0,86.1,88.4355,0.973591,0,0,0,0,127.553,126.08,35.0078,0,0,0,0,0,0,0,0,0,0,0,0,0,0
22,10,10719.3,8147.39,6087.39,3,4,26.8794,36.869,76.8221,44.9566,135.474,138,146.086,164.436,2.375,1.25,0.75,7.4379,7.54086,0.986346,3.8777,3.97379,66.155,70.8715,14.3994,9.53613,7.15186,85.085,92.788,66.155,70.8715,2,1,0,0,0,0,0,0,0,0
23,10,10719.3,8147.39,6087.39,3,4,26.8794,98.7239,0,0,0,0,0,0,0.25,0,0,52.2124,69.3958,0.752387,0,0,0,0,165.696,95.9995,35.6157,0,0,0,0,0,0,0,0,0,0,0,0,0,0
24,11,10682.2,8112,6088.08,3,4,62.7291,103.976,0,0,0,0,0,0,0.25,0,0,51.8568,63.9707,0.810633,0,0,0,0,49.8564,105.984,22.4639,0,0,0,0,0,0,0,0,0,0,0,0,0,0
25,11,10682.2,8112,6088.08,3,4,62.7291,140.565,0,0,0,0,0,0,0.75,0,0,91.6501,100.56,0.911398,0,0,0,0,283.456,49.9839,34.48,0,0,0,0,0,0,0,0,0,0,0,0,0,0
26,12,10770.4,8137.54,6092,3,4,52.648,93.7748,0,0,0,0,0,0,1.25,0,0,42.2623,58.2009,0.726146,0,0,0,0,113.536,75.3916,40,0,0,0,0,0,0,0,0,0,0,0,0,0,0
27,12,10770.4,8137.54,6092,3,4,52.648,125.822,0,0,0,0,0,0,1.25,0,0,67.7223,90.2482,0.750401,0,0,0,0,161.92,222.976,64.9922,0,0,0,0,0,0,0,0,0,0,0,0,0,0
28,14,10664,8165.18,6060,3,4,66.8479,26.6245,40.6309,9.924,165.852,151.475,153.517,159.99,5.125,1.25,4.5,2.21645,2.21645,1,734.912,1065.2,13.708,13.8826,6.01562,2.11182,0,20014.7,23009.7,1145.09,1273.89,187,12,0,0,0,28,0,0,0,0
29,14,10664,8165.18,6060,3,4,66.8479,48.8308,40.8308,33.6256,176.893,172.002,142.043,153.82,3,1.5,1.75,23.6251,24.4228,0.967337,9.97011,10.3328,80.4285,99.5241,38.208,52.8003,4,228.823,246.822,80.4285,99.5241,3,1,0,0,0,0,0,0,0,0
30,16,10684.2,8093.63,6050,3,4,69.29,99.3537,0,0,0,0,0,0,2.25,0,0,48.4834,57.3042,0.84607,0,0,0,0,44.2236,27.1362,65.4561,0,0,0,0,0,0,0,0,0,0,0,0,0,0
31,16,10684.2,8093.63,6050,3,4,69.29,116.934,0,0,0,0,0,0,2,0,0,55.6357,74.8841,0.742957,0,0,0,0,113.792,69.6318,65.4561,0,0,0,0,0,0,0,0,0,0,0,0,0,0
32,17,10514.9,8056,6102.13,3,4,234.793,108.992,0,0,0,0,0,0,0.25,0,0,3.35736,3.35763,0.99992,0,0,0,0,10.8799,0,0.416016,0,0,0,0,0,0,0,0,0,0,0,0,0,0
33,17,10514.9,8056,6102.13,3,4,234.793,122.083,0,0,0,0,0,0,1.25,0,0,16.199,16.4486,0.984821,0,0,0,0,5.24805,23.8081,10.5923,0,0,0,0,0,0,0,0,0,0,0,0,0,0
34,18,10812,8175.68,6074.62,3,4,90.0147,33.0155,57.8434,57.2686,155.384,157.105,112.449,142.868,3.25,3,1,3.20344,3.20451,0.999665,14.7627,15.0116,39.9665,54.6236,5.95215,0.320312,2.94385,125.802,135.724,39.9665,54.6236,2,1,0,0,0,0,0,0,0,0
35,18,10812,8175.68,6074.62,3,4,90.0147,68.8277,61.2162,31.0261,120.736,167.192,172.699,161.243,1.75,2,2.25,36.7423,39.0167,0.941706,84.4771,96.9581,82.6533,101.945,105.151,84.2876,9.37598,84.4771,96.9581,82.6533,101.945,1,1,0,0,0,0,0,0,0,0
36,19,10804,8195.97,6068,3,4,91.1345,38.4426,52.6132,10.7317,153.094,166.587,153.642,176.75,3.75,4.75,2.25,6.75717,6.9626,0.970496,3.14631,3.15598,145.985,193.237,20.0322,10.9443,0,372.772,427.465,145.985,193.237,3,1,0,0,0,0,0,0,0,0
37,19,10804,8195.97,6068,3,4,91.1345,49.8497,75.133,45.7575,133.014,147.443,151.701,165.914,0.875,1.25,2.5,17.9045,18.3697,0.974672,79.2623,86.4696,85.6376,102.91,11.8398,54.0166,1.27979,79.2623,86.4696,85.6376,102.91,1,1,0,0,0,0,0,0,0,0
38,20,10824,8147.97,6063.98,3,4,96.041,159.342,0,0,0,0,0,0,1.75,0,0,117.559,124.976,0.940654,0,0,0,0,329.984,194.048,9.00781,0,0,0,0,0,0,0,0,0,0,0,0,0,0
39,20,10824,8147.97,6063.98,3,4,96.041,177.615,0,0,0,0,0,0,1.5,0,0,109.12,143.248,0.761752,0,0,0,0,316.992,69.5039,44.9761,0,0,0,0,0,0,0,0,0,0,0,0,0,0
40,22,10704.9,8156.93,6094.54,3,5,41.3843,40.8428,105.177,90.3931,155.755,143.555,99.0677,123.842,1.25,0.25,0.75,3.8777,3.97379,0.975817,18.3922,19.0418,62.8151,69.7724,1.60059,8.95996,5.02393,18.3922,19.0418,62.8151,69.7724,1,1,0,0,0,0,0,0,0,0
41,22,10704.9,8156.93,6094.54,3,5,41.3843,107.741,0,0,0,0,0,0,0.75,0,0,66.155,70.8715,0.93345,0,0,0,0,146.881,114.047,24.4639,0,0,0,0,0,0,0,0,0,0,0,0,0,0
42,28,10658,8167.3,6060,3,5,73.2147,40.5071,50.049,37.2652,166.076,168.534,138.627,145.535,4.5,4,5.25,13.708,13.8826,0.987423,7.56408,7.84749,4.59587,4.62928,27.4561,22.3999,1.6958,841.642,919.086,301.896,353.395,8,4,0,0,0,0,0,0,0,0
43,28,10658,8167.3,6060,2,5,73.2147,1091.83,107.718,45.4202,153.268,157.354,96.951,149.357,1.25,0.25,0.25,734.912,1065.2,0.689926,22.9848,24.6344,53.4485,56.9513,1318.72,1583.74,331.472,18822,21462.3,534.191,563.876,179,8,28,0,1,1,10.5897,13.3571,17.518,38.043
44,29,10625.8,8217.98,6064,3,5,125.038,59.1637,78.4884,63.8806,168.227,176.729,112.776,117.749,1.5,1.5,1.25,9.97011,10.3328,0.964897,21.77,22.4188,74.0813,80.4833,19.2637,20.0312,2.01611,166.542,178.425,74.0813,80.4833,2,1,0,0,0,0,0,0,0,0
45,29,10625.8,8217.98,6064,3,5,125.038,148.355,0,0,0,0,0,0,1.75,0,0,80.4285,99.5241,0.808132,0,0,0,0,85.8252,252.031,52.5439,0,0,0,0,0,0,0,0,0,0,0,0,0,0
46,34,10818,8175.36,6077.57,3,5,95.9296,48.0271,94.9045,20.7521,114.075,170.79,147.604,162.713,3,1.5,1.25,14.7627,15.0116,0.983424,61.147,64.0281,49.8925,56.6842,17.9834,9.79199,12.688,61.147,64.0281,49.8925,56.6842,1,1,0,0,0,0,0,0,0,0
47,34,10818,8175.36,6077.57,3,5,95.9296,87.6391,0,0,0,0,0,0,1,0,0,39.9665,54.6236,0.731671,0,0,0,0,70.082,64.1362,50.4321,0,0,0,0,0,0,0,0,0,0,0,0,0,0
48,35,10917.2,8259.97,6084,3,5,221.961,165.786,0,0,0,0,0,0,2,0,0,84.4771,96.9581,0.871275,0,0,0,0,261.824,128.236,22.9922,0,0,0,0,0,0,0,0,0,0,0,0,0,0
49,35,10917.2,8259.97,6084,3,5,221.961,170.773,0,0,0,0,0,0,2.25,0,0,82.6533,101.945,0.81076,0,0,0,0,177.893,271.105,54.9922,0,0,0,0,0,0,0,0,0,0,0,0,0,0
50,36,10824,8206.91,6068,3,5,113.861,41.5986,39.2902,12.2806,173.172,162.659,145.017,170.46,4.75,2.25,2.5,3.14631,3.15598,0.996935,12.2574,12.3343,113.132,134.497,7.87207,7.10352,0,268.751,302.146,113.132,134.497,2,1,0,0,0,0,0,0,0,0
51,36,10824,8206.91,6068,3,5,113.861,231.68,0,0,0,0,0,0,2.25,0,0,145.985,193.237,0.755471,0,0,0,0,421.877,264.336,19.52,0,0,0,0,0,0,0,0,0,0,0,0,0,0
52,37,10815.7,8249.98,6069.28,3,5,136.223,136.319,0,0,0,0,0,0,1.25,0,0,79.2623,86.4696,0.916649,0,0,0,0,174.336,177.023,11.709,0,0,0,0,0,0,0,0,0,0,0,0,0,0
53,37,10815.7,8249.98,6069.28,3,5,136.223,152.76,0,0,0,0,0,0,2.5,0,0,85.6376,102.91,0.832157,0,0,0,0,55.0322,287.808,42.7202,0,0,0,0,0,0,0,0,0,0,0,0,0,0
54,40,10703.3,8165.89,6099.57,3,6,49.1713,59.8846,0,0,0,0,0,0,0.25,0,0,18.3922,19.0418,0.965882,0,0,0,0,35.2637,32.1274,14.4321,0,0,0,0,0,0,0,0,0,0,0,0,0,0
55,40,10703.3,8165.89,6099.57,3,6,49.1713,110.615,0,0,0,0,0,0,0.75,0,0,62.8151,69.7724,0.900286,0,0,0,0,182.4,183.36,31.4082,0,0,0,0,0,0,0,0,0,0,0,0,0,0
56,42,10630.5,8189.7,6058.48,3,6,106.882,45.1363,129.166,104.691,150.307,151.499,60.9871,90.6176,5.25,2.125,2.25,4.59587,4.62928,0.992784,0.81157,0.81157,105.73,136.581,4.73633,3.39209,4.35205,192.382,212.997,105.73,136.581,3,1,0,28,0,0,0,0,0,0
57,42,10630.5,8189.7,6058.48,3,6,106.882,48.3546,46.3054,45.2034,162.149,160.539,136.886,138.758,4,3.75,3.375,7.56408,7.84749,0.963885,1.76486,1.76622,5.64387,5.68657,18.5605,9.85596,1.32812,371.942,410.258,469.544,508.433,4,4,0,28,0,0,0,0,0,0
58,43,9365.31,9526.08,5752.53,2,6,1964.02,1116.46,60.5791,124.777,164.997,77.622,104.73,134.667,0.25,3.5,0.875,22.9848,24.6344,0.933038,3544.21,8153.38,13.9548,14.5405,43.8398,26.2402,6.47998,22177.7,29407,179.514,198.515,174,5,1,0,1,0,22.2566,9,22.2566,24.6344
59,43,9365.31,9526.08,5752.53,2,6,1964.02,1148.78,52.8119,58.7195,166.337,167.103,119.31,109.665,0.25,0.25,0.25,53.4485,56.9513,0.938495,54.7262,58.1696,11.5605,11.9846,38.4639,131.92,6.08398,523.908,553.11,11.5605,11.9846,7,1,1,0,1,1,2.66308,6,2.66308,56.9513
60,44,10606.5,8238.02,6066.02,3,6,152.451,81.5825,49.4302,30.709,135.095,165.175,165.311,163.433,1.5,1.5,1.125,21.77,22.4188,0.971058,73.6658,81.0731,71.1062,74.9332,41.2168,46.0166,7.27979,73.6658,81.0731,71.1062,74.9332,1,1,0,0,0,0,0,0,0,0
61,44,10606.5,8238.02,6066.02,3,6,152.451,139.647,0,0,0,0,0,0,1.25,0,0,74.0813,80.4833,0.920456,0,0,0,0,210.496,62.0156,37.9839,0,0,0,0,0,0,0,0,0,0,0,0,0,0
62,46,10836,8165.57,6090.26,3,6,113.309,112.055,0,0,0,0,0,0,1.5,0,0,61.147,64.0281,0.955003,0,0,0,0,66.0479,57.085,45.7441,0,0,0,0,0,0,0,0,0,0,0,0,0,0
63,46,10836,8165.57,6090.26,3,6,113.309,104.711,0,0,0,0,0,0,1.25,0,0,49.8925,56.6842,0.880183,0,0,0,0,96,47.71,29.7441,0,0,0,0,0,0,0,0,0,0,0,0,0,0
64,50,10831.9,8214.02,6068,3,6,124.313,53.9329,0.0535528,18.6466,163.989,168.684,164.03,171.627,2.25,2.5,3,12.2574,12.3343,0.993765,117.128,127.098,139.366,162.714,20.0957,33.9844,0,117.128,127.098,139.366,162.714,1,1,0,0,0,0,0,0,0,0
65,50,10831.9,8214.02,6068,3,6,124.313,176.096,0,0,0,0,0,0,2.5,0,0,113.132,134.497,0.841149,0,0,0,0,285.12,328,50,0,0,0,0,0,0,0,0,0,0,0,0,0,0
66,56,10625.8,8193.09,6054.13,3,7,112.815,45.9479,78.3164,61.3859,161.92,164.454,119.749,118.642,2.125,2.25,2,0.81157,0.81157,1,11.0656,11.951,103.647,110.206,1.79199,0.704102,0.383789,98.989,113.93,103.647,110.206,2,1,0,0,0,0,0,0,0,0
67,56,10625.8,8193.09,6054.13,3,7,112.815,181.717,0,0,0,0,0,0,2.25,0,0,105.73,136.581,0.774122,0,0,0,0,197.184,263.772,21.7754,0,0,0,0,0,0,0,0,0,0,0,0,0,0
68,57,10612,8199.55,6058.42,3,7,127.851,50.1208,26.4272,12.4929,168.066,168.1,164.04,174.521,3.75,1.75,2.25,1.76486,1.76622,0.99923,5.5339,5.53441,9.08636,10.0108,3.96777,2.43262,1.6001,192.115,203.88,192.683,220.157,2,2,0,1,0,0,0,0,0,0
69,57,10612,8199.55,6058.42,3,7,127.851,54.0411,131.267,48.8911,154.801,154.35,73.1166,156.713,3.375,3,2,5.64387,5.68657,0.992491,13.4817,13.6251,111.531,126.207,4.67188,11.9678,1.6958,365.851,390.165,111.531,126.207,3,1,0,1,0,0,0,0,0,0
70,58,9321.47,9552.32,5759.01,2,7,2011.94,1131,108.454,131.6,145.869,161.027,98.1569,63.7649,0.875,0.75,0.25,13.9548,14.5405,0.959718,106.139,110.955,10.8942,11.9914,6.78418,26.6875,8,260.805,282.938,10.8942,11.9914,4,1,1,1,1,5,6.36836,13,6.36836,14.5405
71,58,9321.47,9552.32,5759.01,2,7,2011.94,9269.84,74.508,11.8257,154.761,101.87,129.566,90.0763,3.5,4,2,3544.21,8153.38,0.434692,120.263,153.064,211.872,267.74,4596.9,6499.92,2382.69,15457,17643.1,3508.63,4031.36,142,32,0,1,0,0,0,0,0,0
72,59,9332,9658,5752,2,7,2081.13,1206.95,20.8193,11.4054,163.849,151.759,173.884,162.791,0.25,1.25,0.25,54.7262,58.1696,0.940805,0.876631,0.963248,62.2779,67.3466,54,112,12,294.036,309.807,238.301,253.443,4,3,1,0,0,1,53.9466,30,53.9466,58.1696
73,59,9332,9658,5752,5,7,2081.13,1160.76,0,0,0,0,0,0,0.25,0,0,11.5605,11.9846,0.964613,0,0,0,0,31.0078,2.99219,1.06982,0,0,0,0,0,0,1,0,0,0,11.9846,21,11.9846,11.9846
74,60,10565.3,8284.03,6073.3,3,7,213.664,162.656,0,0,0,0,0,0,1.5,0,0,73.6658,81.0731,0.908634,0,0,0,0,167.296,116.055,7.97998,0,0,0,0,0,0,0,0,0,0,0,0,0,0
75,60,10565.3,8284.03,6073.3,3,7,213.664,156.516,0,0,0,0,0,0,1.125,0,0,71.1062,74.9332,0.948928,0,0,0,0,88.3193,187.968,24.7041,0,0,0,0,0,0,0,0,0,0,0,0,0,0
76,64,10852,8248,6068,3,7,160.659,181.031,0,0,0,0,0,0,2.5,0,0,117.128,127.098,0.921556,0,0,0,0,247.04,276.93,10.7881,0,0,0,0,0,0,0,0,0,0,0,0,0,0
77,64,10852,8248,6068,3,7,160.659,216.646,0,0,0,0,0,0,3,0,0,139.366,162.714,0.856509,0,0,0,0,226.817,457.984,52.875,0,0,0,0,0,0,0,0,0,0,0,0,0,0
78,66,10624,8193.79,6053.74,3,8,114.76,57.8989,95.7511,39.4142,125.053,152.153,132.899,157.557,2.25,1.75,1.25,11.0656,11.951,0.92591,43.9636,56.3387,43.9599,45.6402,18.1123,6.40039,9.66406,43.9636,56.3387,43.9599,45.6402,1,1,0,0,0,0,0,0,0,0
79,66,10624,8193.79,6053.74,3,8,114.76,156.154,0,0,0,0,0,0,2,0,0,103.647,110.206,0.940478,0,0,0,0,30.3721,208.192,56.8481,0,0,0,0,0,0,0,0,0,0,0,0,0,0
80,68,10608,8201.98,6060.02,3,8,132.439,55.6552,97.0538,75.7023,124.391,137.973,138.27,146.2,1.75,1.5,1.625,5.5339,5.53441,0.999909,108.743,112.884,77.8387,85.4612,13.6963,8.12793,1.98389,108.743,112.884,77.8387,85.4612,1,1,0,0,0,0,0,0,0,0
81,68,10608,8201.98,6060.02,3,8,132.439,60.1316,8.21946,21.2027,166.189,164.174,166.443,158.061,2.25,1.75,2,9.08636,10.0108,0.907655,87.4224,98.3825,96.1737,111.764,19.3281,14.6553,7.82373,87.4224,98.3825,96.1737,111.764,1,1,0,0,0,0,0,0,0,0
82,69,10607.3,8211.52,6056.72,3,8,137.449,67.6663,72.5121,32.5505,155.093,165.461,125.254,159.905,3,1.5,2.5,13.4817,13.6251,0.989476,9.80446,10.043,149.323,161.101,23.4883,21.7607,4.01611,212.851,225.481,149.323,161.101,2,1,0,1,0,0,0,0,0,0
83,69,10607.3,8211.52,6056.72,3,8,137.449,180.248,0,0,0,0,0,0,2,0,0,111.531,126.207,0.883715,0,0,0,0,56.6318,289.473,32.9419,0,0,0,0,0,0,0,0,0,0,0,0,0,0
84,70,9315.01,9579.01,5767.01,2,8,2033.99,1143,0,0,0,0,0,0,0.25,0,0,10.8942,11.9914,0.908501,0,0,0,0,22.0166,4.99219,5.55176,0,0,0,0,0,0,1,0,0,0,2.16628,13,9.82509,11.9914
85,70,9315.01,9579.01,5767.01,2,8,2033.99,1241.96,89.4265,26.2595,161.053,174.937,109.052,158.804,0.75,0.25,0.25,106.139,110.955,0.956599,133.245,145.756,55.1259,59.4814,120.297,201.992,30.2681,232.785,258.257,55.1259,59.4814,3,1,5,0,3,6,13.3507,26.8,20.0935,22.191
86,71,8668,6091,8125,2,8,3566.87,9422.91,91.3445,86.2285,147.894,152.872,119.211,114.244,4,3.75,2.5,120.263,153.064,0.785704,31.3172,36.5312,49.1485,57.7912,182,87.7412,59.3882,13250.6,15085.1,2166.53,2499.28,122,20,0,1,0,0,0,0,0,0
87,71,8668,6091,8125,2,8,3566.87,9537.58,87.0687,38.7749,161.399,155.774,102.938,165.354,2,3,0.25,211.872,267.74,0.791335,137.414,163.35,84.1243,94.8272,408.029,166.985,81.2568,2975.6,3396.33,542.697,625.466,29,3,0,1,0,1,0,0,0,0
88,72,9278,9770,5764,2,8,2197.44,1207.91,112.517,37.6615,156.258,152.059,85.2983,161.986,1.25,0.25,0.25,0.876631,0.963248,0.910078,9.26784,9.32892,70.8261,76.3569,1.64844,1.2002,0.183105,231.601,241.816,70.8261,76.3569,3,1,0,1,0,4,0,0,0,0
89,72,9278,9770,5764,2,8,2197.44,1274.3,127.858,60.4342,137.492,174.396,9.65137,116.422,0.25,0.25,0.25,62.2779,67.3466,0.924738,11.276,12.8153,31.2988,37.7961,92.208,98.7998,15.0078,156,161.115,31.2988,37.7961,2,1,1,1,1,2,12.8172,30,12.8172,67.3466
90,78,10605.9,8200.19,6044.08,3,9,134.8,114.238,0,0,0,0,0,0,1.75,0,0,43.9636,56.3387,0.780344,0,0,0,0,119.352,24.1177,37.4028,0,0,0,0,0,0,0,0,0,0,0,0,0,0
91,78,10605.9,8200.19,6044.08,3,9,134.8,103.539,0,0,0,0,0,0,1.25,0,0,43.9599,45.6402,0.963184,0,0,0,0,96.0713,55.8076,13.0801,0,0,0,0,0,0,0,0,0,0,0,0,0,0
92,80,10594.3,8210.11,6062,3,9,148.281,168.539,0,0,0,0,0,0,1.5,0,0,108.743,112.884,0.963311,0,0,0,0,96.5381,295.872,15.853,0,0,0,0,0,0,0,0,0,0,0,0,0,0
93,80,10594.3,8210.11,6062,3,9,148.281,141.116,0,0,0,0,0,0,1.625,0,0,77.8387,85.4612,0.910807,0,0,0,0,253.312,19.1743,20,0,0,0,0,0,0,0,0,0,0,0,0,0,0
94,81,10588.7,8216.64,6067.84,3,9,156.329,158.514,0,0,0,0,0,0,1.75,0,0,87.4224,98.3825,0.888598,0,0,0,0,182.726,159.36,10.7041,0,0,0,0,0,0,0,0,0,0,0,0,0,0
95,81,10588.7,8216.64,6067.84,3,9,156.329,171.896,0,0,0,0,0,0,2,0,0,96.1737,111.764,0.860507,0,0,0,0,139.456,236.736,65.6001,0,0,0,0,0,0,0,0,0,0,0,0,0,0
96,82,10583.8,8233.28,6052.7,3,9,168.815,77.7092,69.7571,95.5493,130.572,130.137,159.593,134.312,1.5,1.5,3,9.80446,10.043,0.976252,49.9579,52.7074,153.089,162.731,23.4873,14.7197,1.2959,49.9579,52.7074,153.089,162.731,1,1,0,0,0,0,0,0,0,0
97,82,10583.8,8233.28,6052.7,3,9,168.815,228.768,0,0,0,0,0,0,2.5,0,0,149.323,161.101,0.926887,0,0,0,0,163.82,310.72,48.9873,0,0,0,0,0,0,0,0,0,0,0,0,0,0
98,85,9195,9781,5797,2,9,2256.9,1301.44,0,0,0,0,0,0,0.25,0,0,55.1259,59.4814,0.926775,0,0,0,0,78.9678,65.4541,29.0698,0,0,0,0,0,0,3,0,0,0,10.6304,26.6667,10.6304,19.8271
99,85,9195,9781,5797,2,9,2256.9,1387.71,71.088,37.4021,167.587,170.528,110.075,137.288,0.25,0.25,0.25,133.245,145.756,0.91417,36.0492,40.148,48.4685,54.0622,135.219,275,27.2031,87.1202,98.5874,48.4685,54.0622,2,1,6,0,3,3,13.6025,26.1667,24.1342,24.2926
100,86,8486,6117,8184,2,9,3694.08,9459.44,120.995,150.918,148.193,159.97,41.284,30.4184,3.75,3.5,1.125,31.3172,36.5312,0.857273,66.7368,83.3834,5.26793,6.18888,62.1924,21.2632,11.9336,13280.8,15125.7,5.26793,6.18888,121,1,0,0,1,0,0,0,0,0
101,86,8486,6117,8184,2,9,3694.08,9480.7,82.0208,73.5924,120.797,115.24,157.113,83.403,2.5,1.25,1.5,49.1485,57.7912,0.850449,202.502,299.177,144.187,176.654,11.9258,34.6221,30.1602,1731.69,2046.47,732.38,870.845,11,9,0,0,3,4,0,0,0,0
102,87,8260,6222,8205,2,9,3792.78,9700.93,146.084,32.1281,149.252,132.735,10.3335,156.271,3,3.25,4.75,137.414,163.35,0.841222,42.87,45.9737,19.1749,42.4681,140.156,68.0361,80.3506,2667.57,2986.51,232.658,334.914,26,3,0,0,1,0,0,0,0,0
103,87,8260,6222,8205,2,9,3792.78,9632.41,65.7027,22.8312,141.642,158.188,147.38,173.037,0.25,0.25,0.25,84.1243,94.8272,0.887133,32.1394,35.2833,254.492,305.521,189,86.2222,10.1436,236.22,260.401,254.492,305.521,2,1,1,0,2,9,94.3835,8,94.3835,94.8272
104,88,9276.35,9771.2,5764.1,2,9,2199.4,1217.24,26.6893,6.55025,155.956,175.427,177.2,177.788,0.25,0.25,0.25,9.26784,9.32892,0.993453,49.2666,51.4882,33.6288,33.8005,9.21582,18.8799,1.93604,237.971,250.175,33.6288,33.8005,2,1,0,1,2,2,0,0,0,0
105,88,9276.35,9771.2,5764.1,5,9,2199.4,1284.27,0,0,0,0,0,0,0.25,0,0,70.8261,76.3569,0.927567,0,0,0,0,106.367,61.4395,41.896,0,0,0,0,0,0,4,0,0,0,13.066,27.75,19.0892,19.0892
106,89,9185.79,9868.8,5779.01,2,9,2329.5,1287.11,16.5078,24.7763,172.226,159.76,163.838,175.352,0.25,0.25,0.25,11.276,12.8153,0.879886,13.2994,13.6472,131.424,134.653,17.9844,15.8721,3.48828,13.2994,13.6472,131.424,134.653,1,1,1,0,1,2,4.81854,29,4.81854,12.8153
107,89,9185.79,9868.8,5779.01,2,9,2329.5,1312.09,0,0,0,0,0,0,0.25,0,0,31.2988,37.7961,0.828096,0,0,0,0,22.2725,16.6406,29.9844,0,0,0,0,0,0,2,0,0,0,9.10482,28.5,17.7621,18.8981
108,96,10560.3,8248,6054,3,10,196.438,130.417,0,0,0,0,0,0,1.5,0,0,49.9579,52.7074,0.947833,0,0,0,0,155.328,50.0098,17,0,0,0,0,0,0,0,0,0,0,0,0,0,0
109,96,10560.3,8248,6054,3,10,196.438,240.44,0,0,0,0,0,0,3,0,0,153.089,162.731,0.94075,0,0,0,0,97.6055,401.792,13.605,0,0,0,0,0,0,0,0,0,0,0,0,0,0
110,99,9060,10056,5824,2,10,2546.96,1427.86,24.0038,16.6627,168.655,133.316,163.461,146.405,0.25,0.25,0.25,36.0492,40.148,0.897909,19.4635,21.7015,31.6075,36.7379,45.0215,69,3.27588,19.4635,21.7015,31.6075,36.7379,1,1,3,0,1,1,7.08032,18,10.6905,13.3827
111,99,9060,10056,5824,5,10,2546.96,1441.78,0,0,0,0,0,0,0.25,0,0,48.4685,54.0622,0.896532,0,0,0,0,95.583,36.9092,17.707,0,0,0,0,0,0,3,0,0,0,12.6651,17.6667,18.0207,18.0207
112,100,8423.81,6096,8195.51,5,10,3750.15,9465.63,0,0,0,0,0,0,1.125,0,0,5.26793,6.18888,0.851193,0,0,0,0,8.19238,7.35986,2.32031,0,0,0,0,0,0,1,0,0,0,6.18888,11,6.18888,6.18888
113,100,8423.81,6096,8195.51,2,10,3750.15,9542.82,65.4504,78.9216,141.009,34.9854,113.714,94.7361,3.5,2.5,2,66.7368,83.3834,0.800362,60.7188,89.355,96.5032,106.449,77.9795,60.8369,33.5518,11256.1,12902.9,2115.12,2335.22,103,18,0,0,2,0,0,0,0,0
114,101,8483,6135,8214,2,10,3703.4,9657.35,84.9208,103.013,171.887,90.143,98.4834,25.9058,1.5,0.25,3.25,144.187,176.654,0.81621,48.5588,53.9164,14.0067,42.0101,58.4717,204.651,74.3301,622.745,706.097,14.0067,42.0101,8,1,3,0,0,4,36.556,55.6667,44.0899,58.8847
115,101,8483,6135,8214,2,10,3703.4,9779.87,7.02454,31.6314,173.394,164.334,174.85,141.501,1.25,1.25,0.5,202.502,299.177,0.676865,90.1093,96.734,219.584,238.194,379.648,34.354,106,1399.71,1605.84,219.584,238.194,10,1,4,0,4,13,52.8502,119.5,70.698,74.7941
116,102,8119.84,6226.6,8285.05,2,10,3927.91,9743.4,143.71,150.264,145.088,151.531,2.32617,24.0732,4.75,1,0.375,19.1749,42.4681,0.451512,78.7832,92.8958,83.3513,136.385,34.2891,16.3511,15.5293,208.915,248.956,83.3513,136.385,2,1,1,1,5,5,13.0003,89,13.0003,42.4681
117,102,8119.84,6226.6,8285.05,2,10,3927.91,9746.91,29.5312,60.5796,153.282,163.009,150.571,135.967,3.25,3.25,1.75,42.87,45.9737,0.93249,15.0574,16.3466,36.3216,42.2075,34.2764,41.957,23.6289,1303.32,1495.09,1372.76,1504,18,8,0,1,1,0,0,0,0,0
118,103,8071,6308,8196,2,10,3871.92,9667.69,61.1969,39.739,139.263,162.306,139.069,156.28,0.25,0.75,1,32.1394,35.2833,0.910896,35.2795,36.4021,168.801,188.716,46,10.2432,17,35.2795,36.4021,168.801,188.716,1,1,2,0,2,10,9.47529,8.5,10.0447,17.6416
119,103,8071,6308,8196,5,10,3871.92,9937.93,0,0,0,0,0,0,0.25,0,0,254.492,305.521,0.832979,0,0,0,0,598.417,203.999,23.9912,0,0,0,0,0,0,9,0,0,0,22.6202,8.11111,33.9468,33.9468
120,104,9267.14,9790.08,5766,5,10,2219.19,1251.04,0,0,0,0,0,0,0.25,0,0,33.6288,33.8005,0.99492,0,0,0,0,34.1113,69.8877,4,0,0,0,0,0,0,2,0,0,0,16.9003,28.5,16.9003,16.9003
121,104,9267.14,9790.08,5766,2,10,2219.19,1268.73,87.8389,55.0317,101.915,108.585,168.826,163.182,0.25,0.25,0.25,49.2666,51.4882,0.956853,9.41011,9.79689,179.294,188.89,42.8154,98.2402,17.0078,9.41011,9.79689,179.294,188.89,1,1,2,4,1,7,23.0901,28.5,23.0901,25.7441
122,106,9167.81,9884.67,5782.11,5,10,2352.78,1300.76,0,0,0,0,0,0,0.25,0,0,13.2994,13.6472,0.974514,0,0,0,0,28.7998,11.3281,2,0,0,0,0,0,0,1,0,0,0,13.6472,32,13.6472,13.6472
123,106,9167.81,9884.67,5782.11,5,10,2352.78,1421.76,0,0,0,0,0,0,0.25,0,0,131.424,134.653,0.976024,0,0,0,0,195.185,202.846,34.7441,0,0,0,0,0,0,2,0,0,0,14.6784,17.5,67.3264,67.3264
124,110,9015,10125,5822,2,11,2628.4,1449.56,0,0,0,0,0,0,0.25,0,0,19.4635,21.7015,0.896872,0,0,0,0,10.2227,39.9922,9,0,0,0,0,0,0,1,0,0,0,8.68785,17,8.68785,21.7015
125,110,9015,10125,5822,5,11,2628.4,1464.6,0,0,0,0,0,0,0.25,0,0,31.6075,36.7379,0.860352,0,0,0,0,3.21191,80.8945,6.39209,0,0,0,0,0,0,1,0,0,0,36.7379,17,36.7379,36.7379
126,113,8346,6037,8229,2,11,3849.37,9632.17,116.713,120.08,154.376,163.089,77.083,74.9712,2.5,2.75,2,60.7188,89.355,0.679523,16.8751,21.9794,60.3194,67.9971,81.3652,64.771,29,9934.63,11408.1,1338,1495.41,85,18,2,3,1,0,16.0513,31.5,16.0513,44.6775
127,113,8346,6037,8229,2,11,3849.37,9649.27,72.5238,37.8092,121.554,159.727,155.964,136.302,2,1.875,0.25,96.5032,106.449,0.906568,28.0379,28.5704,55.7127,59.0047,54.8643,86.6479,55.0479,1441.93,1591.42,660.436,724.93,12,6,0,3,2,1,0,0,0,0
128,114,8429,5958,8288,2,11,3876.56,9699.36,0,0,0,0,0,0,3.25,0,0,14.0067,42.0101,0.333413,0,0,0,0,18.2803,28.1177,11.4248,0,0,0,0,0,0,0,0,0,0,0,0,0,0
129,114,8429,5958,8288,5,11,3876.56,9711.27,31.4555,14.1055,165.196,172.824,162.967,168.267,0.25,0.25,0.25,48.5588,53.9164,0.900631,6.54774,6.65119,59.486,61.8513,110.024,36.4062,7.82129,394.831,443.411,245.389,277.272,6,2,4,4,1,1,12.1235,217.25,13.4791,13.4791
130,115,8192,6169,8320,2,11,3929.16,9876.61,165.612,130.962,166.598,146.918,1.04771,20.53,1.25,1.625,0.25,90.1093,96.734,0.931516,58.0864,67.4605,180.044,227.09,214.006,19.3521,16.8906,1187.65,1349.47,180.044,227.09,9,1,4,1,0,10,19.2563,203.5,21.3123,24.1835
131,115,8192,6169,8320,5,11,3929.16,10018.1,0,0,0,0,0,0,0.5,0,0,219.584,238.194,0.921872,0,0,0,0,472,249.102,12.0518,0,0,0,0,0,0,13,0,0,0,14.9483,192.077,18.3226,18.3226
132,116,8087.86,6216.26,8293.77,2,11,3959.16,9836.3,33.7311,91.96,152.973,166.912,167.938,75.1596,1,4,0.25,78.7832,92.8958,0.848082,50.7699,67.685,79.362,88.3753,120.863,42.6499,39.5215,50.7699,67.685,79.362,88.3753,1,1,5,0,0,6,11.8076,174.6,17.6959,18.5792
133,116,8087.86,6216.26,8293.77,2,11,3959.16,9879.79,0,0,0,0,0,0,0.375,0,0,83.3513,136.385,0.611145,0,0,0,0,195.159,24.7041,33.0615,0,0,0,0,0,0,5,0,0,0,7.41913,123,26.8257,27.2771
134,117,8085.57,6184.64,8307.98,2,11,3984.18,9763.25,83.5016,72.6307,132.656,162.364,143.144,121.794,3.25,2,0.75,15.0574,16.3466,0.921134,4.82478,4.82518,62.4433,67.1592,7.42383,15.2959,8.39258,861.77,1001.44,493.761,549.287,12,6,1,2,0,3,5.84341,196,5.84341,16.3466
135,117,8085.57,6184.64,8307.98,2,11,3984.18,9789.11,41.7502,28.5103,164.817,178.971,152.008,151.472,1.75,2,0.25,36.3216,42.2075,0.860548,33.8915,36.0474,4.25447,4.36566,86.208,22.9761,7.44727,887.101,969.284,487.483,532.918,5,3,0,2,1,0,0,0,0,0
136,118,8025,6317,8179,5,11,3890.13,9704.09,0,0,0,0,0,0,0.75,0,0,35.2795,36.4021,0.969161,0,0,0,0,33.8652,3.43701,21.1968,0,0,0,0,0,0,2,0,0,0,18.201,11,18.201,18.201
137,118,8025,6317,8179,2,11,3890.13,9856.41,0,0,0,0,0,0,1,0,0,168.801,188.716,0.894469,0,0,0,0,261.032,181.931,73.0078,0,0,0,0,0,0,10,0,0,0,8.67489,12.5,18.6227,18.8716
138,121,9224.32,9888.32,5783.01,5,11,2318.32,1278.53,0,0,0,0,0,0,0.25,0,0,9.41011,9.79689,0.960521,0,0,0,0,21.3125,3.32812,4,0,0,0,0,0,0,1,0,0,0,9.79689,29,9.79689,9.79689
139,121,9224.32,9888.32,5783.01,5,11,2318.32,1457.62,0,0,0,0,0,0,0.25,0,0,179.294,188.89,0.949201,0,0,0,0,252.288,295.68,50.9844,0,0,0,0,0,0,7,0,0,0,11.3889,21.2857,26.9842,26.9842
140,126,8427,6097,8258,2,12,3783.56,9654.15,161.346,91.1422,161.338,100.285,0,28.5853,2.75,2.5,1.5,16.8751,21.9794,0.767769,93.0164,125.095,94.8431,132.01,15.8652,24.6221,8.64062,9353.54,10795.2,752.068,848.095,80,5,1,0,2,0,11.5169,54,11.5169,21.9794
141,126,8427,6097,8258,2,12,3783.56,9700.17,50.0496,12.6173,174.141,175.554,134.058,163.923,2,2,0.25,60.3194,67.9971,0.887088,22.9534,24.7574,89.5528,106.844,26.3594,93,26.166,1168.7,1283.71,221.482,275.302,16,2,0,0,0,5,0,0,0,0
142,127,8291.14,6123.65,8283.78,2,12,3868.39,9677.84,54.1062,36.6022,163.911,161.908,111.259,136.448,1.875,1.75,0.25,28.0379,28.5704,0.981361,35.2463,35.7366,127.298,147.287,17.4717,12.9922,17.2158,1140.23,1249.69,436.207,496.181,9,3,2,0,2,3,9.96106,176,11.8123,14.2852
143,127,8291.14,6123.65,8283.78,2,12,3868.39,9708.27,172.743,175.319,156.648,173.758,19.3203,4.10873,0.25,0.25,0.25,55.7127,59.0047,0.944207,78.7463,80.7814,66.1779,66.7333,125.44,44.0322,9.21582,617.291,679.973,66.1779,66.7333,5,1,1,0,2,3,19.3212,141,19.3212,59.0047
144,129,8318.98,5994.3,8295.33,2,12,3926.94,9717.92,48.513,39.4278,162.542,160.634,148.925,158.677,0.25,0.5,0.5,6.54774,6.65119,0.984445,31.8904,33.6494,106.068,121.816,14.6553,3.13623,1.66406,314.106,348.593,106.068,121.816,5,1,1,4,4,3,15.7713,223,15.7713,6.65119
145,129,8318.98,5994.3,8295.33,2,12,3926.94,9773.12,104.543,90.9113,161.191,161.994,94.209,107.037,0.25,0.25,0.375,59.486,61.8513,0.961757,45.1794,49.5496,140.723,165.871,127.104,32.7036,17.2158,45.1794,49.5496,140.723,165.871,1,1,1,4,3,7,15.7713,223,15.7713,61.8513
146,130,7977.99,6182.84,8336.85,2,12,4073.25,9944.07,74.1277,43.728,143.724,172.911,140.582,142.555,1.625,0.5,1.125,58.0864,67.4605,0.861042,7.87591,8.95541,36.3947,41.9465,110.986,55.1719,20.5117,696.277,760.023,477.553,572.893,6,3,0,13,0,2,0,0,0,0
147,130,7977.99,6182.84,8336.85,2,12,4073.25,10103.7,0,0,0,0,0,0,0.25,0,0,180.044,227.09,0.792831,0,0,0,0,391.03,163.161,32.1982,0,0,0,0,0,0,10,0,0,0,9.88244,223,18.748,22.709
148,132,7967,6241,8333,2,12,4050.87,9903.98,0,0,0,0,0,0,4,0,0,50.7699,67.685,0.750091,0,0,0,0,79,29.4863,25.5146,0,0,0,0,0,0,0,0,0,0,0,0,0,0
149,132,7967,6241,8333,5,12,4050.87,9924.67,0,0,0,0,0,0,0.25,0,0,79.362,88.3753,0.898011,0,0,0,0,24.3711,162.024,19.127,0,0,0,0,0,0,6,0,0,0,10.4815,194,14.7292,14.7292
150,134,8079.68,6169.34,8316.37,2,12,4000.36,9768.08,136.601,126.595,134.235,140.491,88.8378,90.8594,2,1.75,1,4.82478,4.82518,0.999917,8.19815,8.3316,37.5292,38.6435,4.09619,4.99219,2.52832,525.813,578.852,376.86,464.739,9,3,0,0,0,2,0,0,0,0
151,134,8079.68,6169.34,8316.37,2,12,4000.36,9830.41,18.825,36.6454,159.398,176.161,153.567,146.866,0.75,0.25,0.25,62.4433,67.1592,0.929779,46.5199,54.7391,109.778,128.208,71.3198,120.344,7.94043,336.777,378.699,250.839,286.376,4,2,3,0,4,7,8.59006,235.333,17.0445,22.3864
152,135,7999.36,6161.66,8301.99,5,12,4049.76,9793.48,85.2298,48.8443,127.213,137.046,147.041,157.203,0.25,0.25,1,4.25447,4.36566,0.974532,43.4812,45.17,165.524,186.248,10.2397,2.43213,0.303711,361.186,387.474,165.524,186.248,2,1,1,2,2,7,4.36566,209,4.36566,4.36566
153,135,7999.36,6161.66,8301.99,2,12,4049.76,9825.16,134.669,84.4578,136.381,158.324,85.6651,114.879,2,1.5,1.25,33.8915,36.0474,0.940191,5.76145,5.87534,135.64,151.859,78.4639,20.6719,6.88867,723.331,787.254,135.64,151.859,4,1,0,2,1,7,0,0,0,0
154,140,8442.87,6118.96,8266.14,2,13,3766.82,9786.16,93.0967,72.3004,131.078,146.631,135.622,140.487,1.5,0.25,0.25,94.8431,132.01,0.718456,9.45655,9.51738,43.6307,51.389,91.1855,154.262,44.3379,295.204,316.173,415.108,460.819,3,2,2,0,0,4,8.82264,52.5,8.82264,66.0048
155,140,8442.87,6118.96,8266.14,2,13,3766.82,9779.25,97.9459,82.2931,135.505,143.801,122.741,99.83,2.5,2.75,0.75,93.0164,125.095,0.743564,8.83545,9.11171,103.557,115.027,167.438,117.6,32.3564,8693.1,9976.15,679.819,818.068,74,6,0,0,0,9,0,0,0,0
156,141,8453,6004,8284,2,13,3834.19,9724.93,80.9849,126.294,165.307,168.157,99.8663,58.9491,2,0.5,0.5,22.9534,24.7574,0.927135,8.22286,8.55622,79.536,83.0465,7.03223,36.1279,10.123,872.563,974.378,360.945,376.182,10,6,0,2,0,3,0,0,0,0
157,141,8453,6004,8284,2,13,3834.19,9807.02,91.0863,64.2336,160.375,160.856,92.5327,133.848,0.25,0.25,0.25,89.5528,106.844,0.838164,68.4618,81.1427,63.4674,87.3157,15.835,184,22.6201,68.4618,81.1427,63.4674,87.3157,1,1,5,2,5,1,14.7048,208.2,19.6731,21.3688
158,142,8273.66,6136.64,8300.99,2,13,3882.57,9713.58,135.587,142.787,155.32,125.566,65.359,73.9324,1.75,1.125,0.25,35.2463,35.7366,0.986282,7.74525,7.77361,7.56975,7.84543,24,7.80811,22.0156,1105.16,1213.88,7.56975,7.84543,8,1,2,1,0,1,16.6195,208.5,16.6195,17.8683
159,142,8273.66,6136.64,8300.99,2,13,3882.57,9825.13,33.0306,19.5926,163.856,151.115,130.951,139.198,0.25,0.25,0.25,127.298,147.287,0.864287,4.24903,4.29127,30.7677,33.6688,292.672,77.3916,32.084,282.39,319.517,30.7677,33.6688,2,1,3,1,1,2,24.762,203,44.5706,49.0956
160,143,8165.7,6167.68,8292.99,5,13,3931.46,9775.01,0,0,0,0,0,0,0.25,0,0,66.1779,66.7333,0.991677,0,0,0,0,152.32,56.7041,1.30762,0,0,0,0,0,0,2,0,0,0,33.3666,162,33.3666,33.3666
161,143,8165.7,6167.68,8292.99,2,13,3931.46,9789.05,50.8157,15.8329,147.557,168.997,160.343,173.875,0.25,0.25,0.5,78.7463,80.7814,0.974808,34.7956,43.2449,152.986,166.648,173.376,80.6396,5.00781,501.158,561.445,225.169,247.64,3,2,3,1,3,9,10.1338,162,13.8618,26.9271
162,144,8304.32,5997.31,8296.99,2,13,3935.25,9751.57,63.1478,31.87,150.479,166.542,146.342,159.684,0.5,1.5,0.625,31.8904,33.6494,0.947727,94.9968,167.176,36.8208,43.561,58.624,35.3281,9.00781,340.392,438.559,36.8208,43.561,4,1,4,1,2,4,7.67069,234.75,7.77395,8.41234
163,144,8304.32,5997.31,8296.99,5,13,3935.25,9839.73,0,0,0,0,0,0,0.5,0,0,106.068,121.816,0.870725,0,0,0,0,185.38,48.0479,47.7939,0,0,0,0,0,0,3,0,0,0,15.0729,252,40.6052,40.6052
164,145,8191.87,6027.01,8278.11,2,13,3979.09,9822.67,0,0,0,0,0,0,0.25,0,0,45.1794,49.5496,0.911802,0,0,0,0,76.8643,49.0244,15.1045,0,0,0,0,0,0,3,0,0,0,8.34979,99.3333,12.9305,16.5165
165,145,8191.87,6027.01,8278.11,2,13,3979.09,9938.99,0,0,0,0,0,0,0.375,0,0,140.723,165.871,0.848389,0,0,0,0,151.824,232,46.6396,0,0,0,0,0,0,7,0,0,0,13.7511,151.571,21.9111,23.6959
166,146,7867.01,6127.68,8316.34,2,13,4164.24,9953.02,83.7934,38.9946,120.405,170.566,153.866,150.436,0.5,0.25,0.25,7.87591,8.95541,0.879458,35.6621,36.902,232.762,248.477,16,9.79199,1.32812,491.301,539.493,232.762,248.477,5,1,0,10,2,16,0,0,0,0
167,146,7867.01,6127.68,8316.34,2,13,4164.24,9986.01,116.82,141.379,58.3738,62.0043,168.8,156.514,1.125,1,1.5,36.3947,41.9465,0.867645,105.645,121.247,146.165,175.646,53.5679,23.7437,18.6719,400.638,476.547,146.165,175.646,2,1,2,10,9,8,11.9731,216,11.9731,20.9733
168,150,8075.58,6164.35,8318.9,2,13,4006.96,9776.41,62.1338,39.1462,160.261,158.402,125.45,133.492,1.75,0.75,1.25,8.19815,8.3316,0.983983,30.8882,31.7089,13.1502,13.448,12.9922,2.04785,4,352.516,395.127,209.137,220.551,5,4,0,3,1,2,0,0,0,0
169,150,8075.58,6164.35,8318.9,5,13,4006.96,9806.72,83.1654,101.799,170.501,168.446,106.314,80.1149,1,0.25,1.375,37.5292,38.6435,0.971166,258.022,269.841,40.6375,42.7169,51.6479,35.0078,17.2158,556.715,653.219,40.6375,42.7169,2,1,2,3,4,9,13.7342,224,19.3217,19.3217
170,151,8151,6049,8309,5,13,4010.9,9885.15,110.449,44.3491,169.124,145.389,79.4294,154.076,0.25,1.25,0.25,46.5199,54.7391,0.849847,8.56864,8.60507,94.4435,98.4997,46.9863,87.9761,10.4248,204.382,234.065,94.4435,98.4997,3,1,4,1,2,4,11.1428,237.75,13.6848,13.6848
171,151,8151,6049,8309,2,13,4010.9,9958.62,42.7179,80.8144,146.996,166.849,163.695,112.121,0.25,0.25,0.25,109.778,128.208,0.856255,33.7727,38.6618,107.288,119.506,215,112,27.6104,33.7727,38.6618,107.288,119.506,1,1,7,1,2,5,11.962,276.714,16.981,18.3154
172,152,7989.12,6164.1,8302,2,13,4055.48,9838.65,48.8983,41.1191,158.895,160.223,150.275,119.209,0.25,0.25,1,43.4812,45.17,0.962614,139.301,148.572,178.403,193.733,52.8003,78.208,10,139.301,148.572,178.403,193.733,1,1,2,0,6,9,8.49865,205,8.49865,22.585
173,152,7989.12,6164.1,8302,2,13,4055.48,9979.73,0,0,0,0,0,0,1,0,0,165.524,186.248,0.88873,0,0,0,0,215.36,35.6636,89.0078,0,0,0,0,0,0,7,0,0,0,13.5655,189,20.8031,26.6069
174,153,7920.9,6140.99,8295.1,5,13,4109.33,9831.04,83.2356,74.9468,128.929,126.779,144.26,157.948,1.5,0.375,1.375,5.76145,5.87534,0.980616,13.722,13.996,60.0734,61.3225,13.5679,1.66357,1.10352,141.261,148.118,650.104,708.579,2,2,1,2,1,5,5.87534,205,5.87534,5.87534
175,153,7920.9,6140.99,8295.1,2,13,4109.33,9977.02,0,0,0,0,0,0,1.25,0,0,135.64,151.859,0.893197,0,0,0,0,90.752,158.976,71.9043,0,0,0,0,0,0,7,0,0,0,10.7654,216.286,21.3113,21.6941
176,154,8351.68,5967.36,8302,2,14,3925.67,9795.68,101.73,30.7671,127.93,134.564,128.071,163.363,0.25,1.25,0.25,9.45655,9.51738,0.993609,122.08,157.769,85.6109,88.5137,1.34473,17.9199,2.99219,322.217,375.911,85.6109,88.5137,2,1,0,0,2,4,0,0,0,0
177,154,8351.68,5967.36,8302,5,14,3925.67,9837.55,84.7998,44.4386,171.346,152.14,103.589,162.189,0.25,0.75,0.25,43.6307,51.389,0.849028,112.629,123.586,258.848,285.844,102.336,45.7759,1.32422,112.629,123.586,258.848,285.844,1,1,4,0,9,15,8.55787,239,12.8473,12.8473
178,155,8610.3,6030.34,8298,2,14,3736.35,9788.36,93.9632,48.8341,127.857,94.3083,78.4658,60.7495,2.75,2,0.25,8.83545,9.11171,0.969681,38.8731,41.3385,32.9171,34.0533,4.67188,2.75195,5.55176,8036.46,9219.11,719.594,823.317,66,8,0,0,2,4,0,0,0,0
179,155,8610.3,6030.34,8298,2,14,3736.35,9894.28,94.2132,35.5379,91.8836,147.344,157.307,176.231,0.75,0.625,0.75,103.557,115.027,0.900277,28.0094,35.0889,59.5907,80.7631,70.3037,221.336,10.0059,434.345,552.548,229.517,266.345,4,2,9,0,1,4,8.31214,179.667,12.6186,12.7808
180,156,8460.03,5967.87,8293.9,2,14,3856.06,9733.49,96.5798,135.672,107.562,69.6082,154.368,145.936,0.5,0.25,0.25,8.22286,8.55622,0.961039,45.9022,48.6298,2.48478,2.48478,3.64746,17.2803,1.26465,484.759,504.972,427.968,511.964,6,4,0,5,0,0,0,0,0,0
181,156,8460.03,5967.87,8293.9,2,14,3856.06,9807.98,113.071,119.807,154.711,167.949,91.9945,71.8618,0.5,0.5,0.25,79.536,83.0465,0.957729,3.39195,3.51961,35.512,36.9427,131.712,67.2002,33.459,166.209,171.657,154.103,161.941,3,3,3,5,0,1,23.2806,250.667,23.2806,27.6822
182,157,8460,5820,8303,5,14,3946.66,9888.16,0,0,0,0,0,0,0.25,0,0,68.4618,81.1427,0.843721,0,0,0,0,35.6797,119.008,25.1504,0,0,0,0,0,0,5,0,0,0,9.71306,203,16.2285,16.2285
183,157,8460,5820,8303,2,14,3946.66,9894.33,0,0,0,0,0,0,0.25,0,0,63.4674,87.3157,0.726873,0,0,0,0,101.634,89.0664,16.1719,0,0,0,0,0,0,1,0,0,0,21.15,242,21.15,87.3157
184,158,8249.66,6142.34,8323.01,2,14,3907.55,9721.35,90.729,111.307,166.936,148.505,100.527,96.3068,1.125,0.25,0.25,7.74525,7.77361,0.996352,59.5552,63.0551,336.582,342.874,5.69629,6.97607,4.32031,820.384,926.291,336.582,342.874,7,1,0,3,2,8,0,0,0,0
185,158,8249.66,6142.34,8323.01,5,14,3907.55,9721.42,0,0,0,0,0,0,0.25,0,0,7.56975,7.84543,0.964862,0,0,0,0,11.3281,10.688,2.99219,0,0,0,0,0,0,1,0,0,0,7.84543,204,7.84543,7.84543
186,159,7980.99,6158.98,8332.01,5,14,4080.1,9829.42,39.8061,4.9371,152.231,172.34,167.247,177.277,0.25,0.25,0.5,4.24903,4.29127,0.990156,107.655,114.336,170.486,200.89,9.66406,4.28809,0.183594,107.655,114.336,170.486,200.89,1,1,1,2,4,15,4.29127,216,4.29127,4.29127
187,159,7980.99,6158.98,8332.01,5,14,4080.1,9858.79,0,0,0,0,0,0,0.25,0,0,30.7677,33.6688,0.913833,0,0,0,0,41.0244,30.7202,13.9922,0,0,0,0,0,0,2,0,0,0,15.287,216,16.8344,16.8344
188,161,7992.32,6248.32,8296.99,2,14,4010.02,9832.3,9.85756,11.2562,149.643,165.01,156.393,167.184,0.25,0.25,0.25,34.7956,43.2449,0.804617,31.9697,37.6803,119.203,142.462,83.3198,22.1699,3.52441,379.129,413.418,119.203,142.462,2,1,3,4,1,8,14.1968,152.667,14.1968,14.415
189,161,7992.32,6248.32,8296.99,2,14,4010.02,9955.7,90.4239,92.4455,108.462,83.0859,156.532,173.666,0.5,0.75,0.5,152.986,166.648,0.918022,25.5856,30.6402,46.5972,50.3518,303.32,169.68,34.833,25.5856,30.6402,46.5972,50.3518,1,1,9,4,3,5,9.233,101.222,17.6534,18.5164
190,162,8245.7,6032.64,8306,5,14,3957.73,9795.13,0,0,0,0,0,0,0.625,0,0,36.8208,43.561,0.845269,0,0,0,0,39.6807,27.3276,21.0078,0,0,0,0,0,0,2,0,0,0,20.1903,263.5,21.7805,21.7805
191,162,8245.7,6032.64,8306,2,14,3957.73,9918.74,76.0287,44.7913,146.792,154.354,108.159,151.794,1.5,0.25,0.75,94.9968,167.176,0.568243,67.1172,83.9161,340.757,419.511,161.762,162.182,26.9688,190.172,214.46,463.097,560.35,2,2,4,3,3,6,11.2829,211,33.878,41.7941
192,166,7851.01,6118.02,8315.01,5,14,4179.21,9989.92,39.2739,79.1857,130.691,118.112,168.426,162.548,0.25,0.625,1,35.6621,36.902,0.9664,33.8202,34.8736,46.299,58.7337,78.0156,31.04,7.00781,443.16,478.731,46.299,58.7337,4,1,2,2,4,4,12.0165,194,18.451,18.451
193,166,7851.01,6118.02,8315.01,5,14,4179.21,10201.5,0,0,0,0,0,0,0.25,0,0,232.762,248.477,0.936755,0,0,0,0,261.936,458.56,9.48047,0,0,0,0,0,0,16,0,0,0,12.1194,104.25,15.5298,15.5298
194,167,7813.44,6138.11,8297.66,2,14,4186.22,10107.3,78.3045,17.993,159.845,174.463,121.82,157.569,1,0.75,0.5,105.645,121.247,0.871321,159.19,187.921,135.803,167.379,80.0508,222.112,9.37207,159.19,187.921,135.803,167.379,1,1,9,0,9,8,7.06216,165.222,11.0436,13.4719
195,167,7813.44,6138.11,8297.66,2,14,4186.22,10161.7,0,0,0,0,0,0,1.5,0,0,146.165,175.646,0.832155,0,0,0,0,237.44,158.912,54.0244,0,0,0,0,0,0,8,0,0,0,10.3654,100.25,21.6433,21.9558
196,168,8062.59,6162.3,8322.9,5,14,4018.84,9789.86,48.923,67.1388,127.983,127.943,173.608,151.328,1.25,2,1.625,13.1502,13.448,0.977859,14.9348,15.6859,97.7836,102.867,10.4961,16.3203,6.43164,170.856,181.91,137.85,143.746,2,2,1,2,1,5,13.3236,216,13.448,13.448
197,168,8062.59,6162.3,8322.9,2,14,4018.84,9808.12,60.0786,55.5365,151.176,167.696,148.746,136.474,0.75,1,0.25,30.8882,31.7089,0.974115,28.8218,30.11,94.2986,96.0052,71.168,29.7603,0.703125,256.151,297.523,94.2986,96.0052,4,1,2,2,3,5,5.06037,226.5,9.47475,15.8545
198,169,8127.23,6129.34,8336.11,5,14,4000.3,9849.44,0,0,0,0,0,0,1.375,0,0,40.6375,42.7169,0.951321,0,0,0,0,37.248,27.3281,22.8955,0,0,0,0,0,0,4,0,0,0,8.70839,210,15.1054,10.6792
199,169,8127.23,6129.34,8336.11,5,14,4000.3,10076.6,71.3345,45.1534,92.0596,117.219,161.726,149.291,0.25,0.25,0.25,258.022,269.841,0.956202,10.6059,11.3018,288.087,372.076,451.457,354.688,45.8877,10.6059,11.3018,288.087,372.076,1,1,9,4,1,18,22.5113,183,31.9495,29.9823
200,170,8197.31,5961.02,8299.34,5,14,4022.95,9893.76,160.312,149.525,140.126,154.878,58.3203,51.5177,1.25,0.375,0.75,8.56864,8.60507,0.995767,32.5465,34.6988,28.4555,29.3272,1.34375,13.376,4.00781,199.905,230.832,28.4555,29.3272,2,1,2,7,3,3,8.60507,204,11.8579,4.30253
201,170,8197.31,5961.02,8299.34,2,14,4022.95,9983.65,0,0,0,0,0,0,0.25,0,0,94.4435,98.4997,0.95882,0,0,0,0,47.6641,124.656,46.6641,0,0,0,0,0,0,4,0,0,0,13.5989,237.5,25.05,24.6249
202,171,8366,5937,8336,5,14,3953.45,9997.28,0,0,0,0,0,0,0.25,0,0,33.7727,38.6618,0.873541,0,0,0,0,72.7812,18.583,10.1543,0,0,0,0,0,0,2,0,0,0,8.61065,256,19.3309,19.3309
203,171,8366,5937,8336,2,14,3953.45,10078.1,0,0,0,0,0,0,0.25,0,0,107.288,119.506,0.897762,0,0,0,0,44.6084,188.008,43.0078,0,0,0,0,0,0,5,0,0,0,12.5782,250.6,23.3554,23.9013
204,172,7936.32,6242.3,8312,2,14,4059.55,9987.22,0,0,0,0,0,0,0.25,0,0,139.301,148.572,0.937604,0,0,0,0,239.296,174.72,40.9922,0,0,0,0,0,0,6,0,0,0,12.6939,127.333,21.4474,24.762
205,172,7936.32,6242.3,8312,2,14,4059.55,10032.4,0,0,0,0,0,0,1,0,0,178.403,193.733,0.920874,0,0,0,0,321.344,46.978,75.0078,0,0,0,0,0,0,9,0,0,0,14.1005,138.222,18.6838,21.5258
206,174,7907.33,6142.66,8294,2,14,4117.2,9845.03,78.4674,34.5933,128.804,164.793,151.891,151.4,0.375,1.5,0.25,13.722,13.996,0.980423,36.6549,39.8121,90.8841,94.3102,15.6802,27.0083,1.00781,36.6549,39.8121,90.8841,94.3102,1,1,1,7,2,5,5.87534,205,5.87534,13.996
207,174,7907.33,6142.66,8294,2,14,4117.2,9892.36,29.2686,85.9447,116.533,118.499,141.463,155.535,1.375,0.5,0.75,60.0734,61.3225,0.979631,223.116,234.753,366.914,412.503,142.016,38.0156,6.43555,223.116,234.753,366.914,412.503,1,1,5,7,12,22,9.092,190.8,11.9003,12.2645
208,176,8352.58,5949.44,8304.99,2,15,3936.81,9884.19,0,0,0,0,0,0,0.25,0,0,85.6109,88.5137,0.967205,0,0,0,0,35.5996,126.464,40,0,0,0,0,0,0,2,0,0,0,22.2942,250.5,39.0903,44.2568
209,176,8352.58,5949.44,8304.99,2,15,3936.81,9953.45,90.0269,58.5747,119.223,153.275,144.203,148.136,1.25,0.25,0.25,122.08,157.769,0.773787,10.0837,11.9908,190.053,206.151,161.576,171.451,44.0078,10.0837,11.9908,190.053,206.151,1,1,4,4,1,8,21.4325,192.5,38.9847,39.4422
210,177,8249.34,5928.64,8303.01,5,15,4010.3,9961.14,0,0,0,0,0,0,0.75,0,0,112.629,123.586,0.911342,0,0,0,0,174.336,197.632,5.54785,0,0,0,0,0,0,9,0,0,0,10.0509,134.778,14.3489,13.7318
211,177,8249.34,5928.64,8303.01,5,15,4010.3,10123.4,0,0,0,0,0,0,0.25,0,0,258.848,285.844,0.905556,0,0,0,0,542.044,83.104,81.7871,0,0,0,0,0,0,15,0,0,0,14.71,125.933,19.4265,19.0563
212,178,8614.98,6027.58,8303.55,2,15,3738.59,9822.41,32.9724,53.8901,171.84,175.903,154.601,127.874,0.25,0.25,0.25,32.9171,34.0533,0.966633,22.6539,23.3493,5.03052,6.26147,71.1035,6.3999,11.3447,704.3,806.351,5.03052,6.26147,7,1,2,9,0,1,4.88028,141,15.7636,17.0267
213,178,8614.98,6027.58,8303.55,5,15,3738.59,9829.7,113.501,111.82,170.232,177.645,69.1931,68.2496,2,1.5,0.25,38.8731,41.3385,0.940362,14.1346,14.7913,5.08627,5.30521,41.5352,46.9121,18.5605,7775.23,8929.41,241.576,268.454,64,2,4,9,1,2,8.91566,141.75,10.3346,10.3346
214,179,8540,5809,8291,2,15,3900.93,9929.37,124.627,156.462,107.094,74.4633,125.81,129.074,0.625,0.25,0.5,28.0094,35.0889,0.79824,81.8838,105.35,164.405,189.314,6.94824,34,15,323.814,433.495,164.405,189.314,3,1,1,0,3,6,22.2041,209,22.2041,35.0889
215,179,8540,5809,8291,5,15,3900.93,9975.04,113.245,94.7284,104.537,80.2731,142.072,167.514,0.75,0.5,0.25,59.5907,80.7631,0.737845,12.8349,13.3866,157.092,172.195,38.2686,120.36,12.1035,12.8349,13.3866,157.092,172.195,1,1,4,0,1,7,14.3011,153.25,20.1908,20.1908
216,180,8463.68,5950.59,8294.9,2,15,3864.29,9735.97,136.897,99.4326,84.8596,74.8571,130.348,163.521,0.25,0.5,0.25,2.48478,2.48478,1,40.0701,44.2058,100.322,157.449,2.87988,2.94385,1.10352,365.232,396.236,100.322,157.449,3,1,0,3,2,3,0,0,0,0
217,180,8463.68,5950.59,8294.9,2,15,3864.29,9782.12,81.0761,23.6994,165.971,166.914,111.88,148.589,0.25,0.625,0.25,45.9022,48.6298,0.94391,20.2764,20.8616,66.4265,70.4714,89.0234,21.3916,18.0957,392.707,406.733,66.4265,70.4714,5,1,0,3,2,3,0,0,0,0
218,181,8328.32,6033.34,8327.01,2,15,3918.16,9811.5,60.0199,51.8808,145.242,154.279,154.737,153.511,0.5,0.25,0.25,3.39195,3.51961,0.963731,37.0668,38.5981,70.602,72.7646,5.63184,4.35156,0.992188,129.282,133.97,70.602,72.7646,2,1,0,5,2,6,0,0,0,0
219,181,8328.32,6033.34,8327.01,2,15,3918.16,9844.92,96.6424,78.8827,167.162,173.12,94.2871,94.515,0.25,0.25,0.75,35.512,36.9427,0.961274,14.4982,14.6272,52.381,54.034,15.9043,76.2241,4.99219,80.7085,85.5918,52.381,54.034,2,1,1,5,0,2,17.9587,283,17.9587,36.9427
220,184,8243.97,6135.36,8327.33,5,15,3917.24,9784.4,100.205,89.6934,158.449,160.632,101.338,108.946,0.25,0.25,0.25,59.5552,63.0551,0.944495,30.4121,32.5885,99.989,106.853,117.952,50.3677,18.6719,620.872,713.235,270.358,289.443,4,3,2,1,1,6,7.29125,236,31.5276,31.5275
221,184,8243.97,6135.36,8327.33,2,15,3917.24,10064.2,0,0,0,0,0,0,0.25,0,0,336.582,342.874,0.98165,0,0,0,0,533.057,530.368,37.6641,0,0,0,0,0,0,8,0,0,0,21.3031,125.5,42.5251,42.8592
222,186,7971.33,6154.69,8332,5,15,4088.69,9943.75,0,0,0,0,0,0,0.25,0,0,107.655,114.336,0.941572,0,0,0,0,219.328,133.264,11.9082,0,0,0,0,0,0,4,0,0,0,10.0011,180,29.6568,28.584
223,186,7971.33,6154.69,8332,5,15,4088.69,10030.3,0,0,0,0,0,0,0.5,0,0,170.486,200.89,0.848654,0,0,0,0,368.32,183.68,26.1475,0,0,0,0,0,0,15,0,0,0,7.77425,174.733,13.6787,13.3927
224,188,7909,6269,8299,2,15,4058.82,9869.98,13.9131,44.6555,169.304,132.548,170.239,177.031,0.25,0.625,0.5,31.9697,37.6803,0.848448,91.2776,100.505,255.882,275.233,67,37,3.16504,91.2776,100.505,255.882,275.233,1,1,1,9,8,20,22.8997,137,22.8997,37.6803
225,188,7909,6269,8299,5,15,4058.82,9974.76,0,0,0,0,0,0,0.25,0,0,119.203,142.462,0.836735,0,0,0,0,214.024,87.2222,45.9922,0,0,0,0,0,0,8,0,0,0,11.4742,101.75,17.8078,17.8078
226,189,7689,6418,8331,5,15,4167.71,9986.34,0,0,0,0,0,0,0.75,0,0,25.5856,30.6402,0.835033,0,0,0,0,21.1919,50.0249,8.12109,0,0,0,0,0,0,3,0,0,0,10.2134,68,10.2134,10.2134
227,189,7689,6418,8331,5,15,4167.71,10006.1,0,0,0,0,0,0,0.5,0,0,46.5972,50.3518,0.925432,0,0,0,0,103.016,49.0078,2.39355,0,0,0,0,0,0,5,0,0,0,6.58971,39.2,10.0704,10.0704
228,191,8084,6183,8310,2,15,3987.17,10002.7,47.3782,48.9432,157.78,138.895,154.168,172.089,0.25,0.25,0.25,67.1172,83.9161,0.799813,32.9828,35.794,90.0715,94.7498,50,63.5049,38,32.9828,35.794,90.0715,94.7498,1,1,3,2,3,3,22.4221,186.667,22.4221,27.972
229,191,8084,6183,8310,2,15,3987.17,10338.3,110.451,36.8387,91.9973,136.119,146.687,172.917,0.75,1.5,0.75,340.757,419.511,0.812271,52.2406,58.0115,70.0999,82.8275,802,255.936,47.6943,52.2406,58.0115,70.0999,82.8275,1,1,6,2,2,8,66.0593,169,68.5144,69.9185
230,192,7772.99,6086.98,8308,5,15,4244.54,10024.8,112.355,115.202,170.462,153.557,58.7335,77.6396,0.625,1.5,0.25,33.8202,34.8736,0.969793,25.8626,28.3336,7.39885,8.18787,57.792,49.2158,6,427.804,464.003,7.39885,8.18787,3,1,4,16,2,3,6.97778,175.25,13.0317,8.7184
231,192,7772.99,6086.98,8308,5,15,4244.54,10048.7,0,0,0,0,0,0,1,0,0,46.299,58.7337,0.788286,0,0,0,0,83.29,64.9419,11.1953,0,0,0,0,0,0,4,0,0,0,14.1962,161.75,18.9967,14.6834
232,194,7892,5916,8290,2,15,4240.25,10295.2,0,0,0,0,0,0,0.75,0,0,159.19,187.921,0.847114,0,0,0,0,146.016,314.016,19.9844,0,0,0,0,0,0,9,0,0,0,10.5193,55,18.7512,20.8801
233,194,7892,5916,8290,2,15,4240.25,10274.6,0,0,0,0,0,0,0.5,0,0,135.803,167.379,0.811348,0,0,0,0,197.408,216.032,34.9502,0,0,0,0,0,0,8,0,0,0,9.55032,101.75,14.5833,20.9224
234,196,8052.35,6145.98,8329.33,2,15,4037.31,9805.54,89.1386,38.6439,123.284,135.081,147.458,173.719,2,1.5,1.75,14.9348,15.6859,0.952113,30.6,32.2169,125.321,134.008,6.01611,10.624,9.00781,30.6,32.2169,125.321,134.008,1,1,1,2,2,2,13.3236,216,13.448,15.6859
235,196,8052.35,6145.98,8329.33,5,15,4037.31,9892.72,94.7391,84.0036,145.549,113.252,111.016,160.186,1.625,0.75,1.75,97.7836,102.867,0.950578,10.0265,10.1215,30.0397,30.7567,81.4722,46.208,57.3438,10.0265,10.1215,30.0397,30.7567,1,1,5,2,2,2,12.3675,175.4,23.2631,20.5735
236,197,7991.42,6132.54,8323.01,5,15,4081.05,9838.23,55.4952,55.139,159.673,128.519,144.664,175.767,1,0.75,0.875,28.8218,30.11,0.957218,78.6151,85.18,74.0665,75.5462,56.96,39.6802,2.32031,231.878,277.047,74.0665,75.5462,3,1,3,4,5,7,8.66604,244,10.0367,10.0367
237,197,7991.42,6132.54,8323.01,2,15,4081.05,9904.12,0,0,0,0,0,0,0.25,0,0,94.2986,96.0052,0.982223,0,0,0,0,207.424,78.4639,14.0244,0,0,0,0,0,0,5,0,0,0,11.6995,198.6,18.6851,19.201
238,199,8578.69,5774.66,8382,2,15,3952.86,10087.9,0,0,0,0,0,0,0.25,0,0,10.6059,11.3018,0.938428,0,0,0,0,4.28711,4.67188,6.99219,0,0,0,0,0,0,1,0,0,0,11.3018,81,15.8758,11.3018
239,199,8578.69,5774.66,8382,5,15,3952.86,10448.6,0,0,0,0,0,0,0.25,0,0,288.087,372.076,0.774268,0,0,0,0,529.952,240.096,115.344,0,0,0,0,0,0,18,0,0,0,12.133,47.5,21.5529,20.6709
240,200,8195.97,5947.65,8295.33,5,15,4028.85,9923.08,0,0,0,0,0,0,0.75,0,0,28.4555,29.3272,0.970279,0,0,0,0,16.5117,30.3359,15.3281,0,0,0,0,0,0,3,0,0,0,12.6441,159,12.6441,9.77572
241,200,8195.97,5947.65,8295.33,5,15,4028.85,9928.45,40.2729,119.138,176.545,37.1731,141.681,151.386,0.375,0.75,0.25,32.5465,34.6988,0.937971,68.5492,92.3646,98.809,103.768,20.0322,66.3037,6.33594,68.5492,92.3646,98.809,103.768,1,1,3,4,2,8,8.26962,171.333,14.4346,11.5663
242,206,7891.65,6169.66,8295.01,2,15,4115.47,9884.84,0,0,0,0,0,0,1.5,0,0,36.6549,39.8121,0.920697,0,0,0,0,29.6318,60.3521,14.6074,0,0,0,0,0,0,2,0,0,0,4.13624,176.5,18.5421,19.906
243,206,7891.65,6169.66,8295.01,5,15,4115.47,9939.34,0,0,0,0,0,0,0.25,0,0,90.8841,94.3102,0.963672,0,0,0,0,176.64,110.336,17.8838,0,0,0,0,0,0,5,0,0,0,16.3674,157,18.862,18.862
244,207,7765.31,6104.64,8288,5,15,4230.8,10127.1,0,0,0,0,0,0,0.5,0,0,223.116,234.753,0.950431,0,0,0,0,113.244,458.46,39.875,0,0,0,0,0,0,12,0,0,0,10.662,94.3333,19.5627,19.5627
245,207,7765.31,6104.64,8288,2,15,4230.8,10304.9,0,0,0,0,0,0,0.75,0,0,366.914,412.503,0.889482,0,0,0,0,835.328,168.048,61.0889,0,0,0,0,0,0,22,0,0,0,11.9603,51.6818,18.6258,18.7502
246,209,8191,5778,8349,5,16,4156.21,9965.44,0,0,0,0,0,0,0.25,0,0,10.0837,11.9908,0.840952,0,0,0,0,7.1167,21.1641,1.21973,0,0,0,0,0,0,1,0,0,0,11.9908,113,11.9908,11.9908
247,209,8191,5778,8349,2,16,4156.21,10159.6,0,0,0,0,0,0,0.25,0,0,190.053,206.151,0.921914,0,0,0,0,261.976,70.001,96.4609,0,0,0,0,0,0,8,0,0,0,14.3171,31,24.8595,25.7689
248,212,8543.87,6028.99,8314.9,2,16,3785.18,9828.68,0,0,0,0,0,0,0.25,0,0,5.03052,6.26147,0.803409,0,0,0,0,6.84766,9.02393,1.08789,0,0,0,0,0,0,0,0,0,0,0,0,0,0
249,212,8543.87,6028.99,8314.9,5,16,3785.18,9845.76,140.096,165.308,163.478,176.117,54.9681,10.8651,0.25,0.625,0.25,22.6539,23.3493,0.970218,38.1352,40.3656,17.3105,19.7416,53.8877,3.00781,5.21582,702.471,803.626,17.3105,19.7416,6,1,1,4,2,5,6.85904,189,23.3493,23.3493
250,213,8573.44,5980.67,8322.11,2,16,3799.84,9835,83.7961,84.2499,91.3855,76.9738,168.96,159.282,0.25,0.25,0.25,5.08627,5.30521,0.958731,62.5456,66.3054,173.944,196.844,11.584,3.58398,0.991211,62.5456,66.3054,173.944,196.844,1,1,1,1,2,4,7.77341,165,7.77341,5.30521
251,213,8573.44,5980.67,8322.11,2,16,3799.84,9844.49,162.444,139.642,127.985,156.491,60.4989,63.0221,1.5,1.75,0.25,14.1346,14.7913,0.955601,22.6215,24.0887,126.398,143.617,16.1924,18.5601,6.22363,7657.32,8795.09,126.398,143.617,63,1,2,1,2,1,10.0392,178.5,10.0392,7.39565
252,214,8542,5775,8306,2,16,3928.83,10034.7,74.4984,85.7431,99.5182,110.839,162.977,143.187,0.25,1.75,1.5,81.8838,105.35,0.777256,2.06832,2.10953,50.8459,98.024,192,50.3159,8.55762,193.153,232.231,50.8459,98.024,2,1,3,4,0,4,9.21779,250,22.238,35.1166
253,214,8542,5775,8306,2,16,3928.83,10118.7,0,0,0,0,0,0,0.5,0,0,164.405,189.314,0.868424,0,0,0,0,279.155,202.008,49.4326,0,0,0,0,0,0,6,0,0,0,10.402,149,31.152,31.5523
254,215,8502.46,5688.64,8278.9,2,16,3988.26,9988.43,0,0,0,0,0,0,0.5,0,0,12.8349,13.3866,0.958783,0,0,0,0,25.4717,13.376,2.89648,0,0,0,0,0,0,1,0,0,0,13.3866,130,20.5127,13.3866
255,215,8502.46,5688.64,8278.9,5,16,3988.26,10147.2,0,0,0,0,0,0,0.25,0,0,157.092,172.195,0.91229,0,0,0,0,131.456,302.656,36,0,0,0,0,0,0,7,0,0,0,24.5553,70,27.5297,24.5993
256,216,8466.56,5947.65,8296,2,16,3864.91,9780.18,115.2,105.157,94.9038,169.274,148.278,85.5385,0.5,1.5,0.25,40.0701,44.2058,0.906445,15.5789,18.8412,224.177,246.014,13.0566,37.1841,24.2236,116.563,124.857,224.177,246.014,2,1,2,0,1,7,14.887,226,20.883,22.1029
257,216,8466.56,5947.65,8296,2,16,3864.91,9893.42,0,0,0,0,0,0,0.25,0,0,100.322,157.449,0.63717,0,0,0,0,62.3682,163.609,59.0078,0,0,0,0,0,0,3,0,0,0,9.39193,221.333,49.146,52.483
258,217,8374.66,5965.7,8312.99,5,16,3919.04,9802.98,98.8303,83.6675,154.739,148.112,100.853,127.477,0.625,0.25,0.5,20.2764,20.8616,0.971949,3.84228,3.84757,22.3434,23.0676,40.3203,16.6401,6.01562,353.929,366.651,22.3434,23.0676,4,1,2,0,1,3,10.2159,281.5,10.4308,10.4308
259,217,8374.66,5965.7,8312.99,5,16,3919.04,9852.59,0,0,0,0,0,0,0.25,0,0,66.4265,70.4714,0.942602,0,0,0,0,62.1768,50.9922,37.5078,0,0,0,0,0,0,3,0,0,0,20.6945,276.333,23.4905,23.4905
260,218,8322.69,6037.7,8328,2,16,3919.84,9850.09,96.1424,96.4587,85.7904,77.4602,174.56,170.782,0.25,0.5,0.25,37.0668,38.5981,0.960326,24.3107,25.2812,67.9045,70.0912,33.4727,67.6484,10.8965,24.3107,25.2812,67.9045,70.0912,1,1,2,1,2,2,8.03263,253,9.94812,19.2991
261,218,8322.69,6037.7,8328,5,16,3919.84,9884.26,0,0,0,0,0,0,0.25,0,0,70.602,72.7646,0.970279,0,0,0,0,134.656,26.3042,28,0,0,0,0,0,0,6,0,0,0,8.98243,254,12.1274,12.1274
262,219,8319.1,5957.12,8332,2,16,3968.22,9859.55,26.1841,32.3367,156.537,154.664,171.346,172.985,0.25,0.25,0.25,14.4982,14.6272,0.99118,18.1048,22.4532,48.1055,48.5115,0.767578,31.04,2,18.1048,22.4532,48.1055,48.5115,1,1,0,2,1,1,0,0,0,0
263,219,8319.1,5957.12,8332,2,16,3968.22,9898.95,0,0,0,0,0,0,0.75,0,0,52.381,54.034,0.969408,0,0,0,0,86.9121,17.4399,26,0,0,0,0,0,0,2,0,0,0,9.8118,230.5,25.7988,27.017
264,220,8126.02,6084.99,8346,2,16,4029.23,9816.99,81.2419,50.0654,140.496,149.504,137.747,159.128,0.25,1.25,0.625,30.4121,32.5885,0.933215,31.7741,34.5088,223.767,258.851,75.584,8.57617,1.71191,398.466,456.304,223.767,258.851,3,1,1,8,2,9,7.29125,235,7.29125,32.5885
265,220,8126.02,6084.99,8346,2,16,4029.23,9891.26,83.1606,95.3063,153.114,167.986,121.534,91.6252,0.25,0.25,0.25,99.989,106.853,0.935762,107.576,114.411,149.46,159.222,19.9517,185.992,33,128.485,137.778,149.46,159.222,2,1,6,8,7,4,8.89442,206.667,15.6018,17.8089
266,224,7842,6306,8302,2,16,4090.49,9970.49,0,0,0,0,0,0,0.625,0,0,91.2776,100.505,0.908186,0,0,0,0,208.016,70.7974,12.082,0,0,0,0,0,0,8,0,0,0,6.12474,142.75,12.3911,12.5632
267,224,7842,6306,8302,5,16,4090.49,10145.2,0,0,0,0,0,0,0.5,0,0,255.882,275.233,0.929693,0,0,0,0,560.016,273.968,16.2227,0,0,0,0,0,0,20,0,0,0,9.21941,55.8,13.7616,13.7616
268,228,8034,6246,8348,5,16,4011.65,10038.5,0,0,0,0,0,0,0.25,0,0,32.9828,35.794,0.921461,0,0,0,0,9.49609,72.8818,3.40527,0,0,0,0,0,0,3,0,0,0,11.9313,130,11.9313,11.9313
269,228,8034,6246,8348,5,16,4011.65,10097.4,0,0,0,0,0,0,0.25,0,0,90.0715,94.7498,0.950625,0,0,0,0,69.0078,66.0049,52.9922,0,0,0,0,0,0,3,0,0,0,31.5833,92.3333,31.5833,31.5833
270,229,7282,6396,8281,2,16,4456.6,10396.3,0,0,0,0,0,0,1.5,0,0,52.2406,58.0115,0.900521,0,0,0,0,58.4751,26.0161,29,0,0,0,0,0,0,2,0,0,0,16.0162,35.5,16.0162,29.0058
271,229,7282,6396,8281,2,16,4456.6,10421.1,0,0,0,0,0,0,0.75,0,0,70.0999,82.8275,0.846336,0,0,0,0,158.032,23.9678,15.8604,0,0,0,0,0,0,8,0,0,0,6.44245,31,9.47623,10.3534
272,230,7715.2,6136.19,8302,5,16,4258.38,10033,0,0,0,0,0,0,0.25,0,0,7.39885,8.18787,0.903636,0,0,0,0,10.8159,7.80811,2.99219,0,0,0,0,0,0,2,0,0,0,6.72583,171.5,6.72583,4.09393
273,230,7715.2,6136.19,8302,2,16,4258.38,10053.1,132.58,77.1741,125.318,131.591,101.616,149.29,1.5,1.75,0.25,25.8626,28.3336,0.912788,38.8025,39.383,269.724,291.449,32.1924,11.7759,13.8877,171.019,183.604,269.724,291.449,2,1,3,4,2,18,6.81222,157.667,7.03561,9.44453
274,234,8057.02,6135.36,8338.34,2,16,4044.56,9837.76,0,0,0,0,0,0,1.5,0,0,30.6,32.2169,0.949811,0,0,0,0,6.01611,13.5039,19.6641,0,0,0,0,0,0,2,0,0,0,7.50724,204,12.4504,16.1085
275,234,8057.02,6135.36,8338.34,2,16,4044.56,9939.55,0,0,0,0,0,0,1.75,0,0,125.321,134.008,0.935176,0,0,0,0,44.1602,79.3599,77.6641,0,0,0,0,0,0,2,0,0,0,19.7516,71.5,62.0956,67.0038
276,235,7970.88,6099.78,8386.67,5,16,4146.42,9902.85,0,0,0,0,0,0,0.75,0,0,10.0265,10.1215,0.990619,0,0,0,0,3.13623,15.8081,4.33594,0,0,0,0,0,0,2,0,0,0,10.1215,81,24.9448,5.06074
277,235,7970.88,6099.78,8386.67,2,16,4146.42,9923.48,0,0,0,0,0,0,1.75,0,0,30.0397,30.7567,0.976689,0,0,0,0,22.8477,4.80029,18.3203,0,0,0,0,0,0,2,0,0,0,6.34325,63.5,33.9799,15.3783
278,236,7934.46,6092.86,8325.33,2,16,4140.27,9923.41,90.6544,60.9479,151.407,169.806,110.102,128.945,0.75,0.25,1,78.6151,85.18,0.922929,254.926,272.037,40.997,52.599,182.464,54.9634,5.42383,367.192,411.304,40.997,52.599,2,1,5,5,5,18,11.796,214.2,17.5451,17.036
279,236,7934.46,6092.86,8325.33,5,16,4140.27,9913.77,0,0,0,0,0,0,0.875,0,0,74.0665,75.5462,0.980413,0,0,0,0,132.48,104.896,12.6719,0,0,0,0,0,0,7,0,0,0,10.1114,206.714,12.2609,10.7923
280,241,8216,5881.34,8289.66,2,16,4049.84,10020.8,0,0,0,0,0,0,0.75,0,0,68.5492,92.3646,0.742159,0,0,0,0,15.1367,103.505,36.9512,0,0,0,0,0,0,2,0,0,0,13.9523,143,13.9523,46.1823
281,241,8216,5881.34,8289.66,5,16,4049.84,10032.2,0,0,0,0,0,0,0.25,0,0,98.809,103.768,0.952206,0,0,0,0,148.992,146.368,24,0,0,0,0,0,0,8,0,0,0,9.12541,130.5,13.9838,12.9711
282,249,8489.98,6028.1,8320.11,5,17,3820.11,9865.51,0,0,0,0,0,0,0.25,0,0,17.3105,19.7416,0.876853,0,0,0,0,41.9834,7.104,2.97656,0,0,0,0,0,0,2,0,0,0,13.3003,179.5,21.5454,9.87081
283,249,8489.98,6028.1,8320.11,5,17,3820.11,9886.13,67.5949,80.9084,143.962,178.114,147.467,97.3087,0.625,0.25,1.25,38.1352,40.3656,0.944743,68.2463,69.5669,28.7716,34.131,86.3359,15.168,10.8955,703.81,798.696,28.7716,34.131,5,1,5,1,4,3,7.1226,217.2,12.743,8.07313
284,250,8585.02,5977.09,8323.1,2,17,3795.92,9901.31,0,0,0,0,0,0,0.25,0,0,62.5456,66.3054,0.943295,0,0,0,0,12.8799,95.936,31.9043,0,0,0,0,0,0,2,0,0,0,14.3348,133,21.5029,33.1527
285,250,8585.02,5977.09,8323.1,2,17,3795.92,10031.8,0,0,0,0,0,0,0.25,0,0,173.944,196.844,0.883665,0,0,0,0,462.976,40.5601,25.4365,0,0,0,0,0,0,4,0,0,0,28.3242,46.25,47.5191,49.2109
286,251,8557.25,5962.11,8328.34,2,17,3823.32,9868.58,39.0552,45.384,155.862,147.715,151.563,166.689,1.75,0.25,1.375,22.6215,24.0887,0.939091,52.8912,54.2707,8.04526,8.06589,38.5918,19.0083,9.66406,6542.2,7492.79,1153.43,1340.55,57,6,2,3,1,3,10.7721,211.5,10.7721,12.0443
287,251,8557.25,5962.11,8328.34,2,17,3823.32,9988.11,0,0,0,0,0,0,0.25,0,0,126.398,143.617,0.880106,0,0,0,0,299.776,72.3037,29.1406,0,0,0,0,0,0,1,0,0,0,53.2267,88,90.3903,143.617
288,252,8350,5825,8313,2,17,4013.58,10036.8,73.8463,29.8628,102.807,108.46,132.567,137.648,1.75,1,1,2.06832,2.10953,0.980463,88.4256,122.627,102.659,107.495,0.55957,0.0878906,1.33594,88.4256,122.627,102.659,107.495,1,1,0,6,4,5,0,0,0,0
289,252,8350,5825,8313,2,17,4013.58,10132.7,0,0,0,0,0,0,1.5,0,0,50.8459,98.024,0.518709,0,0,0,0,57.0078,67.9922,28.4512,0,0,0,0,0,0,4,0,0,0,7.67827,250.75,11.0012,24.506
290,256,8476.35,5982.91,8320.22,2,17,3853.36,9799.02,43.6708,25.7361,118.874,168.459,162.519,165.801,1.5,0.625,0.25,15.5789,18.8412,0.826853,20.7669,21.3228,80.2176,84.6932,8.25586,18.752,9.55273,20.7669,21.3228,80.2176,84.6932,1,1,1,3,1,3,9.22802,223,9.22802,18.8412
291,256,8476.35,5982.91,8320.22,2,17,3853.36,10026.2,0,0,0,0,0,0,0.25,0,0,224.177,246.014,0.911238,0,0,0,0,104.144,113.792,145.349,0,0,0,0,0,0,7,0,0,0,21.5603,172.714,31.3828,35.1448
292,258,8334.34,5982.34,8319.01,2,17,3937.65,9806.82,88.3182,120.36,135.761,92.2988,135.625,132.433,0.25,0.25,0.25,3.84228,3.84757,0.998626,36.3852,40.6767,219.184,228.326,3.45605,4.67188,1.88867,167.288,175.155,219.184,228.326,3,1,1,3,1,5,10.2159,284,10.2159,3.84757
293,258,8334.34,5982.34,8319.01,5,17,3937.65,9826.04,0,0,0,0,0,0,0.5,0,0,22.3434,23.0676,0.968607,0,0,0,0,48.3203,27.3281,1.00781,0,0,0,0,0,0,3,0,0,0,11.0945,282,11.0945,7.6892
294,260,8289.22,6105.34,8338.9,5,17,3911.03,9875.37,0,0,0,0,0,0,0.5,0,0,24.3107,25.2812,0.961613,0,0,0,0,37.7598,7.67969,13.1035,0,0,0,0,0,0,2,0,0,0,9.59234,200.5,12.6406,12.6406
295,260,8289.22,6105.34,8338.9,2,17,3911.03,9920.18,0,0,0,0,0,0,0.25,0,0,67.9045,70.0912,0.968803,0,0,0,0,46.9121,142.976,10.1035,0,0,0,0,0,0,2,0,0,0,8.57469,168,32.9183,35.0456
296,262,8319.1,5926.08,8334,2,17,3986.57,9882,0,0,0,0,0,0,0.25,0,0,18.1048,22.4532,0.806336,0,0,0,0,16.8965,36.0962,3.74414,0,0,0,0,0,0,1,0,0,0,10.8251,270,11.6281,22.4532
297,262,8319.1,5926.08,8334,2,17,3986.57,9908.06,0,0,0,0,0,0,0.25,0,0,48.1055,48.5115,0.991632,0,0,0,0,12.2871,100.096,9.00781,0,0,0,0,0,0,1,0,0,0,2.73058,226,45.7809,48.5115
298,264,8050.43,6077.7,8346.11,2,17,4082.2,9851.5,81.5182,124.274,120.829,131.134,140.832,98.106,1.25,0.25,0.25,31.7741,34.5088,0.920756,59.5711,64.6088,195.647,220.107,32.4482,13.0562,19.1045,230.616,266.297,195.647,220.107,2,1,2,6,2,1,12.1986,232.5,12.3654,17.2544
299,264,8050.43,6077.7,8346.11,2,17,4082.2,10075.8,0,0,0,0,0,0,0.625,0,0,223.767,258.851,0.864466,0,0,0,0,332.983,102.048,110.896,0,0,0,0,0,0,9,0,0,0,15.5643,83.5556,27.842,28.7612
300,265,8143,5899,8379,5,17,4135.17,10005.7,62.7128,58.7711,131.91,117.914,165.083,174.726,0.25,0.25,0.25,107.576,114.411,0.94026,7.84556,9.81589,13.0638,13.5517,44.8062,159.416,49.0752,7.84556,9.81589,13.0638,13.5517,1,1,7,8,1,2,9.18848,60.5714,16.3444,16.3444
301,265,8143,5899,8379,2,17,4135.17,10050.5,0,0,0,0,0,0,0.25,0,0,149.46,159.222,0.938685,0,0,0,0,203.032,33.4639,78.2109,0,0,0,0,0,0,4,0,0,0,21.5277,54.75,39.1542,39.8056
302,273,7683.01,6147.9,8288.11,5,17,4268.47,10092.5,37.0993,16.205,171.272,127.343,137.09,113.775,1.75,1.375,0.25,38.8025,39.383,0.985261,59.6524,63.4281,72.5644,80.7926,13.8877,7.61572,24.5605,59.6524,63.4281,72.5644,80.7926,1,1,2,2,2,3,14.7307,108,19.6915,19.6915
303,273,7683.01,6147.9,8288.11,2,17,4268.47,10344.6,0,0,0,0,0,0,0.25,0,0,269.724,291.449,0.925461,0,0,0,0,451.008,444.096,30.6797,0,0,0,0,0,0,18,0,0,0,11.0656,53.8333,16.0875,16.1916
304,278,7752,6147,8321,2,17,4237.4,9976.01,0,0,0,0,0,0,1,0,0,40.997,52.599,0.779425,0,0,0,0,78.9761,54.0078,6.14258,0,0,0,0,0,0,5,0,0,0,6.26571,163.6,10.0728,10.5198
305,278,7752,6147,8321,2,17,4237.4,10195.4,63.8567,21.6183,145.938,163.706,93.0788,174.186,0.25,2.25,0.25,254.926,272.037,0.937101,15.9499,31.7373,96.3155,107.53,548.594,274,10.6348,15.9499,31.7373,96.3155,107.53,1,1,18,7,1,5,9.36942,62.6667,15.0804,15.1132
306,283,8403.65,6021.31,8331.01,2,18,3881.4,9920.26,0,0,0,0,0,0,1.25,0,0,28.7716,34.131,0.842976,0,0,0,0,8.12793,17.856,18.9922,0,0,0,0,0,0,4,0,0,0,6.744,244.5,8.55361,8.53275
307,283,8403.65,6021.31,8331.01,2,18,3881.4,9955.7,46.3116,18.7739,128.288,165.698,167.524,171.088,0.25,0.25,0.25,68.2463,69.5669,0.981017,48.3841,51.3885,145.563,156.004,144.513,13.2798,23.1045,538.385,624.514,145.563,156.004,4,1,3,2,0,6,11.6516,258,13.2869,23.189
308,286,8518.66,5944.32,8338,5,18,3861.18,9876.65,129.033,154.639,145.691,174.995,78.6996,28.9217,1.375,1.25,0.25,8.04526,8.06589,0.997443,30.4022,32.1388,231.511,316.201,12.2246,2.62402,4.1123,944.278,1048.42,231.511,316.201,5,1,1,1,2,7,8.06589,233,8.06589,8.06589
309,286,8518.66,5944.32,8338,2,18,3861.18,9922.85,70.2117,58.1972,149.083,169.413,140.55,131.855,0.25,0.875,0.25,52.8912,54.2707,0.974581,28.0575,29.346,201.905,212.549,74.624,89.2158,15.1035,6315.47,7255.32,201.905,212.549,56,1,3,1,3,11,12.584,266.333,16.3821,18.0902
310,288,8349.44,5825.09,8311.66,2,18,4013.11,10159.5,0,0,0,0,0,0,1,0,0,88.4256,122.627,0.721096,0,0,0,0,187.457,82.8799,13.3281,0,0,0,0,0,0,4,0,0,0,14.605,241,16.9021,30.6567
311,288,8349.44,5825.09,8311.66,2,18,4013.11,10144.3,0,0,0,0,0,0,1,0,0,102.659,107.495,0.955018,0,0,0,0,120.448,40.5762,57.6641,0,0,0,0,0,0,5,0,0,0,12.6259,174.2,17.1472,21.4989
312,290,8483.33,6001.66,8328.99,2,18,3843.95,9820.34,0,0,0,0,0,0,0.625,0,0,20.7669,21.3228,0.973929,0,0,0,0,9.79199,17.3438,13.0078,0,0,0,0,0,0,1,0,0,0,4.78845,183,16.5343,21.3228
313,290,8483.33,6001.66,8328.99,2,18,3843.95,9883.71,0,0,0,0,0,0,0.25,0,0,80.2176,84.6932,0.947155,0,0,0,0,39.6797,154.368,30.0156,0,0,0,0,0,0,3,0,0,0,17.1874,143,25.0808,28.2311
314,292,8330.88,5987.01,8320.9,2,18,3938.27,9847.5,114.507,105.707,69.2424,86.317,158.99,124.008,0.25,0.25,0.25,36.3852,40.6767,0.894497,5.59849,5.5986,102.942,105.834,25.0244,17.5361,23.2158,33.559,34.2421,102.942,105.834,2,1,1,3,0,6,18.8181,276,18.8181,40.6767
315,292,8330.88,5987.01,8320.9,5,18,3938.27,10035.2,0,0,0,0,0,0,0.25,0,0,219.184,228.326,0.959961,0,0,0,0,394.88,64,94.1113,0,0,0,0,0,0,5,0,0,0,34.5849,134.2,45.6651,45.6651
316,298,8017.98,6075.01,8327.01,5,18,4094.31,9916.11,31.7775,50.5715,152.016,152.954,159.655,154.451,0.25,0.25,1.5,59.5711,64.6088,0.922027,36.3652,38.1898,134.68,163.499,115.52,79.2964,5.96875,36.3652,38.1898,134.68,163.499,1,1,2,9,1,7,25.0626,234.5,32.3044,32.3044
317,298,8017.98,6075.01,8327.01,2,18,4094.31,10071.6,0,0,0,0,0,0,0.25,0,0,195.647,220.107,0.888873,0,0,0,0,28.7837,391.04,56,0,0,0,0,0,0,1,0,0,0,95.9362,95,124.171,220.107
318,300,8187.58,5739.58,8428,2,18,4224.03,10015.5,0,0,0,0,0,0,0.25,0,0,7.84556,9.81589,0.799272,0,0,0,0,17.4082,3.58398,2.94434,0,0,0,0,0,0,1,0,0,0,9.81589,23,18.397,9.81589
319,300,8187.58,5739.58,8428,5,18,4224.03,10019.2,0,0,0,0,0,0,0.25,0,0,13.0638,13.5517,0.963999,0,0,0,0,7.42383,21.5679,4.99219,0,0,0,0,0,0,2,0,0,0,11.6838,19.5,15.9744,6.77584
320,302,7669.12,6141.31,8263.55,2,18,4268.76,10155.9,0,0,0,0,0,0,1.375,0,0,59.6524,63.4281,0.940473,0,0,0,0,63.104,38.6558,32.5439,0,0,0,0,0,0,2,0,0,0,15.0408,60,44.2287,31.7141
321,302,7669.12,6141.31,8263.55,5,18,4268.76,10173.3,0,0,0,0,0,0,0.25,0,0,72.5644,80.7926,0.898156,0,0,0,0,133.12,79.6802,20.5439,0,0,0,0,0,0,3,0,0,0,34.4624,64,37.7696,26.9309
322,305,7204,6421,8326,2,18,4529.88,10227.2,0,0,0,0,0,0,2.25,0,0,15.9499,31.7373,0.502561,0,0,0,0,28.4458,25.9761,6.24414,0,0,0,0,0,0,1,0,0,0,9.73439,30,9.73439,31.7373
323,305,7204,6421,8326,5,18,4529.88,10303,0,0,0,0,0,0,0.25,0,0,96.3155,107.53,0.895707,0,0,0,0,210.976,83.3071,13.2363,0,0,0,0,0,0,5,0,0,0,11.0273,16,21.506,21.506
324,307,8259.14,6009.98,8354.11,2,19,3988.93,10007.1,114.157,115.71,165.542,159.688,80.2944,44.0365,0.25,0.25,0.25,48.3841,51.3885,0.941534,18.038,18.9809,147.799,196.037,116.48,21.6318,8.1123,360.241,396.07,147.799,196.037,3,1,0,1,1,6,0,0,0,0
325,307,8259.14,6009.98,8354.11,5,19,3988.93,10111.7,0,0,0,0,0,0,0.25,0,0,145.563,156.004,0.933073,0,0,0,0,243.851,49.3091,65.8945,0,0,0,0,0,0,6,0,0,0,20.1318,112.333,26.0006,26.0006
326,308,8506.43,5941.7,8342.11,2,19,3872.1,9908.78,94.2789,73.2801,164.225,163.256,77.6901,122.448,1.25,0.5,1,30.4022,32.1388,0.945965,33.6971,34.6896,243.666,303.667,55.1035,13.6958,13.2158,703.907,747.303,243.666,303.667,4,1,2,3,2,14,17.5641,231.5,17.5641,16.0694
327,308,8506.43,5941.7,8342.11,2,19,3872.1,10192.8,0,0,0,0,0,0,0.25,0,0,231.511,316.201,0.732162,0,0,0,0,580.544,202.4,37.8877,0,0,0,0,0,0,7,0,0,0,25.8843,114.714,45.6744,45.1716
328,309,8444.03,5855.1,8322.9,2,19,3946.68,9952.2,91.0731,79.6741,111.533,108.193,156.47,172.023,0.875,0.25,1,28.0575,29.346,0.956094,30.5909,32.156,13.6791,14.2503,30.3359,53.7598,5.9043,6080.23,6991.55,251.453,280.825,54,2,3,4,2,2,6.23897,270.333,8.00419,9.782
329,309,8444.03,5855.1,8322.9,5,19,3946.68,10135.4,0,0,0,0,0,0,0.25,0,0,201.905,212.549,0.949923,0,0,0,0,492.032,37.9839,19.1035,0,0,0,0,0,0,11,0,0,0,11.7605,164.909,19.3227,19.3227
330,314,8355.9,5998.02,8344.11,2,19,3930.48,9853.1,144.064,127.731,96.5641,93.7054,63.8822,80.7882,0.25,0.75,0.25,5.59849,5.5986,0.999981,9.44591,9.58178,18.5147,19.0617,3.71191,0.12793,3.55176,9.44591,9.58178,18.5147,19.0617,1,1,0,5,0,1,0,0,0,0
331,314,8355.9,5998.02,8344.11,5,19,3930.48,9953.34,0,0,0,0,0,0,0.25,0,0,102.942,105.834,0.972674,0,0,0,0,114.111,91.0083,54.8955,0,0,0,0,0,0,6,0,0,0,13.0058,151.167,17.6391,17.6391
332,316,7902.46,6154.3,8329.89,2,19,4134.46,9954.3,0,0,0,0,0,0,0.25,0,0,36.3652,38.1898,0.952222,0,0,0,0,33.4717,55.6797,15.1045,0,0,0,0,0,0,1,0,0,0,38.1898,222,52.6734,38.1898
333,316,7902.46,6154.3,8329.89,5,19,4134.46,10079.6,0,0,0,0,0,0,1.5,0,0,134.68,163.499,0.823736,0,0,0,0,184.447,79.168,70.6279,0,0,0,0,0,0,7,0,0,0,23.0577,161.429,30.8817,23.3569
334,324,8142.66,5988.35,8346,2,20,4068.91,10026.1,105.666,85.1983,127.65,123.323,126.607,151.186,0.25,0.25,0.25,18.038,18.9809,0.950326,25.0706,26.3234,290.192,324.123,37.6318,22.4639,2.1123,77.0816,79.289,290.192,324.123,2,1,1,6,1,14,8.61274,252,8.61274,18.9809
335,324,8142.66,5988.35,8346,2,20,4068.91,10203.1,0,0,0,0,0,0,0.25,0,0,147.799,196.037,0.753935,0,0,0,0,286.336,194.976,33.2793,0,0,0,0,0,0,6,0,0,0,17.3903,243.5,31.4256,32.6728
336,326,8451.33,5929.98,8355.33,2,20,3918.32,9943.47,45.3008,54.7301,155.702,153.233,150.016,149.992,0.5,0.25,0.25,33.6971,34.6896,0.971392,51.6157,54.8259,156.986,170.355,57.9844,6.08008,15.5684,564.84,597.085,156.986,170.355,3,1,2,7,3,3,8.40932,202,8.40932,17.3448
337,326,8451.33,5929.98,8355.33,2,20,3918.32,10212.5,0,0,0,0,0,0,1,0,0,243.666,303.667,0.80241,0,0,0,0,183.775,342.976,115.969,0,0,0,0,0,0,14,0,0,0,10.3277,103.357,21.2662,21.6905
338,328,8413.7,5801.34,8316.99,2,20,3992.28,9966.45,89.8434,87.899,100.994,96.4531,167.934,175.483,1,1.25,0.25,13.6791,14.2503,0.959917,101.267,118.897,136.507,147.678,19.0078,25.0244,1.98438,101.267,118.897,136.507,147.678,1,1,2,11,3,6,4.52597,240.5,4.52597,7.12517
339,328,8413.7,5801.34,8316.99,5,20,3992.28,9984.35,73.4742,75.6754,149.297,163.518,136.983,120.581,0.25,0.25,0.375,30.5909,32.156,0.951328,45.7757,45.9246,28.1289,31.5736,44.6074,48.3203,5.66406,6067.28,6973.75,28.1289,31.5736,53,1,2,11,3,2,14.8369,217,16.078,16.078
340,330,8352.19,5997.89,8347.66,2,20,3934.85,9862.68,0,0,0,0,0,0,0.75,0,0,9.44591,9.58178,0.985819,0,0,0,0,6.20801,8.896,5.66406,0,0,0,0,0,0,0,0,0,0,0,0,0,0
341,330,8352.19,5997.89,8347.66,5,20,3934.85,9872.16,0,0,0,0,0,0,0.25,0,0,18.5147,19.0617,0.971303,0,0,0,0,15.6797,2.55957,11.7598,0,0,0,0,0,0,1,0,0,0,19.0617,215,19.0617,19.0617
342,334,8105.02,5965.89,8343.89,2,21,4103.64,10052.4,122.693,123.105,92.189,59.654,145.11,177.24,0.25,0.25,0.25,25.0706,26.3234,0.952408,7.20717,7.63332,44.8038,45.3323,7.48828,53.312,4,7.20717,7.63332,44.8038,45.3323,1,1,1,6,1,2,23.6317,202,23.6317,26.3234
343,334,8105.02,5965.89,8343.89,2,21,4103.64,10350.2,0,0,0,0,0,0,0.25,0,0,290.192,324.123,0.895312,0,0,0,0,700.992,61.0562,17.0205,0,0,0,0,0,0,14,0,0,0,12.0557,97.7857,22.6004,23.1517
344,336,8393.34,5935.23,8370.9,5,21,3958.41,9998.3,104.579,97.2846,154.252,142.452,101.008,47.0179,0.25,0.25,0.25,51.6157,54.8259,0.941447,31.3066,32.5365,280.099,299.351,102.144,24.7681,20.7842,264.432,275.445,280.099,299.351,2,1,3,14,2,10,10.5136,211.667,18.2753,18.2753
345,336,8393.34,5935.23,8370.9,2,21,3958.41,10113.8,0,0,0,0,0,0,0.25,0,0,156.986,170.355,0.921522,0,0,0,0,122.288,34.3423,100.104,0,0,0,0,0,0,3,0,0,0,16.0799,82.6667,53.9109,56.7849
346,338,8394.69,5776.32,8315.01,5,21,4016.93,10085.3,0,0,0,0,0,0,1.25,0,0,101.267,118.897,0.851716,0,0,0,0,89.2793,82.3037,55.0078,0,0,0,0,0,0,3,0,0,0,33.3769,143,39.6324,39.6324
347,338,8394.69,5776.32,8315.01,5,21,4016.93,10114.1,0,0,0,0,0,0,0.25,0,0,136.507,147.678,0.92436,0,0,0,0,206.656,240.32,4.15625,0,0,0,0,0,0,6,0,0,0,18.7385,106.333,24.6129,24.6129
348,339,8458.3,5753.02,8311.33,5,21,3992.15,10015.9,0,0,0,0,0,0,0.375,0,0,28.1289,31.5736,0.890898,0,0,0,0,49.7285,10.9438,12.3203,0,0,0,0,0,0,3,0,0,0,15.5062,205.333,16.8949,10.5245
349,339,8458.3,5753.02,8311.33,5,21,3992.15,10030.3,66.4732,43.0643,151.01,157.535,138.68,139.101,0.25,2,0.5,45.7757,45.9246,0.996758,9.49991,9.64383,138.544,158.327,42.6885,86.7197,6.65625,5665.01,6500.66,504.543,595.132,51,2,2,0,2,9,13.1363,179.5,32.5178,22.9623
350,342,8102.34,5912.58,8347.89,5,22,4136.12,10060,0,0,0,0,0,0,0.25,0,0,7.20717,7.63332,0.944173,0,0,0,0,12.3521,8.44775,2.1123,0,0,0,0,0,0,1,0,0,0,7.63332,192,7.63332,7.63332
351,342,8102.34,5912.58,8347.89,5,22,4136.12,10097.7,0,0,0,0,0,0,0.25,0,0,44.8038,45.3323,0.988341,0,0,0,0,5.42383,95.5522,6.1123,0,0,0,0,0,0,2,0,0,0,19.6238,123,22.6662,22.6662
352,344,8291.2,5953.66,8350.11,2,22,3997.46,10030.8,68.359,37.8143,140.806,167.719,150.834,129.942,0.25,0.25,0.25,31.3066,32.5365,0.9622,95.9022,101.02,137.223,141.888,65.8564,33.9839,7.10449,95.9022,101.02,137.223,141.888,1,1,2,3,4,5,12.4902,251,24.1327,16.2682
353,344,8291.2,5953.66,8350.11,5,22,3997.46,10297.7,0,0,0,0,0,0,0.25,0,0,280.099,299.351,0.93569,0,0,0,0,344.832,492.672,40.1123,0,0,0,0,0,0,10,0,0,0,22.2765,124.6,33.5126,29.9351
354,349,8500.99,5666.3,8304.67,5,22,4017.21,10039.9,157.579,139.468,58.4857,55.4578,143.924,155.806,2,0.75,0.25,9.49991,9.64383,0.985077,14.9279,15.8119,57.2229,60.1887,5.82422,9.21631,5.23145,5613.21,6446.64,57.2229,60.1887,50,1,2,1,2,5,9.64383,149,27.7842,4.82191
355,349,8500.99,5666.3,8304.67,2,22,4017.21,10188.6,65.0684,23.8636,159.3,157.965,134.599,176.472,0.5,0.25,0.25,138.544,158.327,0.875049,160.253,201.862,205.746,234.943,307.552,130.522,9,160.253,201.862,205.746,234.943,1,1,9,1,10,11,9.57637,103.222,22.1338,17.5919
356,352,8225.34,5919.68,8343.01,5,23,4052.49,10131.9,0,0,0,0,0,0,0.25,0,0,95.9022,101.02,0.949339,0,0,0,0,222.336,59.7124,17.0078,0,0,0,0,0,0,4,0,0,0,14.3324,165.75,25.255,25.255
357,352,8225.34,5919.68,8343.01,5,23,4052.49,10172.7,0,0,0,0,0,0,0.25,0,0,137.223,141.888,0.967119,0,0,0,0,295.36,119.296,20,0,0,0,0,0,0,5,0,0,0,16.1157,203,28.3777,28.3777
358,354,8506.69,5657.09,8299.44,5,23,4016.84,10055.7,59.4384,56.2294,159.955,170.91,131.447,119.553,0.75,1.25,1.75,14.9279,15.8119,0.944096,45.3627,46.3509,71.475,75.6453,3.26367,23.4883,6.54395,5468.52,6288.66,246.607,264.172,45,5,2,9,4,3,12.7278,149,12.7278,7.90594
359,354,8506.69,5657.09,8299.44,2,23,4016.84,10100.1,0,0,0,0,0,0,0.25,0,0,57.2229,60.1887,0.950726,0,0,0,0,63.2959,106.112,5.62793,0,0,0,0,0,0,5,0,0,0,8.33702,117.2,11.0876,12.0377
360,355,8806,5536,8309,5,23,3944,10390.5,0,0,0,0,0,0,0.25,0,0,160.253,201.862,0.793874,0,0,0,0,416.016,88,10.0156,0,0,0,0,0,0,10,0,0,0,12.0807,54.1,20.1862,20.1862
361,355,8806,5536,8309,2,23,3944,10423.5,0,0,0,0,0,0,0.25,0,0,205.746,234.943,0.875726,0,0,0,0,438.992,201.984,39.1611,0,0,0,0,0,0,11,0,0,0,12.2436,39.4545,20.9612,21.3584
362,358,8509.31,5680.58,8292.9,2,24,3997.21,10102.1,141.574,148.644,132.716,171.496,38.0811,32.4159,1.25,0.5,2,45.3627,46.3509,0.978678,34.1136,38.5564,82.3893,89.085,4.75195,78.6558,17.2324,4626.59,5227.63,913.063,1142.31,38,7,4,5,4,1,10.2814,151.75,14.8474,11.5877
363,358,8509.31,5680.58,8292.9,2,24,3997.21,10131.4,160.55,79.133,113.541,142.368,85.8259,137.821,1.75,1.5,0.25,71.475,75.6453,0.94487,21.6301,26.0181,13.9755,16.8013,11.5312,48.3687,44.6553,182.786,197.743,13.9755,16.8013,4,1,3,5,1,1,27.4818,172,28.4725,25.2151
364,362,8505.98,5759.23,8275.66,5,25,3941.35,10140.6,131.911,105.36,165.83,173.104,59.8171,81.4922,0.5,0.75,1.25,34.1136,38.5564,0.884771,183.775,225.131,98.3232,163.439,17.9844,66.752,8.65625,4442.25,4953.74,432.329,623.908,36,2,4,3,4,6,8.12521,130.5,9.6391,9.6391
365,362,8505.98,5759.23,8275.66,2,25,3941.35,10191.2,21.5464,143.553,116.213,67.7866,133.898,148.656,2,1.75,2.125,82.3893,89.085,0.92484,69.0073,139.21,65.8746,105.653,43.2402,69.7441,48.3359,833.807,1086.78,65.8746,105.653,6,1,1,3,3,3,48.6226,185,48.6226,89.085
366,363,8503.68,5726.91,8337.55,5,25,3997.2,10148.2,0,0,0,0,0,0,0.25,0,0,13.9755,16.8013,0.831811,0,0,0,0,2.30469,30.0801,3.18359,0,0,0,0,0,0,1,0,0,0,16.8013,193,16.8013,16.8013
367,363,8503.68,5726.91,8337.55,2,25,3997.2,10157.4,127.526,97.7005,103.417,99.2845,127.397,144.372,1.5,0.25,0.25,21.6301,26.0181,0.831347,104.559,106.279,67.9524,73.3359,2.04785,6.08008,15.4717,197.763,204.668,67.9524,73.3359,3,1,1,4,2,1,23.5976,147,23.5976,26.0181
368,364,8494.98,5825.98,8267.01,2,26,3902.67,10304.1,72.2782,96.5426,122.607,109.187,157.566,152.105,1.25,0.5,0.5,98.3232,163.439,0.601588,53.8222,117.412,280.183,343.056,255.024,49.3408,23.6123,53.8222,117.412,280.183,343.056,1,1,4,1,2,8,14.4392,91.25,41.3129,40.8598
369,364,8494.98,5825.98,8267.01,2,26,3902.67,10365.8,158.834,146.859,162.686,125.261,4.83321,23.0847,0.75,2.5,1.75,183.775,225.131,0.8163,133.778,170.91,41.1292,44.1723,104.147,349.016,59.2207,4351.12,4855.35,41.1292,44.1723,35,1,6,1,1,0,13.1577,42.5,40.3659,37.5219
370,365,8547,5691,8324,2,26,3987.52,10296.8,0,0,0,0,0,0,2.125,0,0,65.8746,105.653,0.6235,0,0,0,0,15.2021,101.248,37.876,0,0,0,0,0,0,3,0,0,0,13.8724,112.333,20.7412,35.2177
371,365,8547,5691,8324,2,26,3987.52,10330.4,132.829,155.378,132.475,146.607,3.25922,57.3082,1.75,1,0.25,69.0073,139.21,0.495708,44.0796,69.8413,219.984,252.847,73.7988,133.582,26.4756,588.895,764.568,219.984,252.847,5,1,3,1,5,7,10.7262,166.667,14.4495,46.4032
372,367,8502.91,5729.02,8351.89,5,26,4004.53,10230.7,0,0,0,0,0,0,0.25,0,0,67.9524,73.3359,0.926591,0,0,0,0,28.9912,21.6318,44.1123,0,0,0,0,0,0,2,0,0,0,36.6679,61,36.6679,36.6679
373,367,8502.91,5729.02,8351.89,2,26,4004.53,10263.7,50.4419,27.9011,175.461,167.518,134.086,140.677,0.25,0.25,0.25,104.559,106.279,0.983816,59.0613,60.614,5.21872,6.30235,18.7197,226.624,3.16016,147.047,152.701,5.21872,6.30235,2,1,1,4,0,0,97.6606,214,97.6606,106.279
374,368,8750,5830,8271,2,27,3762.44,10421.5,0,0,0,0,0,0,0.5,0,0,53.8222,117.412,0.458404,0,0,0,0,48.2402,99.5059,21.001,0,0,0,0,0,0,2,0,0,0,36.9875,43,37.1701,58.7061
375,368,8750,5830,8271,5,27,3762.44,10647.1,0,0,0,0,0,0,0.5,0,0,280.183,343.056,0.816727,0,0,0,0,563.128,279.442,81.9307,0,0,0,0,0,0,8,0,0,0,37.2517,35.75,42.882,42.882
376,369,8393,6175,8216,5,27,3738.54,10409.9,0,0,0,0,0,0,1.75,0,0,41.1292,44.1723,0.931107,0,0,0,0,40.7754,68.0869,14.8164,0,0,0,0,0,0,1,0,0,0,44.1723,12,44.1723,44.1723
377,369,8393,6175,8216,2,27,3738.54,10536.7,129.359,112.247,140.195,139.216,66.1131,63.0786,2.5,2.5,1,133.778,170.91,0.782739,2.97175,4.45105,36.3219,41.3128,62.457,94.688,82.4053,3508.28,3880.28,748.353,849.923,28,7,0,3,0,3,0,0,0,0
378,371,8620.44,5824.58,8338.69,2,27,3874.8,10400.2,78.6974,160.431,124.784,112.034,74.0628,79.4639,1,2.75,0.25,44.0796,69.8413,0.63114,34.7932,61.6839,339.979,449.418,76.5732,46.6831,18.7617,239.63,306.993,339.979,449.418,4,1,5,2,2,12,8.16755,171,9.22053,13.9683
379,371,8620.44,5824.58,8338.69,5,27,3874.8,10583.2,0,0,0,0,0,0,0.25,0,0,219.984,252.847,0.870028,0,0,0,0,384.406,99.5898,97.5469,0,0,0,0,0,0,7,0,0,0,29.5986,120.429,36.121,36.121
380,373,8484.99,5955.65,8354.67,2,27,3883.94,10270,0,0,0,0,0,0,0.25,0,0,5.21872,6.30235,0.828059,0,0,0,0,8,8.38428,1.42383,0,0,0,0,0,0,0,0,0,0,0,0,0,0
381,373,8484.99,5955.65,8354.67,2,27,3883.94,10324.3,89.0542,82.8485,99.6722,116.406,171.226,160.738,0.25,0.25,0.25,59.0613,60.614,0.974383,21.1629,23.584,66.8223,68.5027,38,122.688,8.56348,21.1629,23.584,66.8223,68.5027,1,1,0,2,0,2,0,0,0,0
382,377,8339.58,6244.22,8298.08,2,28,3784.35,10541.1,154.587,160.813,28.4394,51.1708,148.996,124.5,2.5,1.25,1.5,2.97175,4.45105,0.667652,32.5746,35.1101,12.5021,12.7743,5.56836,3.77588,1.42383,1922.58,2144.22,1627.81,1779.49,17,11,0,5,1,4,0,0,0,0
383,377,8339.58,6244.22,8298.08,2,28,3784.35,10578,38.4038,15.7815,140.861,158.345,165.426,170.513,1,0.25,0.25,36.3219,41.3128,0.879193,14.8989,16.1578,168.183,183.614,17.5039,81.0879,6.18457,506.25,571.696,388.863,436.685,5,2,3,5,1,6,7.96907,114.667,12.0008,13.7709
384,378,8695,5871,8322,2,28,3796.87,10461.9,136.356,163.254,0,32.4826,136.358,155.926,2.75,0.25,0.75,34.7932,61.6839,0.564057,9.60389,11.6455,55.5605,83.6824,15.9512,53.5273,24.1621,158.88,173.272,55.5605,83.6824,3,1,2,7,1,2,19.0549,125,20.4814,30.8419
385,378,8695,5871,8322,5,28,3796.87,10849.6,0,0,0,0,0,0,0.25,0,0,339.979,449.418,0.756487,0,0,0,0,281.769,674.968,38.8838,0,0,0,0,0,0,12,0,0,0,16.6715,62.5,37.4515,37.4515
386,381,8448.32,6078.34,8363.01,2,28,3842.75,10347.9,0,0,0,0,0,0,0.25,0,0,21.1629,23.584,0.897339,0,0,0,0,36.6719,34.688,4,0,0,0,0,0,0,0,0,0,0,0,0,0,0
387,381,8448.32,6078.34,8363.01,5,28,3842.75,10392.8,0,0,0,0,0,0,0.25,0,0,66.8223,68.5027,0.97547,0,0,0,0,84.2881,116.672,14.9922,0,0,0,0,0,0,2,0,0,0,33.8567,84,34.2514,34.2514
388,382,8334.02,6248,8298.75,2,29,3786.37,10553.9,157.027,26.2432,71.8502,31.1087,125.167,47.5308,1.5,0.25,0.25,12.5021,12.7743,0.978693,83.4253,85.6113,78.5883,188.801,2.94336,22.9121,5.36035,1390.1,1461.47,387.22,579.655,7,4,1,3,0,3,7.71465,68,7.71465,12.7743
389,382,8334.02,6248,8298.75,2,29,3786.37,10576.2,69.6305,62.4886,143.702,119.722,145.368,174.979,1.25,1.25,0.25,32.5746,35.1101,0.927785,28.4227,29.7479,15.7501,15.9502,16,68.9922,6.24023,1098.83,1199.19,835.35,955.621,10,7,4,3,1,3,7.37376,96.25,7.42505,8.77753
390,383,8323.01,6163.14,8300.9,2,29,3837.75,10594.2,43.6699,74.9932,138.646,99.1174,171.491,173.838,0.25,0.25,0.25,14.8989,16.1578,0.922085,67.4295,71.9417,81.1719,86.7739,3.45605,24.896,6.0791,250.811,292.119,389.142,422.135,3,2,1,2,2,3,10.778,172,10.778,16.1578
391,383,8323.01,6163.14,8300.9,2,29,3837.75,10761.6,49.7464,23.2448,147.776,163.24,140.252,158.632,0.25,0.75,0.25,168.183,183.614,0.915962,111.688,129.384,108.992,123.688,40.3848,372.136,6.80859,111.688,129.384,108.992,123.688,1,1,6,2,6,11,16.8863,216.833,30.2301,30.6023
392,384,8683.85,5923.89,8306.05,2,29,3761.91,10473.5,31.7648,57.5016,175.652,162.519,150.047,134.229,0.25,0.25,0.25,9.60389,11.6455,0.824683,168.744,195.101,47.7659,49.0523,7.47461,14.897,3.72168,270.254,307.675,47.7659,49.0523,2,1,1,12,1,6,9.36063,125,9.36063,11.6455
393,384,8683.85,5923.89,8306.05,2,29,3761.91,10545.6,0,0,0,0,0,0,0.75,0,0,55.5605,83.6824,0.663946,0,0,0,0,64.9805,102.415,16.2627,0,0,0,0,0,0,2,0,0,0,18.3936,115.5,28.207,41.8412
394,388,8334.02,6270.91,8304.11,2,30,3778.11,10639.5,68.6253,37.6245,155.241,165.27,136.125,157.1,0.25,0.25,0.25,83.4253,85.6113,0.974466,19.4306,19.7138,75.5719,77.6288,89.2168,166.592,3.72363,627.752,676.199,773.923,797.004,4,3,0,4,0,3,0,0,0,0
395,388,8334.02,6270.91,8304.11,2,30,3778.11,10742.7,47.8709,7.3891,160.995,155.981,150.227,160.884,0.25,0.25,0.25,78.5883,188.801,0.416249,37.3416,40.8092,83.5627,106.912,84.2617,146.92,43.8877,262.41,324.752,83.5627,106.912,3,1,3,4,3,2,25.148,83.6667,56.0075,62.9337
396,389,8340.99,6179.01,8304.99,5,30,3820.71,10592.2,107.748,87.9848,123.657,169.328,128.374,102.645,0.25,0.25,0.25,15.7501,15.9502,0.987459,29.1864,30.6412,209.489,251.265,4.35156,29.6958,5.00781,639.297,719.048,209.489,251.265,6,1,1,1,1,6,15.9501,164,15.9501,15.9502
397,389,8340.99,6179.01,8304.99,2,30,3820.71,10606,98.5121,53.858,164.35,172.36,95.432,119.197,1.25,0.25,0.25,28.4227,29.7479,0.955452,17.4137,18.1481,39.8131,45.9839,51.6484,36.3521,8,954.568,1050.13,173.068,183.441,7,3,3,1,1,1,5.70843,174,7.34759,9.91597
398,390,8326.02,6138.24,8306.98,2,30,3852.33,10680.9,66.5726,38.2531,126.622,160.977,165.751,156.629,0.25,0.5,0.25,81.1719,86.7739,0.935442,104.473,120.779,203.496,214.582,13.0127,128.24,36.8262,104.473,120.779,203.496,214.582,1,1,2,6,5,5,17.1324,265,33.5317,43.3869
399,390,8326.02,6138.24,8306.98,2,30,3852.33,10666.1,39.9172,34.7688,145.809,172.301,174.231,140.692,0.25,0.25,0.25,67.4295,71.9417,0.937279,27.0609,29.5333,105.457,137.575,154.016,41.2773,15.2324,104.985,112.136,105.457,137.575,2,1,3,6,3,5,7.0438,248.667,20.6847,23.9806
400,391,8309,5791,8305,5,30,4053.22,10891,0,0,0,0,0,0,0.75,0,0,111.688,129.384,0.863234,0,0,0,0,55.5518,168.984,51,0,0,0,0,0,0,6,0,0,0,18.5203,129.833,21.5639,21.5639
401,391,8309,5791,8305,2,30,4053.22,10885.3,0,0,0,0,0,0,0.25,0,0,108.992,123.688,0.881182,0,0,0,0,105.016,223,9,0,0,0,0,0,0,11,0,0,0,8.31166,107.091,10.9793,11.2444
402,392,8691.33,5908.99,8302.33,2,30,3764.47,10522.6,0,0,0,0,0,0,0.25,0,0,47.7659,49.0523,0.973774,0,0,0,0,111.68,38.9761,2.47266,0,0,0,0,0,0,1,0,0,0,13.236,79,35.8163,49.0523
403,392,8691.33,5908.99,8302.33,2,30,3764.47,10668.7,72.9543,31.7013,155.551,173.079,85.5836,143.307,0.25,0.25,0.25,168.744,195.101,0.864903,48.7632,53.1701,52.7471,59.4039,82.6719,349.992,11.4473,48.7632,53.1701,52.7471,59.4039,1,1,6,2,4,5,21.3412,108,27.8385,32.5169
404,394,8423.23,6104.32,8305.89,2,31,3809.91,10659.2,85.766,71.3669,167.854,169.84,106.103,118.55,0.25,0.25,0.25,19.4306,19.7138,0.985635,107.357,112.574,276.514,295.635,10.1113,41.9839,1.00781,439.164,473.423,276.514,295.635,3,1,0,3,4,10,0,0,0,0
405,394,8423.23,6104.32,8305.89,2,31,3809.91,10717.1,77.5075,54.6648,160.576,158.126,120.228,146.509,0.25,0.5,0.25,75.5719,77.6288,0.973503,25.972,26.9185,105.737,108.737,135.424,109.632,8,618.586,637.556,105.737,108.737,2,1,3,3,1,4,22.7956,160,24.9829,25.8763
406,395,8373,6193,8348,2,31,3819.16,10783.5,115.025,124.034,157.419,174.398,81.5784,50.3654,0.25,0.25,0.25,37.3416,40.8092,0.915027,70.7272,72.2235,6.55847,7.17103,36.6641,73.4482,4.07617,289.237,348.995,6.55847,7.17103,2,1,3,1,1,0,7.05539,137.333,10.3848,13.6031
407,395,8373,6193,8348,2,31,3819.16,10849.6,0,0,0,0,0,0,0.25,0,0,83.5627,106.912,0.781604,0,0,0,0,105.266,141.992,24.0127,0,0,0,0,0,0,2,0,0,0,10.107,126.5,10.107,53.4559
408,396,8345.34,6149.31,8310,2,31,3836.31,10622.8,34.9344,46.9081,168.382,137.444,156.353,174.109,0.25,0.25,0.25,29.1864,30.6412,0.952522,112.065,119.983,139.597,150.859,7.35938,58.3042,8,493.173,553.056,368.601,406.192,3,3,1,3,5,1,15.9501,164,15.9501,30.6412
409,396,8345.34,6149.31,8310,2,31,3836.31,10843.5,0,0,0,0,0,0,0.25,0,0,209.489,251.265,0.833737,0,0,0,0,517.632,67.4722,45.0078,0,0,0,0,0,0,6,0,0,0,26.732,68.6667,44.1251,41.8774
410,397,8289.34,6142.66,8312.99,5,31,3876.51,10624.1,56.3371,18.7329,154.802,172.974,148.669,157.062,0.25,0.25,0.25,17.4137,18.1481,0.959533,40.2881,49.1774,44.2609,45.6967,36.0322,18.8799,3.9043,708.28,794.015,313.424,332.843,4,3,1,2,1,3,14.7726,230,18.1481,18.1481
411,397,8289.34,6142.66,8312.99,2,31,3876.51,10652,67.7302,118.44,109.355,33.2523,174.699,151.122,0.25,0.25,0.75,39.8131,45.9839,0.865806,21.4626,22.7381,47.3406,47.9912,65.6641,37.4082,17.0078,107.377,112.204,47.3406,47.9912,2,1,1,2,1,5,38.4601,184,38.4601,45.9839
412,398,8328,6010,8343,2,31,3940.23,10801.7,0,0,0,0,0,0,0.5,0,0,104.473,120.779,0.864995,0,0,0,0,21.4277,106.912,62.9561,0,0,0,0,0,0,5,0,0,0,16.9155,175.2,18.3534,24.1558
413,398,8328,6010,8343,5,31,3940.23,10895.5,0,0,0,0,0,0,0.25,0,0,203.496,214.582,0.948339,0,0,0,0,120,435.984,11.9766,0,0,0,0,0,0,5,0,0,0,37.1734,172.2,42.9163,42.9163
414,399,8172,6097,8322,5,31,3979.83,10695.6,124.365,118.797,93.9021,68.5415,141.725,172.179,0.25,0.25,0.25,27.0609,29.5333,0.916285,5.53977,6.18195,72.3846,76.4206,51.4238,9.64014,10.8877,5.53977,6.18195,72.3846,76.4206,1,1,3,6,1,6,6.66751,258.333,9.84443,9.84443
415,399,8172,6097,8322,2,31,3979.83,10803.7,0,0,0,0,0,0,0.25,0,0,105.457,137.575,0.766545,0,0,0,0,204,93.3359,36.3701,0,0,0,0,0,0,5,0,0,0,13.7522,217.2,26.9997,27.515
416,403,8774,5559,8295,5,31,3936.61,10721.8,0,0,0,0,0,0,0.25,0,0,48.7632,53.1701,0.917117,0,0,0,0,34,96.9839,4.95215,0,0,0,0,0,0,4,0,0,0,7.76201,59.5,13.2925,13.2925
417,403,8774,5559,8295,2,31,3936.61,10728.1,0,0,0,0,0,0,0.25,0,0,52.7471,59.4039,0.88794,0,0,0,0,80.9756,69.188,14.0078,0,0,0,0,0,0,5,0,0,0,8.43224,58.8,9.77423,11.8808
418,404,8433.34,6062.34,8304.99,2,32,3825.97,10771.8,46.8624,20.8423,158.632,155.098,149.126,169.321,0.25,0.25,0.25,107.357,112.574,0.953658,109.459,121.402,223.98,246.877,90.6562,214.336,11.0078,217.287,235.375,223.98,246.877,2,1,4,3,4,15,12.239,235.25,24.7284,28.1435
419,404,8433.34,6062.34,8304.99,5,32,3825.97,10954.9,0,0,0,0,0,0,0.25,0,0,276.514,295.635,0.935321,0,0,0,0,424.309,385.705,89.7988,0,0,0,0,0,0,10,0,0,0,21.1344,91.1,29.5635,29.5635
420,405,8558.66,5994.69,8312.99,2,32,3794.88,10744.1,90.3172,30.3755,113.178,134.343,156.425,164.711,0.5,0.25,0.25,25.972,26.9185,0.964839,267.817,280.543,324.797,330.094,28.0322,50.0479,1.00781,267.817,280.543,324.797,330.094,1,1,1,3,7,11,9.89451,164,9.89451,26.9185
421,405,8558.66,5994.69,8312.99,5,32,3794.88,10825.9,0,0,0,0,0,0,0.25,0,0,105.737,108.737,0.972402,0,0,0,0,254.336,27.7119,20.9922,0,0,0,0,0,0,4,0,0,0,27.1844,109.5,27.1844,27.1844
422,406,8409.66,6119.55,8351.9,5,32,3837.28,10790.7,0,0,0,0,0,0,0.25,0,0,6.55847,7.17103,0.914578,0,0,0,0,13.6318,3.64795,2.19238,0,0,0,0,0,0,1,0,0,0,7.17103,161,7.17103,7.17103
423,406,8409.66,6119.55,8351.9,2,32,3837.28,10855.7,129.376,49.0204,174.622,176.688,52.7994,127.673,0.25,0.25,0.25,70.7272,72.2235,0.979283,109.359,121.88,109.151,154.891,54.3203,141.216,10.7842,109.359,121.88,109.151,154.891,1,1,0,2,4,6,0,0,0,0
424,408,8342.98,6091.01,8318,2,32,3873.09,10742.8,35.8258,18.4609,172.703,167.578,145.729,154.031,0.25,0.25,0.25,112.065,119.983,0.934009,69.8011,77.5445,51.0296,59.2892,161.024,191.008,12.6768,399.879,451.329,51.0296,59.2892,2,1,5,6,4,3,12.0766,248,22.5506,23.9966
425,408,8342.98,6091.01,8318,5,32,3873.09,10773.7,111.877,122.889,157.246,87.5408,90.3695,148.599,0.25,0.25,0.25,139.597,150.859,0.92535,40.0119,42.7657,10.933,11.0288,46.7686,244.672,53.3281,258.082,287.07,10.933,11.0288,2,1,1,6,1,3,10.1843,151,150.859,150.859
426,410,8253.31,6123.78,8316.9,2,32,3911.26,10673.3,87.2877,57.938,156.6,174.937,113.272,118.427,0.25,1.375,0.25,40.2881,49.1774,0.819241,29.0126,31.6687,95.0273,99.0726,82.3037,54.7837,6.78027,601.977,677.434,95.0273,99.0726,3,1,1,1,3,0,14.7726,230,18.1481,49.1774
427,410,8253.31,6123.78,8316.9,5,32,3911.26,10669.8,83.0137,88.3724,141.577,167.093,135.381,104.493,0.25,0.25,0.25,44.2609,45.6967,0.968579,56.4182,58.9775,132.511,145.114,54.5273,65.4717,16.207,193.07,201.01,132.511,145.114,2,1,3,1,2,2,17.6381,246.667,21.2816,15.2322
428,411,8223.68,6175.36,8330,2,32,3911.37,10674.7,88.8251,46.57,97.7995,146.332,171.108,159.584,0.25,0.25,0.25,21.4626,22.7381,0.943903,20.1085,20.8306,65.806,68.6354,26.752,40,1.8877,20.1085,20.8306,65.806,68.6354,1,1,1,5,2,2,9.09178,208,9.09178,22.7381
429,411,8223.68,6175.36,8330,5,32,3911.37,10700,0,0,0,0,0,0,0.75,0,0,47.3406,47.9912,0.986443,0,0,0,0,77.6958,5.50391,22.9922,0,0,0,0,0,0,5,0,0,0,6.62731,198.8,9.59823,9.59824
430,414,8120.58,6087.36,8332.89,2,32,4024.12,10701.8,0,0,0,0,0,0,0.25,0,0,5.53977,6.18195,0.89612,0,0,0,0,6.3999,10.3677,0.992188,0,0,0,0,0,0,1,0,0,0,6.18195,256,9.67007,6.18195
431,414,8120.58,6087.36,8332.89,2,32,4024.12,10772,0,0,0,0,0,0,0.25,0,0,72.3846,76.4206,0.947187,0,0,0,0,151.664,10.48,24.1045,0,0,0,0,0,0,6,0,0,0,7.51378,224.667,13.5257,12.7368
432,418,8524,5848,8316,2,33,3901.14,10893.2,103.68,83.0592,113.757,101.413,142.532,175.16,0.25,0.25,0.25,109.459,121.402,0.901622,10.092,10.4901,97.7355,103.482,183.467,166.016,10.2793,10.092,10.4901,97.7355,103.482,1,1,4,10,0,4,8.69959,207.75,13.9255,30.3506
433,418,8524,5848,8316,5,33,3901.14,11018.7,0,0,0,0,0,0,0.25,0,0,223.98,246.877,0.907252,0,0,0,0,217.062,396.992,53.3936,0,0,0,0,0,0,15,0,0,0,11.6327,113.267,16.4585,16.4585
434,420,8586.69,5944.64,8312.99,2,33,3807.64,11024.6,0,0,0,0,0,0,0.25,0,0,267.817,280.543,0.954637,0,0,0,0,651.327,184.096,7.80371,0,0,0,0,0,0,7,0,0,0,19.721,39.1429,39.7518,40.0776
435,420,8586.69,5944.64,8312.99,5,33,3807.64,11074.2,0,0,0,0,0,0,0.25,0,0,324.797,330.094,0.983953,0,0,0,0,509.312,517.632,8.55273,0,0,0,0,0,0,11,0,0,0,16.8596,73.6364,30.0086,30.0086
436,423,8463.98,5978.34,8362.17,2,33,3887.83,10977.6,0,0,0,0,0,0,0.25,0,0,109.359,121.88,0.897269,0,0,0,0,70.0312,215.328,20.9961,0,0,0,0,0,0,4,0,0,0,9.67628,136.25,27.013,30.47
437,423,8463.98,5978.34,8362.17,2,33,3887.83,11010.6,0,0,0,0,0,0,0.25,0,0,109.151,154.891,0.704693,0,0,0,0,78.96,137.137,55.2314,0,0,0,0,0,0,6,0,0,0,14.2434,102.833,18.4276,25.8152
438,424,8504,5900,8330,5,33,3890.3,10802.1,0,0,0,0,0,0,0.25,0,0,51.0296,59.2892,0.860688,0,0,0,0,29.5449,87.0078,19.2207,0,0,0,0,0,0,4,0,0,0,12.7106,249,14.8223,14.8223
439,424,8504,5900,8330,2,33,3890.3,10820.4,86.1452,36.8851,100.281,176.033,149.96,146.897,0.25,0.25,0.25,69.8011,77.5445,0.900142,60.4947,80.9149,269.583,292.869,69,131,11.4121,60.4947,80.9149,269.583,292.869,1,1,3,1,8,11,9.21189,236.667,14.6436,25.8482
440,425,8316.03,5846.34,8371.33,2,33,4054.5,10784.7,0,0,0,0,0,0,0.25,0,0,10.933,11.0288,0.991314,0,0,0,0,7.93555,16.3198,4.67188,0,0,0,0,0,0,1,0,0,0,10.1843,151,150.859,11.0288
441,425,8316.03,5846.34,8371.33,2,33,4054.5,10816.5,60.746,71.6365,108.742,154.136,167.129,133.82,0.25,0.25,0.25,40.0119,42.7657,0.935607,26.0593,28.0733,192.011,216.231,90.2402,15.9907,9.42383,26.0593,28.0733,192.011,216.231,1,1,3,1,0,9,14.7222,136,61.6138,14.2552
442,426,8171.01,6068.99,8320,2,33,3993.83,10705,57.9635,35.1876,136.743,149.224,165.265,171.188,1.375,1.25,0.375,29.0126,31.6687,0.916129,77.7267,87.5242,135.783,143.625,52.6719,40.3203,6,514.908,589.664,135.783,143.625,2,1,3,3,3,8,8.03795,264.667,9.7175,10.5562
443,426,8171.01,6068.99,8320,2,33,3993.83,10772.4,0,0,0,0,0,0,0.25,0,0,95.0273,99.0726,0.959168,0,0,0,0,23.2324,209.024,4.97266,0,0,0,0,0,0,0,0,0,0,0,0,0,0
444,427,8198.78,6058.3,8333.1,2,33,3989.14,10728.8,59.9651,59.828,144.343,151.628,155.326,147.499,0.25,1,0.375,56.4182,58.9775,0.956606,45.805,47.7656,90.8465,94.2672,90.8804,68.8643,19.2324,45.805,47.7656,90.8465,94.2672,1,1,2,1,2,4,23.369,263,27.1466,29.4887
445,427,8198.78,6058.3,8333.1,2,33,3989.14,10814.9,0,0,0,0,0,0,0.25,0,0,132.511,145.114,0.913153,0,0,0,0,172.224,238.272,13.4834,0,0,0,0,0,0,2,0,0,0,42.3235,260.5,57.38,72.557
446,428,8250.43,6135.36,8331.89,2,33,3915.78,10695.5,0,0,0,0,0,0,0.25,0,0,20.1085,20.8306,0.965335,0,0,0,0,6.84766,22.3359,11.1201,0,0,0,0,0,0,2,0,0,0,5.26238,220.5,7.76368,10.4153
447,428,8250.43,6135.36,8331.89,5,33,3915.78,10743.3,0,0,0,0,0,0,0.25,0,0,65.806,68.6354,0.958777,0,0,0,0,113.601,83.3921,17.1045,0,0,0,0,0,0,2,0,0,0,7.33059,225.5,34.3177,34.3177
448,432,8707.33,5681.98,8324.34,2,34,3908.01,10903.7,0,0,0,0,0,0,0.25,0,0,10.092,10.4901,0.962051,0,0,0,0,7.2959,12.9917,5.32812,0,0,0,0,0,0,0,0,0,0,0,0,0,0
449,432,8707.33,5681.98,8324.34,5,34,3908.01,10996.7,0,0,0,0,0,0,0.25,0,0,97.7355,103.482,0.944467,0,0,0,0,167.68,136.048,20,0,0,0,0,0,0,4,0,0,0,16.2029,65.75,25.8706,25.8706
450,439,8573,5769,8341,5,34,3935.47,10901.3,0,0,0,0,0,0,0.25,0,0,60.4947,80.9149,0.747634,0,0,0,0,51.2012,115.957,15.1309,0,0,0,0,0,0,8,0,0,0,8.23356,143.5,10.1144,10.1144
451,439,8573,5769,8341,5,34,3935.47,11113.2,0,0,0,0,0,0,0.25,0,0,269.583,292.869,0.920491,0,0,0,0,473.976,287.976,75.9131,0,0,0,0,0,0,11,0,0,0,14.4377,116.091,26.6245,26.6245
452,441,8225.79,5862.08,8379.34,2,34,4104.55,10844.5,0,0,0,0,0,0,0.25,0,0,26.0593,28.0733,0.928262,0,0,0,0,41.792,29.8877,8.73633,0,0,0,0,0,0,0,0,0,0,0,0,0,0
453,441,8225.79,5862.08,8379.34,5,34,4104.55,11032.7,0,0,0,0,0,0,0.25,0,0,192.011,216.231,0.887989,0,0,0,0,352.768,261.224,28.9619,0,0,0,0,0,0,9,0,0,0,16.0236,42.2222,24.0257,24.0257
454,442,8118.34,6028.67,8326,2,34,4052.04,10792.5,62.4643,23.0266,155.43,171.249,142.092,165.676,1.25,1.25,1,77.7267,87.5242,0.888059,174.488,205.409,262.693,296.73,167.336,33.9819,25.8467,174.488,205.409,262.693,296.73,1,1,3,0,12,18,18.5592,238.667,26.5608,29.1747
455,442,8118.34,6028.67,8326,2,34,4052.04,10848.6,0,0,0,0,0,0,0.375,0,0,135.783,143.625,0.945403,0,0,0,0,230.336,223.68,8.95215,0,0,0,0,0,0,8,0,0,0,8.79254,153.875,17.6267,17.9531
456,444,8107.9,5989.44,8352.34,2,34,4094.05,10776.6,0,0,0,0,0,0,1,0,0,45.805,47.7656,0.958953,0,0,0,0,73.9199,11.4561,21.6562,0,0,0,0,0,0,2,0,0,0,11.9829,162,22.2676,23.8828
457,444,8107.9,5989.44,8352.34,2,34,4094.05,10823.1,0,0,0,0,0,0,0.375,0,0,90.8465,94.2672,0.963713,0,0,0,0,58.1958,160.448,30.6562,0,0,0,0,0,0,4,0,0,0,8.81138,93.25,22.9819,23.5668
458,454,7951,6000,8301,5,35,4162.94,10997.9,0,0,0,0,0,0,1.25,0,0,174.488,205.409,0.849466,0,0,0,0,327,131.712,65,0,0,0,0,0,0,12,0,0,0,11.107,70.8333,17.1175,17.1175
459,454,7951,6000,8301,5,35,4162.94,11089.2,0,0,0,0,0,0,1,0,0,262.693,296.73,0.885291,0,0,0,0,624.767,80.0366,32.0078,0,0,0,0,0,0,18,0,0,0,8.94853,94.9444,16.485,16.485
